word,count,independent,bind,len,compound_entropy
开始,701,196,0.2432,2,5.2186
重生,334,120,0.3416,2,5.3918
我的,330,123,0.3077,2,1.5561
世界,263,34,0.2256,2,5.1029
开局,205,99,0.5,2,1.0702
我在,201,57,0.2,2,6.077
诸天,163,64,0.2338,2,4.6152
修仙,141,57,0.1912,2,3.7282
游戏,141,49,0.0769,2,5.1267
大明,134,72,0.2353,2,4.2231
这个,129,50,0.5714,2,5.5982
长生,124,47,0.2375,2,3.9087
系统,121,58,0.1186,2,4.8651
穿越,111,32,0.2353,2,4.5653
我真,98,3,0.5,2,1.0804
无限,97,29,0.15,2,4.6578
斗罗,96,50,0.5769,2,2.0618
重生之,96,53,0.3333,3,5.8282
人在,95,31,0.5,2,5.3456
人生,91,40,0.2581,2,3.903
时代,90,36,0.375,2,2.7339
的我,89,21,0.2125,2,4.5595
什么,84,20,0.3108,2,3.8003
成了,82,13,0.5063,2,3.3332
火影,81,41,0.325,2,2.5613
华娱,80,57,0.2895,2,3.1699
我是,80,37,0.4333,2,2.6602
不是,79,13,0.3288,2,3.1659
一个,78,20,0.2857,2,3.864
我有,78,18,0.6364,2,1.3722
超级,76,46,0.2632,2,3.3414
第一,75,21,0.1385,2,4.7466
三国,71,41,0.2308,2,3.4246
最强,65,27,0.3488,2,3.1364
木叶,64,35,0.4667,2,2.2864
开始的,63,27,0.1111,3,5.2906
东京,62,29,0.6061,2,2.2066
无敌,61,34,0.2162,2,4.1531
神话,60,30,0.1026,2,4.3435
怎么,59,8,0.2553,2,3.8601
我能,59,30,1.0,2,0.2285
明星,59,6,0.3571,2,2.7909
模拟,59,12,0.5714,2,2.6973
海贼,59,26,0.3684,2,2.9934
生活,59,13,0.3333,2,2.8567
科技,57,15,0.5,2,2.987
玩家,54,31,0.1304,2,4.0958
只想,53,10,0.5652,2,2.7315
天下,52,29,0.4375,2,2.2718
年代,52,21,0.2,2,2.3645
我只,52,1,0.8947,2,1.2629
我成,52,10,0.7692,2,1.047
美漫,52,22,0.381,2,2.5109
娱乐,51,17,0.4419,2,3.1093
巫师,49,34,0.2609,2,3.1596
我有一,49,10,0.3673,3,3.2429
直播,49,21,0.2683,2,3.4236
大佬,48,26,0.1087,2,3.6645
让你,48,23,0.625,2,1.6087
万界,47,30,0.2593,2,3.9627
全球,47,28,0.2308,2,3.4566
大唐,47,34,0.2727,2,3.1887
西游,47,23,0.4074,2,2.7529
霍格沃茨,47,13,0.4516,4,2.652
末世,45,29,0.3125,2,3.1248
洪荒,45,31,0.2917,2,3.1347
帝国,44,28,0.1389,2,3.9321
成为,43,13,0.2121,2,3.7738
界的,43,2,0.8605,2,0.8507
联盟,43,12,0.84,2,1.4951
异界,42,15,0.56,2,2.3517
学霸,40,15,0.4,2,3.0615
异世,40,5,0.6667,2,1.7352
我成了,40,28,0.5,3,0.8743
武道,40,12,0.129,2,3.889
游之,40,1,0.7,2,1.0054
之我,39,1,0.3333,2,3.1608
召唤,39,14,0.1622,2,4.2264
大师,39,21,0.7,2,1.7807
我不,39,7,0.4872,2,2.2051
巨星,38,18,0.4615,2,2.5074
漫威,38,12,0.5294,2,2.2916
老婆,38,16,0.4545,2,3.2079
进化,38,21,0.2059,2,3.1899
一人,37,8,0.7188,2,1.9098
世界的,37,15,0.1622,3,4.3038
传奇,37,19,0.1538,2,3.6645
红楼,37,29,0.2857,2,4.6378
聊天,37,1,0.9189,2,0.4804
崛起,36,20,0.5,2,4.4429
网游,36,8,0.8235,2,1.5715
职业,36,12,0.1562,2,3.9771
影帝,35,18,0.2353,2,3.5352
恋爱,35,11,0.3462,2,3.5559
真不,35,1,0.8571,2,0.9234
真的,35,4,0.6857,2,1.7567
领主,35,24,0.25,2,2.3301
不想,34,6,0.3824,2,3.2411
想当,34,4,0.3824,2,2.492
聊天群,34,19,0.3333,3,2.1258
英雄,34,9,0.5556,2,2.4287
魔法,34,11,0.3077,2,3.6645
反派,33,10,0.1923,2,3.8731
四合院,33,18,0.3158,3,2.4125
诡异,33,19,0.2143,2,3.2359
里的,33,7,0.2121,2,3.6122
日常,32,13,0.5,2,2.064
没有,32,10,0.16,2,4.1761
港综,32,16,0.5,2,1.6855
就是,31,6,0.4483,2,2.8863
都市,31,18,0.5,2,2.161
回到,30,14,0.5,2,4.1944
影视,30,10,0.5926,2,2.9934
我真不,30,1,1.0,3,0.7219
战锤,30,21,0.3636,2,2.1181
神豪,30,12,0.5455,2,2.3599
之主,29,21,1.0,2,4.6875
我家,29,14,0.5,2,4.2622
星空,29,8,0.8333,2,1.1863
生从,29,2,0.6552,2,1.2473
神级,29,18,0.5455,2,2.1997
精灵,29,15,0.2857,2,2.9477
美利坚,29,24,0.2727,3,2.9161
遮天,29,16,0.4545,2,1.6582
吞噬,28,3,0.7692,2,1.3788
导演,28,14,0.1538,2,3.2211
模拟器,28,19,0.25,3,4.0341
皇帝,28,16,0.1818,2,3.4183
网游之,28,21,0.1071,3,4.4947
降临,28,16,0.1818,2,2.9398
顶流,28,15,0.1579,2,3.9754
之王,27,23,1.0,2,4.72
人之,27,4,0.8519,2,0.9015
宇智波,27,12,0.2941,3,2.9495
成神,27,21,0.1538,2,3.7736
文娱,27,15,0.6364,2,1.4911
文豪,27,13,0.3333,2,1.9502
未来,27,19,0.1579,2,3.7736
武侠,27,8,0.4762,2,2.6379
签到,27,10,0.3636,2,3.1524
都是,27,15,0.1852,2,4.1488
面板,27,13,0.25,2,2.9219
龙族,27,21,0.625,2,1.3356
传说,26,19,0.5,2,4.4306
全能,26,13,0.25,2,2.8554
加点,26,9,0.3333,2,2.78
地球,26,11,0.25,2,3.0778
宇宙,26,16,0.2,2,3.7871
我只想,26,11,0.8571,3,1.2958
我被,26,14,0.8,2,1.4832
打造,26,10,0.3684,2,3.1157
末日,26,18,0.1429,2,3.3788
法师,26,14,0.2273,2,3.0851
科学,26,12,0.2632,2,3.5037
轮回,26,12,0.3333,2,3.0516
不死,25,7,0.5556,2,2.561
修行,25,9,0.2174,2,3.0958
全职,25,9,0.3333,2,3.7534
女友,25,10,0.5556,2,2.3943
归来,25,7,0.8824,2,0.9142
我以,25,12,0.16,2,3.8937
真是,25,3,0.64,2,2.0039
说好,25,15,1.0,2,3.9501
仙界,24,7,0.7222,2,1.0529
医生,24,14,0.25,2,2.7516
天赋,24,18,0.2667,2,3.4992
异世界,24,11,0.3158,3,2.9502
我真的,24,4,1.0,3,2.6341
日子,24,5,1.0,2,1.4154
是我,24,5,0.4167,2,2.519
真不是,24,2,0.9167,3,0.4972
一人之,23,2,1.0,3,0.8743
世之,23,4,0.2609,2,2.5832
之下,23,2,0.913,2,0.5132
什么鬼,23,16,1.0,3,0.4395
升级,23,6,0.3182,2,2.8074
完美,23,7,0.2174,2,3.2359
属性,23,8,0.2727,2,3.085
成仙,23,14,0.5,2,2.161
技能,23,6,0.1818,2,3.6169
来的,23,5,0.6522,2,1.8886
死神,23,13,0.3,2,2.5724
绝世,23,5,0.4444,2,2.1468
苟在,23,15,1.0,2,4.3158
高武,23,17,0.3636,2,1.8541
女帝,22,17,0.1875,2,3.0851
封神,22,14,0.2857,2,2.0919
我真不是,22,18,1.0,4,0.7642
星际,22,12,0.2857,2,2.2359
是大,22,1,0.3636,2,2.8408
有点,22,15,0.1364,2,4.0615
生了,22,2,0.9091,2,0.5304
男神,22,9,0.5,2,3.2664
真没,22,2,0.9524,2,0.2762
种田,22,12,0.2,2,3.2516
自己,22,7,0.5,2,2.5479
超人,22,18,0.1429,2,3.6645
路明,22,1,0.9545,2,0.2668
一人之下,21,17,1.0,4,1.2415
之神,21,12,0.5,2,2.5559
人间,21,13,0.125,2,3.5
剑仙,21,15,0.25,2,2.2516
十年,21,8,0.5556,2,2.1488
在东,21,1,0.9524,2,0.2762
成圣,21,5,0.6667,2,3.3826
时空,21,11,0.4,2,2.7396
联盟之,21,8,1.0,3,0.0
超凡,21,13,0.25,2,2.9477
超神,21,17,0.25,2,4.0958
路明非,21,7,0.6923,3,1.7899
主神,20,9,0.2222,2,3.3661
古代,20,11,0.4167,2,2.2842
吞噬星空,20,9,1.0,4,1.6438
大明星,20,10,0.4211,3,3.3931
她们,20,10,0.3,2,1.6216
我真没,20,3,0.75,3,1.1488
指南,20,13,0.25,2,3.6414
救世,20,2,0.5789,2,1.5738
极品,20,14,0.3333,2,4.2627
江湖,20,16,0.125,2,3.5466
觉醒,20,11,0.2143,2,3.086
重生了,20,5,0.9091,3,1.1982
黑科技,20,7,0.4375,3,2.5218
不对,19,2,1.0,2,0.0
主播,19,9,0.3333,2,2.5654
之路,19,15,0.5,2,4.2018
位面,19,11,0.2727,2,2.8454
你管,19,1,0.9474,2,0.2975
复苏,19,4,0.3158,2,2.0049
大国,19,14,0.5,2,4.0707
大秦,19,15,0.2222,2,2.3219
太子,19,11,0.2857,2,2.7255
娱乐圈,19,10,0.5,3,2.5218
御兽,19,13,0.1818,2,3.2776
成真,19,6,0.8,2,1.5197
我不是,19,15,0.5,3,1.9219
我要,19,7,0.6667,2,1.2988
明朝,19,8,0.3846,2,2.4416
武圣,19,10,0.3333,2,2.5
没想,19,1,0.7895,2,0.9133
猎人,19,13,0.25,2,1.88
电影,19,8,0.2941,2,2.585
界开,19,1,0.7368,2,1.1923
的日子,19,17,0.1053,3,4.1427
逆袭,19,8,0.3333,2,3.1494
长生从,19,17,1.0,3,4.2219
之上,18,14,0.5,2,1.371
亮剑,18,10,0.4286,2,1.8424
你管这,18,1,0.9444,3,0.3095
冠军,18,13,0.2857,2,2.6464
千年,18,6,0.25,2,2.7255
变强,18,4,0.5,2,2.9197
可以,18,6,0.4444,2,2.8366
在诸天,18,4,0.3333,3,2.6987
少女,18,7,0.3,2,2.5949
忍界,18,14,0.375,2,2.5221
悠闲,18,5,0.6923,2,1.5059
我一,18,8,0.5556,2,0.9864
我为,18,15,0.1667,2,2.9183
我有一个,18,11,0.1765,4,3.6835
攻略,18,16,0.3333,2,4.3685
柯南,18,7,0.5833,2,2.0218
次元,18,4,0.6667,2,1.6923
正常,18,3,0.2857,2,2.7534
百年,18,8,0.2941,2,2.5219
万物,17,15,0.2857,2,2.75
不对劲,17,13,0.6667,3,1.4591
之最,17,1,0.8824,2,0.6402
你们,17,9,0.25,2,2.4817
你管这叫,17,15,0.1176,4,3.9698
入侵,17,8,0.2222,2,2.7774
全民,17,9,1.0,2,3.6819
大宋,17,11,0.6667,2,3.9321
大道,17,12,0.25,2,2.9477
天才,17,15,0.2222,2,3.1219
工业,17,6,0.1818,2,3.0958
带着,17,11,0.5,2,1.9219
日记,17,7,0.25,2,1.88
正经,17,6,0.4118,2,2.6962
生不,17,4,0.7059,2,1.5569
的我只,17,1,0.3529,3,1.9831
纪元,17,12,1.0,2,0.7219
美食,17,15,0.1333,2,3.0
能力,17,7,0.5294,2,2.4093
荒野,17,6,0.375,2,2.6416
诡秘,17,17,1.0,2,2.3244
重回,17,15,0.5,2,3.1084
之旅,16,7,0.1875,2,3.3278
今天,16,6,0.3636,2,2.7322
修炼,16,12,0.2143,2,3.4677
全是,16,8,0.2308,2,3.2806
同时穿越,16,10,1.0,4,1.5694
天庭,16,14,0.1667,2,3.4183
娘子,16,10,0.5,2,2.2925
影视世界,16,10,0.6667,4,3.7345
悟性,16,5,0.7,2,1.823
情报,16,3,0.3333,2,2.7069
我真是,16,12,0.1333,3,3.75
战争,16,6,0.2222,2,2.7322
是天,16,5,0.1875,2,3.3278
最后,16,2,0.5625,2,1.4913
来了,16,10,0.5,2,1.5
来自,16,12,0.2,2,3.2516
气运,16,11,0.2143,2,3.4183
界之,16,2,0.375,2,2.0079
神明,16,12,0.1429,2,3.0
空之,16,1,0.75,2,1.0141
竟是,16,5,0.625,2,1.9238
获得,16,1,0.4667,2,1.6895
词条,16,5,0.3,2,2.6106
道长,16,5,0.4615,2,2.2892
魔女,16,14,0.4,2,2.0588
为王,15,12,1.0,2,3.7028
之最强,15,7,0.2,3,3.3232
乐园,15,11,1.0,2,0.7219
从武,15,4,0.5,2,1.1488
养成,15,11,0.2857,2,3.2359
北宋,15,8,0.4,2,1.9219
只是,15,3,0.5385,2,1.9301
只有,15,2,0.6667,2,1.5589
在斗罗,15,2,0.7143,3,1.3753
在美,15,1,0.6154,2,1.5466
大亨,15,9,0.5,2,1.9183
大帝,15,12,0.375,2,2.6416
天之,15,2,0.5333,2,1.5329
天后,15,10,0.2308,2,3.3347
娱之,15,1,0.6667,2,1.3753
归来的,15,5,0.4,3,2.5559
怎么办,15,5,0.4,3,2.6062
我就,15,2,0.8667,2,0.6998
我真没想,15,7,0.5333,4,1.371
斗破,15,9,0.6667,2,1.875
无双,15,11,1.0,2,3.6402
曝光,15,7,0.7,2,1.7807
满级,15,10,0.3,2,3.0272
的人,15,2,0.7857,2,0.9464
神之,15,4,0.2667,2,2.9232
空间,15,8,0.3846,2,2.6535
老婆是,15,1,0.5333,3,1.2729
英雄联盟,15,6,1.0,4,1.4716
说我,15,4,0.3333,2,2.8226
骑士,15,6,0.2857,2,2.75
高手,15,4,0.5,2,1.8366
世界开,14,3,0.7143,3,1.4345
个明星,14,1,0.9286,3,0.3712
主宰,14,10,1.0,2,3.6402
人类,14,6,0.25,2,2.9477
修真,14,9,0.5,2,1.5
叫我,14,5,0.3077,2,2.7534
合成,14,6,0.3333,2,2.9183
国之,14,5,0.6429,2,1.7695
在异界,14,6,0.3846,3,2.6535
大圣,14,10,0.3333,2,2.0
天命,14,10,0.2857,2,2.5216
天王,14,9,0.3333,2,3.5778
奶爸,14,9,0.5,2,1.7925
家族,14,9,0.3,2,2.8464
家的,14,12,0.1538,2,3.6645
恶魔,14,8,0.2222,2,2.9477
我在东京,14,5,0.5,4,2.2608
我才,14,2,0.5,2,1.0613
手册,14,12,0.1429,2,3.6645
木叶之,14,12,1.0,3,3.7736
模板,14,10,0.6667,2,3.7345
求生,14,11,0.2,2,3.1808
海贼之,14,14,1.0,3,3.9069
现实,14,5,0.5833,2,1.7807
生涯,14,10,0.1429,2,3.5216
生的,14,4,0.7143,2,1.4345
的黑,14,5,0.5,2,2.4037
神的,14,6,0.1538,2,3.2389
离婚,14,5,0.5385,2,2.0349
篮球,14,10,0.3636,2,2.75
罗之,14,1,0.9286,2,0.3712
让我,14,8,0.2222,2,2.8352
训练,14,1,0.7143,2,1.0949
诸天从,14,12,0.25,3,2.0
超能,14,5,0.6667,2,1.4466
过去,14,3,0.4286,2,2.217
逆天,14,4,0.5385,2,2.0349
选手,14,4,0.3077,2,2.5654
那些,14,1,0.7857,2,0.9464
都重生了,14,5,1.0,4,1.4299
锦衣,14,7,0.5385,2,2.1888
霍格沃茨的,14,12,0.3333,5,3.9698
魔王,14,7,0.5833,2,1.9473
黄金,14,9,0.2143,2,2.8074
不想当,13,6,0.3333,3,2.5221
之开,13,1,0.9231,2,0.3912
之我是,13,6,0.3846,3,2.8074
人的,13,11,0.1538,2,3.5466
仙子,13,9,0.3333,2,2.25
们的,13,5,0.2308,2,2.8151
修仙界,13,5,0.7273,3,1.2776
分身,13,8,0.4545,2,2.6175
卧底,13,11,0.25,2,2.0
历史,13,11,0.2,2,2.9477
变成,13,8,0.2727,2,2.8454
基因,13,13,0.1429,2,2.8074
外挂,13,6,0.3,2,2.6635
天师,13,11,0.1667,2,3.1219
天道,13,8,0.4167,2,2.3219
妖魔,13,7,0.3333,2,2.8454
始皇,13,6,0.5556,2,1.88
宗师,13,10,0.5,2,3.5899
开始当,13,9,0.1538,3,3.5466
忍者,13,7,0.3636,2,2.7774
怪谈,13,8,0.4286,2,2.371
我可,13,1,1.0,2,1.7736
我和,13,13,0.0833,2,3.7004
我就是,13,13,0.0769,3,3.7004
文艺,13,3,0.75,2,1.0613
斗罗之,13,8,0.3846,3,2.8074
武魂,13,7,0.375,2,2.3554
深渊,13,9,0.2857,2,2.75
火影之,13,11,1.0,3,3.6645
界大,13,2,0.8462,2,0.7732
界开始,13,1,0.7692,3,0.9913
的大,13,3,0.2308,2,3.027
的小,13,9,0.1538,2,3.5466
的超,13,1,0.5385,2,2.1888
相亲,13,7,0.3333,2,2.4131
神探,13,11,0.25,2,2.2516
神秘,13,6,0.3846,2,2.585
绝对,13,11,0.25,2,2.0
谁让,13,1,1.0,2,1.6738
这个明星,13,11,0.1538,4,3.5466
金手,13,2,0.8182,2,0.684
首富,13,7,1.0,2,0.0
魔人,13,1,0.6923,2,1.1401
黑暗,13,11,0.3333,2,2.5216
万古,12,8,0.2857,2,2.6464
万年,12,10,0.5,2,1.0613
三十,12,3,0.3636,2,2.3554
不会,12,5,0.3636,2,2.7255
不正,12,1,0.5833,2,1.2807
世主,12,1,0.9167,2,0.4138
世家,12,7,0.2727,2,2.3219
两界,12,7,0.2857,2,2.2359
之大,12,4,0.3333,2,2.5221
之开局,12,8,0.1667,3,3.2516
什么叫,12,10,1.0,3,0.8113
凶猛,12,12,0.5,2,3.7004
到大,12,10,0.1667,2,3.4183
副本,12,10,0.2,2,2.281
在修仙,12,1,0.7273,3,0.8454
大汉,12,10,0.2222,2,2.5216
子的,12,4,0.25,2,2.6258
岁月,12,12,0.25,2,2.2516
师兄,12,3,0.7,2,1.4911
幕后,12,4,0.4167,2,2.2213
影开始,12,1,0.9167,3,0.4138
我怎么,12,3,0.4286,3,2.4056
我没,12,3,0.6,2,1.8424
我自,12,1,0.9167,2,0.4138
捡到,12,2,0.5,2,2.2925
文明,12,8,0.2222,2,2.9219
无上,12,8,0.1667,2,2.585
星空之,12,1,1.0,3,0.4138
横推,12,5,0.5,2,1.5
江山,12,9,0.75,2,0.8113
火影开,12,1,0.9167,3,0.4138
猎魔,12,3,0.8182,2,0.8659
的女,12,5,0.5833,2,1.9473
神诡,12,4,1.0,2,0.0
秦时,12,5,0.7143,2,1.5
继承,12,8,0.25,2,2.7219
聊斋,12,8,0.2857,2,2.5216
至尊,12,12,0.1667,2,2.585
警察,12,9,0.375,2,2.6464
谍战,12,7,1.0,2,0.0
赛博,12,5,0.4545,2,2.2516
转生,12,12,0.1667,2,2.5219
重启,12,9,0.3333,2,2.0
三千,11,6,0.2727,2,2.8454
上单,11,7,0.5,2,2.1133
不能,11,11,0.1,2,3.3219
不要,11,6,0.3,2,2.6464
世界大,11,4,0.1818,3,2.914
中的,11,8,0.2727,2,3.0272
之后,11,11,0.0909,2,3.4594
二次,11,1,0.9091,2,0.4395
人在斗,11,1,0.9091,3,0.4395
从一,11,6,0.5,2,1.1488
从火影开始,11,6,0.2727,5,2.8454
仙人,11,9,0.2857,2,2.3219
仙从,11,2,0.8182,2,0.8659
你不,11,7,0.25,2,2.3219
你这,11,8,1.0,2,0.971
凡人,11,9,0.2857,2,2.3219
刷新,11,5,0.3636,2,1.585
加入,11,1,0.8182,2,0.8659
华娱从,11,11,0.1111,3,3.2776
名门,11,7,1.0,2,2.9219
吞噬星空之,11,9,0.1818,5,3.2776
大人,11,4,0.3,2,2.4464
大学,11,5,0.2222,2,2.9219
奥特,11,1,0.9091,2,0.4395
女主,11,9,0.2222,2,2.9477
女儿,11,2,0.4545,2,2.3685
子开始,11,9,0.3333,3,1.585
开发,11,7,0.25,2,2.75
开局一,11,4,1.0,3,0.8631
开挂,11,7,0.2857,2,2.2359
怪物,11,9,0.2857,2,2.5216
恐怖,11,6,0.4286,2,2.1281
我们,11,8,0.5,2,1.371
我老,11,1,1.0,2,0.4395
我自己,11,2,0.8182,3,0.8659
抗战,11,9,0.5,2,2.1258
拜师,11,3,0.5,2,1.4056
拯救,11,5,0.4,2,2.7322
救世主,11,7,0.6667,3,1.5
日本,11,1,0.5,2,1.761
术士,11,8,0.75,2,1.371
机械,11,6,0.2727,2,2.9477
枭雄,11,7,0.5,2,1.585
武神,11,11,0.2,2,2.585
混在,11,7,0.1818,2,3.0958
熟练度,11,7,0.4,3,2.2359
现代,11,6,0.3333,2,2.6416
生仙,11,1,0.9091,2,0.4395
生存,11,6,0.5556,2,2.161
男人,11,2,0.5,2,1.361
疯狂,11,9,0.25,2,2.3219
的不,11,2,0.8182,2,0.8659
的人生,11,4,0.5,3,2.0
盛世,11,11,1.0,2,3.585
直播之,11,5,0.4,3,1.5219
知道,11,3,0.5,2,2.2222
祖宗,11,7,0.5,2,1.7925
神仙,11,9,0.25,2,2.2516
精神,11,3,0.7273,2,1.2776
纵横,11,6,0.5,2,2.0
美人,11,4,0.5714,2,1.3788
肝成,11,5,0.3333,2,2.3219
自由,11,4,0.5556,2,1.961
融合,11,6,0.2857,2,2.6464
西游之,11,9,1.0,3,3.4183
让他,11,1,0.9091,2,0.4395
设计,11,2,0.5556,2,2.0404
足球,11,9,1.0,2,2.0349
那些年,11,5,0.5455,3,2.0495
重生之我,11,6,0.4545,4,2.404
鉴宝,11,5,0.75,2,1.0613
钢铁,11,6,0.3,2,2.75
随身,11,4,1.0,2,2.6535
青梅,11,5,0.25,2,2.7255
魔神,11,8,0.3,2,2.3219
一品,10,8,0.6667,2,0.9183
不当,10,5,0.3,2,2.8464
世界开始,10,8,0.3333,4,2.2516
主角,10,10,0.1667,2,2.8074
之天,10,4,0.3,2,2.7219
二次元,10,8,0.3333,3,2.2516
人在斗罗,10,10,1.0,4,0.469
从零,10,1,1.0,2,1.2075
体验,10,3,0.7,2,1.3568
你当,10,3,0.8571,2,1.2244
入聊,10,1,0.9,2,0.469
冒险,10,6,0.4,2,2.0
创业,10,10,0.1429,2,2.9477
华娱之,10,10,0.1111,3,3.3219
卡师,10,1,1.0,2,0.9183
发现,10,3,0.5,2,2.1219
变身,10,8,0.5,2,3.2776
只有我,10,3,0.5,3,1.6577
后一,10,1,0.9,2,0.469
后的,10,5,0.5,2,2.161
唐朝,10,4,0.5,2,2.5503
国从,10,2,0.6,2,1.571
圣人,10,8,0.2222,2,2.585
在西,10,1,0.7778,2,0.9864
大陆,10,2,0.8,2,0.9219
天灾,10,6,0.5714,2,1.6645
奋斗,10,6,0.5714,2,2.0
奖励,10,6,0.25,2,2.0
奥特曼,10,8,0.4,3,2.0588
女友是,10,2,0.4,3,2.3219
妖女,10,10,0.25,2,2.0
学院,10,8,0.3333,2,2.5216
局被,10,1,0.9,2,0.469
帝的,10,3,0.4,2,2.0464
弟子,10,5,0.3333,2,2.4194
成就,10,2,0.5,2,1.961
我一个,10,10,0.5,3,1.585
我在大,10,6,0.4,3,2.5219
我打,10,3,0.7,2,1.3568
我独,10,5,0.7143,2,1.6577
我老婆,10,2,0.8,3,0.9219
手指,10,1,0.9,2,0.469
才来,10,7,0.375,2,2.3219
摆烂,10,10,0.125,2,3.1219
教父,10,10,0.1,2,3.3219
无尽,10,10,1.0,2,3.4594
是个,10,5,0.3,2,2.6464
是什么,10,2,0.6,3,1.571
是真,10,1,0.4,2,2.4464
暴君,10,6,1.0,2,3.2516
最终,10,10,0.3333,2,1.585
武侠世界,10,8,0.3333,4,1.585
每日,10,4,0.5,2,2.161
演员,10,3,0.4444,2,1.7527
玄幻,10,7,0.5,2,1.8424
生不死,10,1,0.9,3,0.469
生开,10,1,0.9,2,0.469
的悠,10,1,0.9,2,0.469
的老,10,2,0.8,2,0.9219
的诸天,10,5,0.5,3,2.161
的重,10,1,0.6,2,1.2955
的魔,10,2,0.8,2,0.9219
盘龙,10,10,1.0,2,0.9219
竟是我,10,1,0.9,3,0.469
综艺,10,4,0.4286,2,1.8424
老祖,10,5,0.4286,2,2.1972
艺术,10,2,0.8889,2,0.5033
苍穹,10,4,0.5,2,1.8424
被迫,10,3,0.625,2,1.88
训练家,10,5,0.3,3,2.6464
谁让他,10,6,1.0,3,0.9183
谁还,10,1,1.0,2,0.7642
贫道,10,10,0.1,2,3.3219
过于,10,8,0.2222,2,3.1219
这么,10,5,0.3333,2,2.4194
逼我,10,3,0.4,2,2.3219
重生的,10,2,0.8889,3,0.5033
重返,10,7,0.75,2,0.8113
长生仙,10,6,0.2857,3,2.2359
问道,10,8,0.25,2,2.3219
陛下,10,7,0.5,2,2.1133
霸主,10,5,0.5,2,1.5
霸的,10,1,0.8,2,0.9219
风云,10,7,0.4,2,2.2516
飞升,10,10,0.3333,2,2.0
魔头,10,4,0.4,2,2.3219
龙王,10,6,0.3333,2,1.6645
一拳,9,9,0.3333,2,2.0
三国之,9,9,0.5,3,3.4594
不可,9,3,0.5,2,1.7925
不朽,9,9,0.25,2,2.0
世界里,9,2,0.7778,3,0.9864
为了,9,5,0.5,2,1.5219
乱世,9,7,0.4,2,2.2516
了神,9,2,0.5556,2,1.88
人开始,9,7,0.3333,3,1.585
从大,9,7,0.5,2,1.2516
从小,9,9,0.5,2,1.0613
从零开始,9,4,0.375,4,2.1556
们都,9,2,0.6667,2,1.4466
你的,9,9,0.3333,2,1.7925
供应商,9,9,0.1111,3,3.1699
侦探,9,6,0.3333,2,2.0
修仙从,9,9,0.1111,3,3.1699
偶像,9,7,0.5,2,1.5
光了,9,2,1.0,2,0.9183
全网,9,7,0.4,2,2.2359
公子,9,5,0.4,2,1.9219
制作,9,4,0.3333,2,2.5
制卡,9,3,0.75,2,1.0613
剑道,9,4,0.5,2,1.5
剧本,9,7,0.4,2,2.2516
加入聊天群,9,3,0.6667,5,1.5305
努力,9,7,0.2222,2,2.9477
史上最,9,2,0.5556,3,1.6577
史上第一,9,7,0.2222,4,2.9477
咸鱼,9,9,0.2,2,2.3219
唯一,9,5,0.2222,2,2.7255
在漫威,9,1,0.375,3,1.9056
天大,9,1,0.4444,2,1.7527
女神,9,7,0.2857,2,2.75
妖怪,9,5,0.25,2,2.0
学生,9,7,0.5,2,1.5
家父,9,5,0.2222,2,2.7255
寒门,9,7,0.2222,2,2.9477
屠龙,9,7,0.2857,2,2.3219
崇祯,9,9,0.2,2,2.3219
序列,9,9,0.2,2,2.5216
废土,9,9,0.3333,2,1.585
开始修,9,1,0.4444,3,1.3921
开始无限,9,5,0.2222,4,2.7255
开局被,9,7,0.2222,3,2.9477
快乐,9,3,0.5,2,2.0588
成长,9,5,0.2857,2,2.5216
我做,9,5,0.5,2,2.0
我把,9,9,0.5,2,1.2516
我这,9,7,0.3333,2,1.6645
我靠,9,9,1.0,2,0.5917
抽卡,9,5,0.4,2,2.0588
提前,9,3,0.6,2,1.371
日志,9,7,0.2222,2,2.9477
旧日,9,5,0.5,2,1.585
时间,9,5,0.5,2,2.0
明月,9,3,1.0,2,0.0
星河,9,6,0.6,2,1.371
春秋,9,5,0.2857,2,2.2359
是神,9,2,0.3333,2,2.4194
最后一,9,2,0.6667,3,1.4466
有个,9,9,0.1667,2,2.75
有什么,9,3,0.6667,3,1.4466
有问题,9,5,1.0,3,0.9183
术开始,9,9,0.2,3,2.3219
某美,9,1,0.8889,2,0.5033
武林,9,4,0.2857,2,2.5216
求我,9,6,0.2222,2,2.9477
没想当,9,1,0.8889,3,0.5033
法开始,9,5,0.5,3,1.5
港岛,9,5,0.2222,2,2.3219
漫威世界,9,3,1.0,4,1.4466
猎魔人,9,7,0.3333,3,2.2516
王座,9,5,0.2222,2,2.7255
生开始,9,5,1.0,3,2.9219
界当,9,2,0.5556,2,1.6577
的世界,9,7,0.5,3,1.5
的自,9,3,0.6667,2,1.4466
的路明非,9,2,0.7778,4,0.9864
盗墓,9,7,0.3333,2,2.5216
盛唐,9,9,0.5,2,3.2776
直播间,9,7,0.2222,3,2.9477
真了,9,1,0.8889,2,0.5033
真仙,9,9,0.5,2,3.4594
真的不,9,1,0.8889,3,0.5033
神开始,9,7,0.5,3,3.2776
神通,9,3,0.2857,2,2.5
稳健,9,4,0.6,2,1.8113
穿越的,9,3,0.6667,3,1.4466
突击,9,1,0.8889,2,0.5033
竟是我自己,9,6,0.3333,5,2.6416
笔记,9,7,0.5,2,3.2776
篮坛,9,5,1.0,2,2.7219
系男神,9,7,0.2222,3,2.9477
经验,9,1,0.5556,2,1.5
维度,9,6,0.3333,2,2.585
缔造,9,5,0.4444,2,2.281
老师,9,7,0.2857,2,2.3219
肉身,9,3,0.75,2,1.0613
艺人,9,1,0.5,2,1.8911
英灵,9,7,0.4,2,1.9219
英雄联盟之,9,9,0.1111,5,3.1699
装备,9,6,0.6,2,1.8424
谈恋爱,9,4,0.5,3,1.8424
豪门,9,5,0.5,2,3.0958
贞观,9,7,0.5,2,3.2776
超能力,9,3,0.6667,3,1.2516
过分,9,6,0.3333,2,2.6416
这样,9,2,0.6667,2,1.75
退休,9,4,0.2857,2,2.5033
选择,9,5,0.6667,2,1.6645
逍遥,9,7,0.3333,2,1.585
道士,9,7,0.3333,2,1.585
邪神,9,5,0.5,2,1.5
都重生了谁,9,4,0.5556,5,1.88
金手指,9,7,0.3333,3,2.0
长生不死,9,5,0.6667,4,1.5
闲人,9,4,0.6667,2,0.9183
雨浩,9,4,0.5556,2,1.371
一剑,8,4,1.0,2,0.971
一只,8,3,0.25,2,2.5
不太,8,3,0.375,2,2.1556
个大,8,1,0.625,2,1.5488
之光,8,8,0.3333,2,2.0
之子,8,4,0.5,2,1.585
之我的,8,5,0.375,3,2.4056
之无,8,4,0.5,2,2.0
之门,8,8,0.125,2,3.0
九叔,8,3,0.5,2,1.7925
二代,8,4,0.5,2,1.585
交易,8,6,0.25,2,2.585
人生模拟,8,2,1.0,4,0.8113
仙了,8,1,1.0,2,0.9183
仙族,8,4,0.5,2,1.585
仙武,8,1,0.6,2,1.7925
仙道,8,8,0.25,2,2.0
做游戏,8,3,0.6667,3,1.4591
僵尸,8,6,0.4,2,1.9219
兼职,8,8,0.5,2,1.5
农家,8,6,0.6667,2,0.9183
出的,8,1,0.875,2,0.5436
到一,8,1,0.75,2,1.0613
北美,8,3,0.8333,2,0.65
十二,8,6,0.25,2,2.75
南之,8,1,0.875,2,0.5436
只好,8,3,0.8,2,1.4056
国术,8,8,0.5,2,1.0
在修仙界,8,1,0.7143,4,0.8631
地狱,8,5,0.4,2,2.2516
士兵突击,8,1,0.8333,4,0.65
士的,8,3,0.375,2,2.1556
大时代,8,6,0.6667,3,1.5
大清,8,8,0.5,2,1.5
天仙,8,6,0.3333,2,2.2516
天子,8,6,1.0,2,2.9477
天帝,8,8,0.25,2,2.3219
天生,8,8,0.3333,2,2.0
天神,8,5,0.4286,2,2.1281
夫人,8,6,0.6667,2,1.5
婚后,8,1,0.875,2,0.5436
学习,8,5,0.5,2,1.5
学家,8,3,0.625,2,1.5488
学霸的,8,4,0.25,3,2.5
小姐,8,3,0.5,2,1.585
山海,8,6,0.3333,2,2.2516
崩了,8,2,0.5,2,1.75
平凡,8,2,0.375,2,2.1556
年开始,8,5,0.6,3,1.8113
开局签到,8,6,0.6667,4,1.5
开局获,8,1,0.875,3,0.5436
强化,8,5,0.375,2,2.0
当神,8,4,0.25,2,2.5
征服,8,3,0.2857,2,2.2359
律师,8,6,0.5,2,1.2516
徒弟,8,4,0.25,2,2.3219
心声,8,3,1.0,2,0.9183
怎么成,8,2,0.6667,3,1.75
恋综,8,3,0.5,2,1.4591
成真了,8,2,0.25,3,2.25
我不想,8,5,0.5,3,1.585
我加,8,1,1.0,2,0.9183
我只能,8,2,1.0,3,0.5917
我可以,8,2,1.0,3,2.5033
我当,8,6,0.5,2,1.9219
我的武,8,1,1.0,3,0.971
我的老,8,1,0.875,3,0.5436
我真没想当,8,8,0.5,5,1.371
我真的不,8,3,0.375,4,2.1556
我老婆是,8,6,0.25,4,2.75
战国,8,8,0.3333,2,1.585
战神,8,8,0.3333,2,2.0
才是,8,2,0.75,2,1.0613
掌控,8,3,0.2857,2,2.5
提取,8,4,0.5,2,2.0
支配,8,2,0.75,2,1.0613
教主,8,2,0.5714,2,1.3788
教师,8,8,0.5,2,1.585
教授,8,6,0.25,2,2.0
斗罗大陆,8,6,1.0,4,0.9183
无敌了,8,6,0.25,3,2.75
无限之,8,6,1.0,3,0.0
日之,8,2,0.25,2,2.25
时光,8,5,0.375,2,2.3219
明明,8,3,0.375,2,2.1556
明末,8,8,0.3333,2,1.585
星球,8,5,0.5,2,1.0
是大明星,8,4,1.0,4,2.7255
是妖,8,1,0.5,2,1.4591
末法,8,3,0.6667,2,1.5
朱元璋,8,6,0.3333,3,2.0
某美漫的,8,8,0.125,4,3.0
武大,8,2,0.375,2,2.1556
每天,8,3,0.5,2,1.371
没钱,8,8,1.0,2,3.1699
洪武,8,4,0.4286,2,2.1281
灵气,8,3,0.625,2,1.5488
特种,8,2,0.75,2,1.0613
王之,8,4,0.25,2,2.5
生后,8,1,0.875,2,0.5436
疯了,8,2,1.0,2,0.7219
的地,8,3,0.375,2,2.1556
的悠闲生活,8,8,0.125,5,3.0
的我被,8,5,0.375,3,2.4056
的日常,8,5,0.6,3,1.371
的神,8,2,0.5,2,2.0
的美,8,4,0.5,2,2.0
的魔法,8,3,0.375,3,2.4056
看到,8,2,0.75,2,1.0613
看见,8,3,0.625,2,1.5488
真不想,8,1,0.875,3,0.5436
穿梭,8,8,0.2,2,2.3219
精神病,8,2,0.5,3,1.9183
系神豪,8,8,0.125,3,3.0
美漫世界,8,4,0.5,4,1.0
艺术家,8,3,0.375,3,2.1556
行者,8,4,1.0,2,1.0
要做,8,2,0.75,2,1.0613
诸天之,8,6,1.0,3,0.0
诸天最强,8,6,0.2857,4,2.75
资本,8,6,0.2857,2,2.5216
身份,8,1,0.5,2,2.0
进入,8,3,0.4286,2,1.8424
通天,8,6,0.5,2,1.5
道主,8,8,0.125,2,3.0
那个,8,6,0.25,2,2.75
重生从,8,8,0.1429,3,3.0
重生的我,8,4,0.25,4,2.5
风流,8,4,1.0,2,2.281
骷髅,8,3,0.4286,2,2.1556
鸣人,8,4,0.3333,2,1.9183
黎明,8,5,0.5,2,1.7925
一世,7,3,0.5,2,1.8424
一切,7,3,0.6667,2,1.5
一心,7,5,0.3333,2,1.9219
一百,7,2,0.4286,2,1.8424
万历,7,7,0.5,2,1.0
万岁,7,7,0.1429,2,2.8074
不正经,7,7,0.5,3,1.585
世界里的,7,3,0.2857,4,2.2359
个世界,7,4,0.5,3,1.9219
之剑,7,7,0.3333,2,1.585
之巅,7,7,0.1429,2,2.8074
之心,7,7,0.1429,2,2.8074
了我,7,2,0.5714,2,1.6645
亡灵,7,4,0.3333,2,2.2516
人设,7,2,0.8333,2,0.65
什么体验,7,1,0.8571,4,0.5917
从养,7,3,0.3333,2,1.6645
从天,7,5,1.0,2,0.8113
从西,7,4,0.4286,2,2.1281
从龙,7,2,1.0,2,1.0
仙官,7,7,0.5,2,1.0
仙门,7,7,0.3333,2,1.585
代的,7,1,0.8571,2,0.5917
你做,7,2,1.0,2,0.65
修道,7,1,0.5714,2,1.6645
光之,7,4,0.4286,2,2.1281
公司,7,7,0.3333,2,1.9219
军工,7,7,0.1667,2,2.585
刘备,7,5,0.5,2,1.9183
创造,7,7,0.25,2,2.0
前世,7,2,0.6,2,1.371
剑圣,7,7,0.3333,2,1.585
动物,7,3,0.5714,2,1.6645
化身,7,7,0.1667,2,2.585
半岛,7,7,1.0,2,1.5488
原来,7,3,0.5714,2,1.6645
古神,7,7,0.25,2,2.3219
可能,7,2,0.8333,2,0.65
合理,7,1,0.8571,2,0.5917
后我,7,7,0.1429,2,2.8074
吓哭,7,5,0.2857,2,2.5216
听劝,7,2,1.0,2,0.65
国家,7,3,0.5,2,1.9219
在北,7,1,0.7143,2,1.1488
在木叶,7,1,1.0,3,0.0
在现实,7,1,0.8333,3,1.1488
在西游,7,2,0.7143,3,1.1488
地下城,7,7,0.2,3,2.3219
大师兄,7,7,0.5,3,1.5
大魔王,7,5,0.5,3,1.0
天下无,7,1,0.5714,3,1.3788
天使,7,5,1.0,2,1.0
天尊,7,7,0.5,2,1.585
太监,7,7,0.5,2,1.5
套路,7,1,0.4286,2,1.4488
女明星,7,5,0.4,3,1.9219
好的,7,1,0.8571,2,0.5917
好莱坞,7,7,0.3333,3,1.585
妖孽,7,4,0.6,2,1.371
姐姐,7,5,0.3333,2,2.0
娱乐圈的,7,7,0.5,4,1.585
宗门,7,7,0.2,2,2.5216
宝可梦,7,5,0.3333,3,2.2516
实在太,7,7,0.1429,3,2.8074
家子,7,3,0.5714,2,1.6645
山河,7,7,0.2,2,2.3219
巅峰,7,7,0.2,2,2.3219
工程,7,2,1.0,2,0.0
巨头,7,5,1.0,2,2.75
幻想,7,7,0.2,2,2.3219
康熙,7,2,1.0,2,0.0
开始做,7,5,0.2857,3,2.5216
开始崛起,7,7,0.1429,4,2.8074
开始成为,7,7,0.1429,4,2.8074
开始的文,7,1,0.5714,4,1.3788
开始肝,7,1,0.4286,3,1.8424
开局获得,7,7,0.1429,4,2.8074
当大,7,4,0.4286,2,2.1281
悟性逆天,7,7,1.0,4,0.7219
成大,7,5,0.2857,2,2.5216
我从,7,7,1.0,2,1.0
我只是,7,3,1.0,3,0.8113
我在东京当,7,7,0.1429,5,2.8074
我在修,7,1,0.8571,3,0.5917
我在西,7,2,0.7143,3,1.1488
我开,7,5,0.3333,2,1.6645
我打造,7,3,0.5714,3,1.6645
我有一座,7,7,0.1429,4,2.8074
我来,7,5,0.3333,2,1.9219
我的女,7,1,0.8571,3,0.5917
我的老婆,7,1,0.8571,4,0.5917
我的超,7,2,0.7143,3,1.1488
我的身,7,2,0.4286,3,1.8424
我真不想,7,3,0.5714,4,1.6645
我真的只,7,1,0.5714,4,1.3788
我都,7,4,0.4286,2,2.1281
扮演,7,7,0.2,2,2.5216
抽奖,7,3,0.5714,2,1.0
挂机,7,5,0.4,2,1.9219
掌门,7,7,0.2,2,2.3219
摊牌,7,3,0.8,2,1.2516
教练,7,7,0.5,2,1.371
斩妖,7,5,0.6667,2,1.5
旅行,7,2,0.5,2,1.4591
无限进化,7,5,0.3333,4,2.2516
日常系,7,7,1.0,3,3.0
明第,7,1,0.8571,2,0.5917
是一,7,2,0.4286,2,1.8424
是正,7,4,0.2857,2,2.5216
是魔,7,2,0.4286,2,2.1281
曝光了,7,4,0.4286,3,2.1281
曹操,7,3,0.5,2,1.5219
有毒,7,7,0.1429,2,2.8074
朝当,7,1,0.8571,2,0.5917
来的路明非,7,1,0.8571,5,0.5917
极道,7,7,1.0,2,3.0
柯南之,7,4,0.4286,3,2.1281
梦境,7,5,0.4,2,1.9219
欢迎,7,2,0.6667,2,0.9183
正义,7,7,1.0,2,1.0
没人,7,1,1.0,2,0.9183
法则,7,5,1.0,2,2.75
洪荒之,7,7,1.0,3,3.0
流浪,7,5,0.4,2,1.9219
海贼王,7,3,0.5,3,1.9183
深海,7,7,0.5,2,1.0
火红,7,1,0.8571,2,0.5917
灭世,7,4,0.4,2,1.9219
爆红,7,1,0.7143,2,1.1488
牧师,7,7,0.3333,2,2.0
狠人,7,4,1.0,2,1.0
生命,7,5,0.5,2,1.585
生大,7,2,0.7143,2,1.1488
生模拟器,7,1,0.8571,4,0.5917
生活系,7,7,1.0,3,3.0
田园,7,7,0.3333,2,1.585
白月光,7,5,0.3333,3,2.3219
百万,7,4,0.5,2,1.7925
的学,7,1,0.4286,2,1.8424
的战,7,1,0.5714,2,1.3788
的文娱,7,3,0.5714,3,1.0
的时,7,2,0.5714,2,1.6645
的是,7,2,0.7143,2,1.1488
的火,7,1,0.8571,2,0.5917
的玩,7,1,0.8571,2,0.5917
的道,7,2,0.2857,2,2.2359
的那些,7,1,0.8571,3,0.5917
的黑科技,7,4,0.4286,4,2.1281
真实,7,5,0.5,2,1.0
离婚后,7,5,0.5,3,1.8424
穿越者,7,5,0.6667,3,1.4591
系统来,7,3,0.5714,3,1.6645
红尘,7,7,0.25,2,2.3219
纨绔,7,5,0.5,2,1.5
给我,7,7,0.1429,2,2.8074
综武,7,4,0.75,2,0.8113
网络,7,4,0.3333,2,2.2516
美女,7,4,0.6,2,1.371
能升级,7,3,0.5,3,1.0
能变,7,1,0.8571,2,0.5917
蜀山,7,5,0.5,2,1.0
规则,7,5,0.4,2,1.9219
记事,7,7,0.1429,2,2.8074
证道,7,5,0.4,2,1.9219
诸天万界,7,7,0.3333,4,2.0
读书,7,3,0.3333,2,1.9183
谍影,7,7,0.3333,2,1.585
财阀,7,3,0.5,2,1.585
走出的,7,4,0.4286,3,2.1281
这是,7,2,1.0,2,1.0
造了,7,3,0.5714,2,1.6645
道君,7,5,0.4,2,1.9219
道开始,7,7,0.5,3,1.0
道门,7,7,0.3333,2,1.585
都成,7,2,0.5,2,2.1281
重生后,7,7,0.5,3,1.1488
重生日,7,2,0.7143,3,1.0
金刚,7,1,0.4,2,2.2359
锦衣卫,7,3,0.3333,3,2.2359
镇守,7,5,0.2857,2,2.5216
霍格沃茨之,7,7,1.0,5,3.0
首辅,7,5,1.0,2,0.0
香江,7,7,0.3333,2,1.585
龙珠,7,5,0.5,2,1.585
万法,6,4,0.5,2,1.9219
三国从,6,4,1.0,3,2.5216
上我,6,3,1.0,2,2.1281
上限,6,1,0.8333,2,0.65
下的,6,4,0.3333,2,2.2516
专家,6,4,1.0,2,1.0
世界之,6,1,0.3333,3,1.9183
世纪,6,4,0.4,2,2.2516
个我,6,1,0.75,2,0.8113
么当,6,1,0.8333,2,0.65
之从,6,6,0.2,2,2.585
之名,6,6,0.1667,2,2.585
之神级,6,1,0.5,3,1.4591
之龙,6,6,0.5,2,1.0
了怎么办,6,6,0.1667,4,2.585
争霸,6,4,0.5,2,1.585
人在东京,6,6,1.0,4,0.65
人在木叶,6,6,0.0,4,-1.0
人生模拟器,6,2,0.6667,5,1.2516
从九,6,3,1.0,2,0.65
从战,6,2,1.0,2,0.8113
仙府,6,6,0.5,2,1.0
仙者,6,2,1.0,2,1.2516
众神,6,6,0.25,2,2.0
会穿越的,6,4,0.3333,4,2.2516
作死,6,4,0.5,2,1.0
你成,6,6,1.0,2,0.65
你说,6,3,0.5,2,1.7925
佣兵,6,6,0.3333,2,1.585
信息,6,4,0.4,2,1.585
修改,6,2,0.6667,2,1.2516
做人,6,2,0.6667,2,1.0
儿子,6,4,0.3333,2,2.2516
全世界,6,1,1.0,3,1.4591
八零,6,4,0.5,2,1.9219
公主,6,6,0.25,2,2.0
养生,6,3,0.4,2,1.9219
冒牌,6,4,0.5,2,1.585
出来,6,3,0.5,2,1.5
别人,6,6,0.3333,2,1.585
制卡师,6,6,0.1667,3,2.585
刺客,6,4,1.0,2,0.0
前妻,6,4,0.5,2,1.9219
剑宗,6,6,0.25,2,2.0
加点修,6,1,0.8333,3,0.65
加载,6,2,0.6667,2,1.2516
十八,6,3,0.6,2,1.371
卡牌,6,3,0.6,2,1.371
去当,6,2,0.6667,2,1.2516
反手,6,4,0.6667,2,1.4591
只会,6,2,1.0,2,0.7219
召唤师,6,4,0.3333,3,2.2516
君临,6,6,1.0,2,0.0
哈利,6,1,0.75,2,0.8113
唐三,6,4,0.4,2,1.9219
商人,6,6,1.0,2,2.8074
四合院之,6,6,1.0,4,2.8074
四合院里,6,1,1.0,4,0.65
回到过去,6,4,1.0,4,2.5216
围棋,6,3,1.0,2,0.0
国开,6,2,0.6667,2,1.2516
国王,6,6,0.5,2,1.0
在上,6,6,0.1667,2,2.585
在火影,6,1,0.6,3,0.971
在线,6,4,0.6667,2,1.5
在美漫,6,2,0.75,3,0.8113
地主,6,4,1.0,2,2.5216
坏了,6,6,0.5,2,1.5
基地,6,2,0.75,2,0.8113
塌房,6,4,0.3333,2,2.0
大周,6,4,1.0,2,2.5216
大哥,6,6,0.25,2,2.3219
大罗,6,6,0.25,2,2.0
天地,6,6,0.25,2,2.0
天魔,6,6,0.3333,2,1.585
太上,6,6,0.3333,2,1.585
太极,6,4,0.3333,2,2.2516
太阳,6,4,0.5,2,1.9219
头号,6,3,0.5,2,1.7925
她们都,6,2,0.3333,3,1.9183
妖尾,6,6,1.0,2,0.65
妹妹,6,4,0.4,2,1.9219
学的,6,1,0.5,2,1.7925
宠物,6,6,0.3333,2,1.585
家娘子,6,1,0.8333,3,0.65
小说,6,6,0.1667,2,2.585
少年,6,6,0.3333,2,1.585
就能变强,6,6,0.1667,4,2.585
岳父,6,6,0.5,2,1.0
左道,6,4,1.0,2,0.0
巨星从,6,6,1.0,3,2.8074
巫师世界,6,4,0.5,4,1.5
师开始,6,6,1.0,3,2.8074
帝之,6,1,0.5,2,1.4591
幸福,6,1,0.5,2,1.4591
幸运,6,4,0.3333,2,2.2516
幻世,6,2,0.8,2,0.7219
庆余年,6,2,1.0,3,0.0
庶子,6,4,0.5,2,1.5
开启,6,6,0.25,2,2.2516
归来的路明非,6,6,0.1667,6,2.585
很合理,6,2,0.8,3,0.7219
德鲁伊,6,4,0.3333,3,1.585
忽悠,6,4,0.4,2,1.9219
成帝,6,6,0.3333,2,1.585
我只想安,6,1,0.8333,4,0.65
我在仙,6,2,0.5,3,1.0
我在修仙,6,1,0.8333,4,0.65
我在异,6,1,0.8333,3,0.65
我大,6,2,1.0,2,1.0
我师,6,4,1.0,2,1.0
我才是,6,6,1.0,3,0.7219
我的女友,6,2,0.6667,4,1.2516
我的老婆是,6,6,1.0,5,1.0
我能看到,6,6,0.1667,4,2.585
我要做,6,6,0.1667,3,2.585
我选,6,2,0.6667,2,1.2516
我重,6,2,0.6667,2,1.2516
手记,6,4,0.3333,2,2.2516
拒绝,6,4,0.3333,2,2.2516
挂了,6,2,0.3333,2,1.9183
挑战,6,6,0.5,2,1.5
捡到一,6,2,1.0,3,1.0
捡属性,6,3,1.0,3,0.0
支配者,6,3,1.0,3,1.0
时代的,6,4,0.3333,3,2.2516
时明月,6,1,1.0,3,0.0
明之,6,3,0.5,2,1.7925
明朝当,6,2,0.5,3,1.7925
明第一,6,1,0.8333,3,0.65
是人,6,2,0.3333,2,1.9183
是什么体验,6,6,0.1667,5,2.585
是剑,6,2,0.3333,2,1.9183
最后一个,6,6,0.3333,4,2.0
有什么坏心,6,1,0.8333,5,0.65
末世之,6,6,0.1667,3,2.585
末年,6,2,0.5,2,1.0
机甲,6,6,0.25,2,2.0
校花,6,6,0.3333,2,2.0
梦回,6,6,0.2,2,2.585
梦幻,6,2,1.0,2,0.0
模拟人,6,1,0.8333,3,0.65
武功,6,3,0.6,2,1.371
死的,6,1,0.8333,2,0.65
水浒,6,6,0.5,2,1.0
永恒,6,6,0.5,2,1.0
法神,6,6,0.5,2,1.0
港片,6,4,1.0,2,0.0
游戏里,6,2,0.6667,3,1.2516
漫威世界的,6,6,0.1667,5,2.585
漫画,6,1,1.0,2,0.0
火红年代,6,4,1.0,4,0.8113
灵魂,6,6,0.5,2,1.0
炮灰,6,4,0.5,2,1.0
爱的,6,2,0.5,2,1.9183
爷爷,6,2,0.4,2,1.9183
牧场,6,6,0.3333,2,1.585
特种兵,6,6,0.5,3,1.0
状元,6,2,0.5,2,1.0
狂潮,6,6,0.1667,2,2.585
狩猎,6,6,0.2,2,2.3219
独行,6,6,0.3333,2,1.585
王牌,6,4,1.0,2,0.0
王的,6,6,0.25,2,2.2516
百世,6,4,0.3333,2,2.2516
的异,6,1,0.3333,2,1.9183
的我却,6,4,0.3333,3,2.2516
的我只想,6,4,0.3333,4,2.2516
的我只能,6,1,0.5,4,1.7925
的文艺,6,1,0.5,3,1.4591
的无限,6,2,0.3333,3,2.2516
的玩家,6,2,0.6667,3,1.2516
的男,6,1,0.8333,2,0.65
的系统,6,1,0.8333,3,0.65
的自我,6,1,0.8333,3,0.65
的诞生,6,6,0.1667,3,2.585
的超能力,6,1,0.8333,4,0.65
的那些年,6,6,0.1667,4,2.585
的重生,6,4,0.3333,3,2.2516
的霍格沃,6,1,0.8333,4,0.65
皇后,6,4,0.4,2,1.9219
直播鉴宝,6,6,0.0,4,-1.0
知否,6,6,0.5,2,1.0
砍翻,6,3,0.6667,2,1.4591
神功,6,6,0.1667,2,2.585
神医,6,6,0.3333,2,1.585
神座,6,6,0.2,2,2.3219
神诡世界,6,4,1.0,4,0.0
神豪从,6,6,0.1667,3,2.585
神魔,6,6,0.3333,2,1.585
离谱,6,4,0.5,2,1.585
科研,6,6,0.25,2,2.0
秘复苏,6,1,0.8333,3,0.65
穿越了,6,4,0.3333,3,2.2516
穿越到,6,6,0.3333,3,1.585
笑傲,6,4,0.4,2,1.9219
简单,6,2,0.3333,2,1.9183
精灵之,6,6,1.0,3,2.8074
级英雄,6,2,0.8,3,1.2516
练武,6,6,0.25,2,2.3219
终极,6,6,0.1667,2,2.585
绝世之,6,4,0.3333,3,2.2516
网红,6,6,0.3333,2,1.585
美国,6,2,0.8,2,0.7219
老朱,6,6,0.2,2,2.585
肉身成圣,6,3,1.0,4,1.7925
能是,6,1,0.8333,2,0.65
能有,6,1,0.8333,2,0.65
艾泽拉斯,6,6,0.5,4,1.0
血族,6,6,0.3333,2,1.585
被动,6,2,0.8,2,0.7219
西北,6,2,0.3333,2,1.9183
角色,6,4,0.4,2,1.9219
让你当,6,6,0.1667,3,2.585
诡异世界,6,6,0.5,4,1.0
说好的,6,6,1.0,3,2.8074
请留步,6,6,0.2,3,2.585
诸天世界,6,2,0.8,4,0.7219
赘婿,6,6,0.5,2,1.585
起源,6,6,0.3333,2,1.585
超时空,6,6,1.0,3,2.8074
退役,6,4,0.4,2,2.2516
速通,6,4,0.4,2,1.9219
造化,6,3,1.0,2,2.1281
道侣,6,6,0.5,2,1.585
道长生,6,2,1.0,3,1.0
重生了谁还,6,1,1.0,5,0.0
锦绣,6,6,0.3333,2,1.585
锦鲤,6,6,0.25,2,2.0
限制,6,1,0.6667,2,0.9183
风暴,6,6,0.1667,2,2.585
飞扬,6,2,0.8,2,0.7219
首席,6,3,0.75,2,0.8113
驱魔,6,3,0.6,2,1.371
高考,6,4,0.4,2,2.0
魔门,6,4,0.4,2,1.9219
黑夜,6,6,0.5,2,1.0
黑手,6,1,0.8333,2,0.65
龙之,6,6,0.1667,2,2.585
一万,5,5,0.5,2,1.585
一个大,5,3,0.4,3,1.9219
一本,5,1,0.8,2,0.7219
一枚,5,2,0.6,2,1.371
一起,5,5,0.2,2,2.3219
上将,5,2,0.75,2,0.8113
上班,5,3,1.0,2,0.9183
上的,5,5,0.2,2,2.3219
不死的我,5,2,1.0,4,0.9183
不科学,5,5,0.5,3,1.0
世唐,5,1,0.8,2,0.7219
世界当,5,5,0.2,3,2.3219
东方,5,3,0.5,2,1.5
丧尸,5,5,0.3333,2,1.585
个人,5,2,0.6,2,1.371
个修,5,1,0.6,2,1.371
个神,5,3,0.4,2,1.585
中华,5,5,0.3333,2,1.585
主的,5,5,0.25,2,2.0
之一,5,2,0.6,2,1.371
之国,5,5,0.25,2,2.0
之资,5,1,0.5,2,1.5219
之超级,5,3,0.4,3,1.9219
之金,5,1,0.4,2,1.5219
九天,5,5,0.25,2,2.0
九星,5,5,1.0,2,0.0
了仙,5,1,0.8,2,0.7219
了吧,5,1,0.8,2,0.7219
了女,5,1,0.8,2,0.7219
五百年,5,5,0.2,3,2.3219
人不,5,3,0.4,2,1.9219
人仙,5,5,0.5,2,1.0
人到,5,3,0.4,2,1.585
人太,5,2,0.6,2,1.371
人是,5,5,0.2,2,2.3219
人设崩,5,1,0.8,3,0.7219
从一人,5,1,0.4,3,1.5219
从三,5,3,0.4,2,1.9219
从今,5,1,0.8,2,0.7219
从全,5,3,1.0,2,1.0
从士兵突击开始,5,2,1.0,7,0.8113
从娶,5,1,0.6667,2,1.371
从拜,5,1,0.8,2,0.7219
从木,5,1,1.0,2,0.7219
从每,5,1,0.8,2,0.7219
从洪,5,3,0.5,2,1.585
从港综,5,2,1.0,3,0.9183
从猎,5,1,1.0,2,1.0
从获得,5,5,1.0,3,0.7219
从金,5,3,0.4,2,1.9219
从黑,5,1,1.0,2,1.9183
从龙族,5,1,0.8,3,0.7219
仙侠,5,1,0.8,2,0.7219
仙医,5,5,1.0,2,0.0
仙朝,5,5,1.0,2,0.0
仙缘,5,3,0.4,2,1.9219
仙途,5,5,0.2,2,2.3219
传承,5,5,0.5,2,1.0
但是,5,5,1.0,2,0.7219
你了,5,1,0.8,2,0.7219
你就,5,3,0.4,2,1.9219
你把,5,5,0.5,2,1.5
俗人,5,5,0.3333,2,1.585
修仙世界,5,2,0.6,4,1.0
光明,5,5,1.0,2,2.585
全家,5,2,0.75,2,0.8113
全知,5,2,0.6,2,1.371
八十年,5,2,1.0,3,0.8113
具现,5,1,0.4,2,1.5219
农庄,5,3,0.4,2,1.9219
出道,5,3,0.4,2,1.9219
刀开始,5,3,0.4,3,1.9219
列车,5,5,0.5,2,1.0
初唐,5,5,0.5,2,1.585
到中,5,3,0.4,2,1.9219
到神,5,5,0.2,2,2.3219
剑出,5,5,0.2,2,2.3219
剑开始,5,2,0.6,3,1.371
剑豪,5,5,1.0,2,2.585
剧情,5,2,0.6667,2,0.9183
功法,5,5,0.3333,2,1.9219
加点修行,5,3,0.4,4,1.9219
加钱,5,2,0.6,2,1.371
医圣,5,5,1.0,2,2.585
千万,5,3,0.6667,2,1.5
危机,5,5,0.5,2,1.0
却成了,5,3,0.6667,3,1.5219
原始,5,2,0.5,2,1.5
厨神,5,5,0.3333,2,1.585
去了,5,1,1.0,2,0.9183
只想当,5,1,1.0,3,0.0
只有我知道,5,3,0.4,5,1.9219
可不,5,1,0.8,2,0.7219
可以无限,5,3,0.4,4,1.9219
可能是,5,1,0.8,3,0.7219
史上最强,5,5,0.2,4,2.3219
吃瓜,5,3,0.5,2,1.5
吕布,5,5,0.25,2,2.0
呼吸,5,1,0.8,2,0.7219
命之,5,2,0.6,2,1.371
命格,5,1,0.8,2,0.7219
唐门,5,1,1.0,2,0.0
唯我独,5,1,0.8,3,0.7219
嘉靖,5,5,0.5,2,1.5
噩梦,5,5,0.3333,2,1.585
四合院里的,5,5,0.2,5,2.3219
国师,5,3,1.0,2,0.0
图书馆,5,3,1.0,3,2.2516
土豪,5,5,1.0,2,2.585
圣光,5,5,0.3333,2,2.0
在古代,5,1,0.8,3,0.7219
在末世,5,5,0.25,3,2.0
在现实世界,5,1,1.0,5,0.7219
在都市,5,5,0.2,3,2.3219
地府,5,5,0.5,2,1.0
复制,5,5,0.25,2,2.0
大反派,5,5,1.0,3,2.585
大将,5,5,0.2,2,2.3219
大抽,5,1,0.8,2,0.7219
大明第一,5,5,0.2,4,2.3219
大王,5,3,0.6667,2,0.9183
大荒,5,5,0.3333,2,1.585
大魏,5,5,0.5,2,1.0
天罡,5,2,0.75,2,0.8113
天道酬勤,5,5,0.5,4,1.0
天骄,5,5,0.5,2,1.0
太听劝了,5,5,0.2,4,2.3219
太稳,5,2,0.6,2,1.371
夺嫡,5,2,0.75,2,0.8113
奇幻,5,5,0.3333,2,2.0
奇迹,5,5,1.0,2,0.8113
女儿身,5,1,0.8,3,0.7219
女开始,5,2,0.6,3,1.0
女的,5,2,0.6,2,1.371
好人,5,2,1.0,2,1.7925
妙手,5,5,1.0,2,0.0
娱乐之,5,5,1.0,3,2.585
子不,5,3,0.4,2,1.9219
守则,5,5,0.2,2,2.3219
完美世界,5,3,1.0,4,0.0
富贵,5,5,0.3333,2,1.585
对象,5,2,0.6,2,1.371
将军,5,2,0.6,2,1.371
就变强,5,5,0.2,3,2.3219
尸人,5,5,1.0,2,2.585
尽头,5,5,0.2,2,2.3219
工厂,5,5,0.2,2,2.3219
师不,5,2,0.6,2,1.371
师妹,5,5,0.5,2,1.585
师父,5,3,0.5,2,1.5
帝皇,5,3,0.6667,2,1.5
幕后黑手,5,2,0.6,4,1.371
开始成就,5,5,0.2,4,2.3219
开始的诸天,5,3,0.5,5,1.5
开始长生,5,5,1.0,4,2.585
开局一个,5,3,1.0,4,0.9183
开局加,5,1,1.0,3,0.7219
异世之,5,5,0.2,3,2.3219
异界之,5,5,0.2,3,2.3219
张三丰,5,5,0.3333,3,1.585
强国,5,5,0.3333,2,1.585
强大,5,1,0.8,2,0.7219
强者,5,2,1.0,2,1.7925
当天,5,3,0.5,2,1.9219
当文豪,5,5,1.0,3,2.585
当老,5,3,0.4,2,1.9219
必须,5,3,0.5,2,1.9219
怎么了,5,5,0.2,3,2.3219
怎么当,5,3,0.4,3,1.9219
怪兽,5,5,0.3333,2,2.0
成了神,5,3,0.4,3,1.9219
成仙了,5,5,1.0,3,1.0
我修仙,5,5,0.3333,3,1.585
我叫,5,5,1.0,2,1.0
我在修仙界,5,3,0.4,5,1.9219
我在异界,5,5,0.2,4,2.3219
我在现实,5,1,0.8,4,0.7219
我在西游,5,5,0.2,4,2.3219
我在诸,5,1,0.8,3,0.7219
我家娘子,5,5,0.25,4,2.3219
我有无数,5,3,1.0,4,1.0
我本,5,5,0.2,2,2.3219
我爆红,5,1,0.8,3,0.7219
我的分身,5,5,0.2,4,2.3219
我的前,5,2,0.6,3,1.371
我的物品,5,2,0.6,4,1.371
我的系统,5,5,1.0,4,1.0
我的职业,5,3,0.4,4,1.9219
我的超能力,5,1,0.8,5,0.7219
我真的是,5,3,1.0,4,2.2516
我能看见,5,5,0.2,4,2.3219
我被迫,5,1,1.0,3,0.8113
战场,5,1,1.0,2,0.8113
截教,5,5,0.3333,2,2.0
手搓,5,2,0.6,2,1.371
才不是,5,3,1.0,3,0.0
打工,5,5,0.3333,2,1.585
打穿,5,3,0.5,2,1.5
打职业,5,3,0.6667,3,1.5219
执掌,5,3,1.0,2,1.0
投影,5,3,0.5,2,1.585
抽象,5,3,0.5,2,1.5
控制,5,1,0.8,2,0.7219
摸鱼,5,3,0.4,2,1.9219
操作,5,5,1.0,2,1.0
改造,5,5,0.25,2,2.0
整个,5,5,0.3333,2,1.9219
斗罗之我,5,2,0.6,4,1.371
新世,5,1,0.8,2,0.7219
旁门,5,2,0.5,2,1.5
无间,5,1,0.4,2,1.5219
明日,5,3,0.4,2,1.9219
是传,5,1,0.8,2,0.7219
是大佬,5,5,0.2,3,2.3219
是太,5,2,0.6,2,1.371
是我的,5,3,0.4,3,1.9219
最后的,5,3,1.0,3,1.0
有人,5,2,0.6,2,1.371
朝好,5,1,0.8,2,0.7219
术师,5,5,0.3333,2,1.585
杀手,5,3,0.4,2,1.585
来到,5,2,0.6,2,1.371
柯学,5,2,0.75,2,0.8113
样子,5,1,0.8,2,0.7219
模拟人生,5,5,0.5,4,1.585
武世界,5,3,1.0,3,0.9183
武当,5,2,0.75,2,0.8113
死亡,5,5,0.5,2,1.0
毁灭,5,5,0.25,2,2.0
民俗,5,5,0.5,2,1.0
民国,5,5,0.5,2,1.0
没有上限,5,3,0.4,4,1.9219
没让你,5,5,0.2,3,2.3219
治愈系,5,5,1.0,3,2.585
法兰西,5,5,0.5,3,1.0
法天,5,5,0.25,2,2.3219
法时代,5,1,0.8,3,0.7219
海岛,5,1,0.4,2,1.5219
深情,5,2,1.0,2,1.0
清朝,5,5,0.5,2,1.0
游戏世界,5,5,1.0,4,1.0
游戏王,5,2,0.6667,3,1.371
游戏设计,5,2,1.0,4,0.971
演义,5,3,0.4,2,1.9219
漫画家,5,5,1.0,3,2.585
灵气复苏,5,5,0.3333,4,1.585
灾变,5,3,0.6667,2,1.5
炼金,5,3,0.4,2,1.585
然后,5,3,0.4,2,1.9219
爆红了,5,1,0.8,3,0.7219
牌了,5,1,0.8,2,0.7219
特工,5,5,0.3333,2,1.585
狂徒,5,5,1.0,2,0.9183
献上,5,3,0.4,2,1.9219
玄门,5,5,0.2,2,2.3219
王朝,5,3,0.4,2,1.9219
王者,5,5,0.5,2,1.0
球之,5,1,0.8,2,0.7219
球神,5,3,0.5,2,1.5
生存指南,5,5,0.2,4,2.3219
生活录,5,5,0.2,3,2.3219
生物,5,5,0.25,2,2.0
生者,5,1,0.4,2,1.5219
电子,5,5,0.25,2,2.0
电影世界,5,3,0.4,4,1.9219
界修,5,3,0.4,2,1.9219
界第一,5,2,0.6,3,1.371
界都,5,2,0.6,2,1.371
登陆,5,2,0.6,2,1.371
白蛇,5,5,0.25,2,2.0
的宇,5,1,0.8,2,0.7219
的年代,5,2,0.6,3,1.371
的男人,5,3,0.4,3,1.9219
的自我修养,5,5,0.2,5,2.3219
的长生,5,5,0.2,3,2.3219
的霍格沃茨,5,5,1.0,5,2.585
的青,5,2,0.4,2,1.9219
皇子,5,5,0.25,2,2.0
真君,5,5,0.5,2,1.585
真有,5,2,0.6,2,1.371
祖国,5,1,0.8,2,0.7219
祖师,5,2,1.0,2,0.0
神秘复苏,5,5,0.5,4,1.5
神空间,5,1,0.8,3,0.7219
神道,5,5,0.5,2,1.0
禁忌,5,1,0.6667,2,0.9183
科学家,5,1,0.4,3,1.5219
科技帝国,5,5,1.0,4,1.0
秦始皇,5,2,0.6,3,1.371
秦时明月之,5,5,0.2,5,2.3219
穿了,5,3,0.5,2,1.585
竟然,5,3,0.4,2,1.9219
系统才,5,2,1.0,3,0.7219
练成,5,1,0.8,2,0.7219
组织,5,2,0.6,2,1.0
经理,5,3,0.5,2,1.5
编造,5,3,0.6667,2,1.5
联网,5,2,0.6,2,1.371
肝经验,5,2,0.6,3,1.371
能加点,5,5,0.5,3,1.0
能提,5,1,0.8,2,0.7219
能有什么坏心思,5,5,0.2,7,2.3219
舰娘,5,1,1.0,2,0.0
节目,5,5,0.3333,2,1.9219
花开,5,5,0.5,2,1.0
苟成,5,5,0.3333,2,1.585
荣光,5,5,0.2,2,2.3219
药师,5,5,0.3333,2,2.0
蒸汽,5,3,0.5,2,1.0
蓝星,5,5,0.3333,2,1.9219
蜘蛛侠,5,5,1.0,3,0.9183
蝙蝠侠,5,5,0.5,3,1.5
血条,5,3,0.5,2,1.9219
被女,5,3,0.4,2,1.9219
计划,5,3,0.4,2,1.9219
让你做,5,2,0.6,3,1.371
设计师,5,2,1.0,3,1.7925
话事人,5,5,0.2,3,2.3219
诡道,5,3,1.0,2,2.2516
说我是,5,3,0.4,3,1.9219
请自重,5,5,0.2,3,2.3219
谁说,5,2,0.6,2,1.371
调教,5,3,0.5,2,1.5
调查,5,2,0.6,2,1.371
财富自由,5,5,0.5,4,1.371
贼开始,5,2,0.6,3,1.371
赛博朋克,5,5,1.0,4,0.8113
赢家,5,1,0.8,2,0.7219
赶山,5,5,0.3333,2,2.0
超维,5,5,0.2,2,2.3219
身边,5,3,0.4,2,1.585
轨迹,5,3,0.4,2,1.9219
轮回者,5,5,0.5,3,1.585
边缘,5,3,0.4,2,1.585
还好,5,2,0.75,2,1.371
还要,5,5,0.3333,2,1.9219
这不是,5,5,1.0,3,0.9183
这个医生,5,5,0.2,4,2.3219
这个宇智波,5,5,0.25,5,2.3219
远征,5,3,0.6667,2,1.5
迪迦,5,3,1.0,2,0.0
逆流,5,5,1.0,2,2.585
逆袭系统,5,2,0.75,4,0.8113
造者,5,1,1.0,2,1.2516
道果,5,3,0.6667,2,0.9183
道独,5,2,0.6,2,1.371
遮天之,5,5,0.2,3,2.3219
都不,5,3,0.4,2,1.9219
都想,5,2,0.4,2,1.9219
都是我,5,5,0.2,3,2.3219
都重生了谁还,5,5,0.2,6,2.3219
重燃,5,5,1.0,2,0.0
重生之我是,5,5,0.25,5,2.3219
重生大,5,3,1.0,3,2.2516
重生日本,5,3,1.0,4,2.2516
铁血,5,1,1.0,2,0.0
长夜,5,5,0.5,2,1.0
长子,5,5,1.0,2,1.0
长生修,5,1,0.8,3,0.7219
长生武,5,2,1.0,3,1.7925
门开始,5,5,1.0,3,2.585
阴间,5,2,0.5,2,1.5
阴阳,5,5,0.3333,2,1.585
院开始,5,1,0.5,3,1.0
除魔,5,3,0.4,2,1.585
霍雨浩,5,3,0.5,3,1.5
霸王,5,3,0.4,2,1.9219
非人,5,1,0.4,2,1.5219
风华,5,5,1.0,2,2.585
首富从,5,5,1.0,3,2.585
骑砍,5,5,0.3333,2,1.585
鬼神,5,3,0.5,2,1.0
魅魔,5,5,0.3333,2,1.585
魔兽,5,5,0.5,2,1.0
魔法师,5,2,1.0,3,0.0
黑客,5,5,1.0,2,0.0
黑粉,5,2,0.75,2,1.0
龙族开始,5,1,0.8,4,0.7219
一年,4,4,0.5,2,1.585
一开,4,1,1.0,2,0.0
一条,4,4,0.3333,2,2.0
一点,4,4,0.5,2,1.0
一等,4,4,0.5,2,1.0
一道,4,4,0.3333,2,2.0
万族,4,4,0.3333,2,2.0
三十年,4,4,0.25,3,2.0
三年,4,4,1.0,2,0.9183
三界,4,4,0.25,2,2.0
上了,4,4,0.3333,2,1.585
下第一,4,1,0.75,3,0.8113
不会真,4,1,1.0,3,0.0
不可能是,4,1,0.75,4,0.8113
不正常,4,2,1.0,3,0.0
不装了,4,4,1.0,3,-1.0
不许,4,4,0.5,2,1.0
不过,4,4,0.3333,2,1.585
专属,4,1,0.75,2,0.8113
世民,4,1,1.0,2,0.8113
世间,4,2,0.6667,2,0.9183
个游戏,4,2,0.5,3,1.5
个演员,4,2,0.5,3,1.0
中医,4,4,0.5,2,1.0
中单,4,2,0.6667,2,1.5
中国,4,4,0.5,2,1.585
中奖,4,1,1.0,2,0.9183
中年,4,2,1.0,2,0.8113
为何,4,4,0.3333,2,2.0
为师,4,4,0.5,2,1.585
主公,4,4,1.0,2,0.0
主开,4,1,0.75,2,0.8113
主持,4,2,0.6667,2,0.9183
主教,4,4,1.0,2,0.0
主神空间,4,4,0.5,4,1.0
么都,4,1,0.75,2,0.8113
之传奇,4,4,0.25,3,2.0
之军,4,4,0.25,2,2.0
之劫,4,4,0.25,2,2.0
之圣,4,4,0.25,2,2.0
之实,4,1,0.75,2,0.8113
之小,4,2,0.5,2,1.5
之影,4,4,1.0,2,0.0
之无限,4,4,0.25,3,2.0
之这个,4,4,0.25,3,2.0
之重,4,2,0.5,2,1.5
九零,4,4,0.5,2,1.0
书生,4,4,0.5,2,1.0
乾坤,4,2,0.5,2,1.5
了吗,4,4,0.25,2,2.0
了我的,4,2,0.5,3,1.5
了游戏,4,1,0.75,3,0.8113
争锋,4,2,0.5,2,1.5
二周目,4,4,1.0,3,0.0
五五开,4,4,0.3333,3,2.0
人世,4,2,0.5,2,1.5
人了,4,4,0.25,2,2.0
人只,4,1,0.75,2,0.8113
人在北美,4,4,0.5,4,1.5
人在大,4,2,0.5,3,1.5
人在诸天,4,4,0.0,4,-1.0
人在高,4,1,0.75,3,0.8113
人族,4,4,0.3333,2,1.585
人生赢家,4,2,0.5,4,1.5
人设崩了,4,2,0.5,4,1.5
人道,4,4,0.25,2,2.0
亿万,4,4,0.25,2,2.0
从今天,4,1,0.75,3,0.8113
从修,4,4,0.5,2,1.0
从吞噬,4,2,0.5,3,1.5
从和,4,4,1.0,2,0.9183
从太,4,4,1.0,2,0.8113
从山,4,2,1.0,2,1.0
从庆余年,4,1,1.0,4,0.8113
从成为,4,4,1.0,3,0.8113
从我,4,2,0.5,2,1.5
从打,4,2,1.0,2,0.9183
从拜师,4,4,0.5,3,1.585
从文,4,4,1.0,2,1.0
从斗罗开始,4,2,1.0,5,0.0
从无,4,2,0.5,2,1.5
从木叶,4,1,0.75,3,0.8113
从每日情报,4,1,0.75,5,0.8113
从白,4,4,0.25,2,2.0
从神,4,4,0.25,2,2.0
从种,4,4,1.0,2,0.9183
从红,4,2,1.0,2,1.0
从被,4,4,1.0,2,0.9183
从解,4,4,0.25,2,2.0
从遮天开始,4,4,1.0,5,0.0
从龙族开始,4,4,0.25,5,2.0
仙之,4,2,0.6667,2,0.9183
任务,4,2,0.6667,2,0.9183
低调,4,4,0.5,2,1.0
体内,4,1,0.75,2,0.8113
体有,4,1,0.75,2,0.8113
你怎么,4,4,1.0,3,0.8113
使徒,4,4,0.25,2,2.0
信仰,4,4,0.5,2,1.0
修仙的,4,2,1.0,3,1.0
修仙者,4,4,1.0,3,0.0
修改器,4,4,0.25,3,2.0
修的,4,2,0.5,2,1.5
俱乐部,4,4,0.25,3,2.0
做个,4,1,0.75,2,0.8113
做大,4,1,0.75,2,0.8113
元宇宙,4,1,1.0,3,0.0
先生,4,2,0.6667,2,0.9183
克开始,4,4,1.0,3,0.0
克苏鲁,4,2,1.0,3,1.0
入职,4,4,0.5,2,1.0
全职业,4,4,1.0,3,0.0
全职猎人,4,4,1.0,4,0.0
全能大,4,2,1.0,3,0.0
八年,4,1,0.75,2,0.8113
兴趣,4,1,0.75,2,0.8113
养成系,4,1,0.75,3,0.8113
养殖,4,1,0.5,2,1.5
兽医,4,4,1.0,2,1.0
兽师,4,4,0.5,2,1.585
写日记,4,4,0.5,3,1.5
军之,4,1,0.75,2,0.8113
军火,4,2,0.5,2,1.5
农场,4,4,0.5,2,1.0
冷宫,4,4,0.5,2,1.0
准备,4,2,0.6667,2,1.5
凌云,4,4,1.0,2,0.0
几个,4,4,0.3333,2,2.0
凡世,4,1,1.0,2,0.8113
出个,4,2,0.5,2,1.5
刚成,4,4,0.25,2,2.0
别叫我,4,4,1.0,3,0.9183
别惹,4,2,0.5,2,1.5
到万,4,4,0.25,2,2.0
制造,4,2,0.6667,2,0.9183
前任,4,4,0.5,2,1.0
前女友,4,2,0.6667,3,1.5
剑神,4,2,0.5,2,1.5
剧透,4,4,1.0,2,1.0
功开始,4,2,0.5,3,1.5
动物园,4,4,0.25,3,2.0
助我,4,2,0.5,2,1.5
化龙,4,4,1.0,2,1.0
区之,4,1,0.75,2,0.8113
十万,4,4,0.5,2,1.585
十六,4,4,0.3333,2,1.585
千古,4,4,0.3333,2,1.585
千金,4,4,0.5,2,1.0
千面,4,2,0.5,2,1.0
华山,4,4,0.5,2,1.0
单啊,4,1,0.75,2,0.8113
南明,4,4,1.0,2,1.0
却过,4,1,0.75,2,0.8113
原来我,4,2,0.5,3,1.5
参加,4,4,0.5,2,1.0
古龙,4,2,1.0,2,0.0
合成系,4,4,1.0,3,0.9183
合法,4,4,0.25,2,2.0
后成,4,2,0.5,2,1.5
君子,4,4,0.5,2,1.0
吾乃,4,4,1.0,2,1.0
告诉,4,1,0.75,2,0.8113
呼吸法,4,1,0.75,3,0.8113
命格成圣,4,4,0.3333,4,2.0
命运,4,4,0.3333,2,1.585
品天,4,2,0.5,2,1.5
哭什么,4,1,0.75,3,0.8113
唐朝好,4,4,0.25,3,2.0
唯我独法,4,4,0.0,4,-1.0
商店,4,4,1.0,2,1.0
喜欢,4,4,0.3333,2,1.585
四十,4,4,0.5,2,1.0
国医,4,4,0.5,2,1.585
国度,4,4,1.0,2,0.0
国开始,4,1,0.75,3,0.8113
国战,4,2,0.5,2,1.5
国民,4,2,0.5,2,1.0
国际,4,4,0.5,2,1.0
圆满,4,1,1.0,2,0.8113
圣女,4,4,1.0,2,0.0
圣骑,4,2,0.6667,2,1.5
在三国,4,2,0.5,3,1.5
在下,4,4,0.25,2,2.0
在仙界,4,2,0.6667,3,0.9183
在天,4,1,0.75,2,0.8113
在手,4,1,0.6667,2,0.9183
在柯,4,1,1.0,2,0.0
在神诡,4,1,0.6667,3,1.5
在美国,4,1,0.75,3,0.8113
在诸天世界,4,4,1.0,5,0.0
在遮天,4,1,1.0,3,0.8113
在霍格沃,4,1,0.75,4,0.8113
在高武,4,1,1.0,3,0.8113
垃圾,4,4,0.25,2,2.0
垄断,4,2,0.5,2,1.5
型上单,4,1,1.0,3,0.8113
复活,4,4,0.5,2,1.0
外科,4,2,0.5,2,1.0
夜行,4,2,1.0,2,0.0
大世,4,1,1.0,2,0.8113
大乾,4,2,1.0,2,0.0
大侠,4,4,1.0,2,0.0
大内,4,2,1.0,2,0.0
大冒险,4,4,0.25,3,2.0
大唐第一,4,4,0.25,4,2.0
大娱乐,4,1,0.75,3,0.8113
大导,4,2,1.0,2,0.9183
大小,4,1,0.75,2,0.8113
大抽奖,4,2,0.5,3,1.5
大有问题,4,4,0.25,4,2.0
大爷,4,4,1.0,2,0.0
大玩家,4,4,0.25,3,2.0
大神,4,4,0.5,2,1.0
大穿越,4,2,0.5,3,1.5
大魔头,4,4,1.0,3,0.0
天一,4,1,0.75,2,0.8113
天下无敌,4,4,1.0,4,1.0
天下第,4,1,1.0,3,0.0
天书,4,4,1.0,2,0.0
天啊,4,1,1.0,2,0.8113
天大圣,4,4,0.25,3,2.0
天天,4,4,1.0,2,1.0
天官,4,4,1.0,2,0.0
天成,4,2,0.5,2,1.0
天记,4,4,0.25,2,2.0
天赋开始,4,4,0.5,4,1.0
天降,4,2,0.6667,2,0.9183
太凶,4,2,0.5,2,1.5
太棒了,4,4,0.3333,3,2.0
奋斗在,4,4,0.25,3,2.0
契约,4,4,0.3333,2,1.585
奥术,4,4,1.0,2,0.0
女仆,4,4,0.3333,2,1.585
女孩,4,1,0.75,2,0.8113
女尊,4,2,0.6667,2,1.5
女王,4,4,0.5,2,1.0
女配,4,2,1.0,2,0.0
如此,4,2,0.5,2,1.5
妖皇,4,2,0.6667,2,1.5
姑娘,4,4,0.25,2,2.0
娇妻,4,4,0.3333,2,1.585
娱乐家,4,1,1.0,3,0.0
娶妻,4,1,0.75,2,0.8113
嫡长,4,2,0.5,2,1.0
子是,4,4,0.25,2,2.0
子风流,4,2,0.5,3,1.5
学姐,4,4,1.0,2,1.0
学徒,4,1,0.75,2,0.8113
孩子,4,4,0.5,2,1.0
宇智波的,4,4,1.0,4,1.0
完美人生,4,4,1.0,4,1.0
宝典,4,2,1.0,2,0.0
宝藏,4,1,1.0,2,0.0
宝鉴,4,2,0.6667,2,0.9183
实业,4,1,0.75,2,0.8113
实录,4,4,0.25,2,2.0
家都是,4,2,0.5,3,1.5
富二代,4,2,0.5,3,1.5
寻宝,4,4,0.5,2,1.0
导师,4,2,0.5,2,1.0
将门,4,4,0.5,2,1.0
小兵,4,2,0.6667,2,0.9183
居然,4,4,0.5,2,1.5
峡谷,4,4,0.25,2,2.0
峨眉,4,4,0.3333,2,1.585
工开,4,1,0.75,2,0.8113
工程师,4,4,0.5,3,1.0
巨人,4,4,0.5,2,1.585
巨擘,4,1,0.75,2,0.8113
巫妖,4,4,0.3333,2,1.585
师从,4,2,0.5,2,1.5
师爷,4,1,1.0,2,0.0
师的,4,4,0.25,2,2.0
希腊,4,4,0.5,2,1.5
帝了,4,4,1.0,2,0.8113
帝成,4,2,0.5,2,1.5
常生,4,1,0.75,2,0.8113
幻世界,4,2,0.5,3,1.5
建立,4,1,0.75,2,0.8113
开了,4,1,0.75,2,0.8113
开始修仙,4,4,1.0,4,0.0
开始修行,4,4,0.25,4,2.0
开始变,4,1,0.75,3,0.8113
开始成神,4,4,0.25,4,2.0
开始无敌,4,4,1.0,4,0.0
开始的文娱,4,4,0.25,5,2.0
开始纵横,4,1,0.75,4,0.8113
开始重,4,1,0.75,3,0.8113
开局加入聊天群,4,4,1.0,7,0.8113
开局大,4,4,0.25,3,2.0
开局就,4,4,1.0,3,1.0
开局成为,4,4,0.25,4,2.0
开局拜,4,1,0.75,3,0.8113
异常,4,4,1.0,2,0.0
异度,4,4,0.25,2,2.0
当人,4,1,0.75,2,0.8113
当兵,4,4,0.3333,2,2.0
当家,4,2,0.5,2,1.5
当明星,4,2,0.5,3,1.0
当王,4,2,0.6667,2,0.9183
当皇帝,4,4,0.25,3,2.0
影帝的,4,4,0.5,3,1.0
影忍者,4,1,0.75,3,0.8113
影的,4,2,0.5,2,1.5
彼岸,4,2,0.5,2,1.5
很合理吧,4,4,0.25,4,2.0
得道,4,4,0.5,2,1.0
快穿,4,2,1.0,2,0.0
怪猎,4,4,0.0,2,-1.0
总裁,4,2,0.5,2,1.0
情报开始,4,1,0.75,4,0.8113
情报王,4,4,0.25,3,2.0
惊悚,4,1,0.75,2,0.8113
想退,4,2,0.5,2,1.5
成功,4,2,0.6667,2,0.9183
成天,4,4,0.25,2,2.0
成系统,4,1,1.0,3,0.0
我上,4,2,1.0,2,0.9183
我乃,4,4,0.25,2,2.0
我也,4,2,0.5,2,1.5
我了,4,4,0.25,2,2.0
我以女儿身,4,2,0.5,5,1.5
我儿,4,2,1.0,2,1.0
我全,4,1,1.0,2,0.0
我加载了,4,4,0.25,4,2.0
我去,4,4,0.25,2,2.0
我变,4,1,0.75,2,0.8113
我只会,4,4,0.25,3,2.0
我只好,4,1,1.0,3,0.8113
我只想当,4,4,1.0,4,0.9183
我可不,4,1,0.75,3,0.8113
我在古代,4,2,0.5,4,1.5
我在大明,4,2,0.5,4,1.5
我在现实世界,4,4,0.25,6,2.0
我在诸天,4,4,0.25,4,2.0
我对,4,4,1.0,2,0.0
我带,4,4,0.25,2,2.0
我怎么成,4,2,0.6667,4,1.5
我想,4,2,0.5,2,1.5
我成了女,4,4,0.25,4,2.0
我打造了,4,4,0.25,4,2.0
我无,4,2,0.6667,2,1.5
我是大,4,4,0.5,3,1.0
我有一本,4,4,0.25,4,2.0
我没有,4,1,1.0,3,0.8113
我爆红了,4,1,0.75,4,0.8113
我用,4,4,0.25,2,2.0
我的修,4,2,0.5,3,1.5
我的女友是,4,2,0.5,5,1.5
我的师,4,2,0.5,3,1.5
我的技能,4,4,0.25,4,2.0
我的文,4,1,0.75,3,0.8113
我的玩家,4,4,0.25,4,2.0
我的神,4,4,0.25,3,2.0
我的美,4,1,0.75,3,0.8113
我的超能力每,4,1,0.75,6,0.8113
我真不想当,4,2,0.6667,5,1.5
我真的只是,4,4,0.25,5,2.0
我竟,4,2,1.0,2,0.8113
我终,4,1,1.0,2,0.0
我还,4,4,1.0,2,1.0
我进,4,2,1.0,2,0.8113
我选择,4,4,1.0,3,0.8113
我重生,4,2,1.0,3,1.0
战斗,4,4,0.3333,2,2.0
战机,4,4,0.5,2,1.0
截胡,4,2,0.6667,2,1.5
手游,4,4,0.5,2,1.0
才发现,4,2,0.6667,3,1.5
打卡,4,1,1.0,2,0.0
技大,4,1,0.75,2,0.8113
投资,4,4,0.3333,2,2.0
拯救世界,4,4,0.25,4,2.0
拳开始,4,4,0.5,3,1.0
掠夺,4,2,0.6667,2,1.5
控制你了,4,2,0.5,4,1.5
摊牌了,4,4,1.0,3,-1.0
收徒,4,4,0.3333,2,2.0
收藏,4,4,0.3333,2,1.585
敌国,4,2,1.0,2,0.0
教教主,4,1,0.75,3,0.8113
整活,4,2,0.5,2,1.5
文化,4,1,0.75,2,0.8113
文艺时代,4,1,1.0,4,0.0
斗破之,4,4,0.25,3,2.0
斗罗绝世,4,4,0.0,4,-1.0
新世界,4,4,0.5,3,1.0
新做人,4,1,0.75,3,0.8113
族之,4,4,0.25,2,2.0
无敌从,4,4,0.25,3,2.0
无极,4,4,0.5,2,1.0
无疆,4,4,0.3333,2,1.585
无限提升,4,4,0.25,4,2.0
无限神,4,4,1.0,3,0.0
日本当,4,2,0.5,3,1.5
时间线,4,2,1.0,3,0.0
明王,4,1,1.0,2,0.0
明的,4,2,0.5,2,1.5
星老,4,1,0.75,2,0.8113
星辰,4,4,0.3333,2,1.585
是传奇,4,1,1.0,3,0.8113
是反派,4,2,1.0,3,0.9183
是吧,4,4,1.0,2,0.9183
是女,4,2,0.5,2,1.5
是恶,4,2,0.5,2,1.5
是游戏,4,4,0.3333,3,1.585
是真的,4,4,0.3333,3,2.0
是精,4,1,0.5,2,1.5
是这样,4,1,1.0,3,0.0
是高,4,4,0.25,2,2.0
替身,4,1,0.75,2,0.8113
最佳,4,4,0.25,2,2.0
最牛,4,2,1.0,2,0.0
朋友,4,2,0.5,2,1.5
朕就是,4,4,0.25,3,2.0
木叶的,4,4,0.25,3,2.0
未婚妻,4,4,0.5,3,1.585
末法时代,4,2,0.6667,4,0.9183
本是,4,4,0.3333,2,1.585
朱棣,4,4,1.0,2,0.9183
机开始,4,4,1.0,3,0.0
杀穿,4,4,0.3333,2,1.585
李二,4,4,0.3333,2,2.0
条开始,4,1,1.0,3,0.0
极限,4,4,0.5,2,1.0
果实,4,2,1.0,2,1.0
校长,4,4,1.0,2,1.0
梦想,4,4,0.5,2,1.0
横行,4,4,1.0,2,0.0
欢喜,4,4,0.5,2,1.0
歌手,4,2,0.6667,2,1.5
正常吧,4,1,0.75,3,0.8113
武学,4,4,0.25,2,2.0
武者,4,1,0.75,2,0.8113
武馆,4,2,0.5,2,1.5
死了,4,2,1.0,2,0.9183
死灵,4,1,0.75,2,0.8113
每周刷新,4,1,0.75,4,0.8113
比比东,4,4,0.5,3,1.0
氪金,4,4,1.0,2,0.0
永生,4,4,1.0,2,0.0
求仙,4,4,0.5,2,1.0
求你,4,1,1.0,2,0.9183
没人比我更懂,4,4,0.25,6,2.0
法医,4,4,0.25,2,2.0
法术,4,4,0.3333,2,1.585
法爷,4,4,0.5,2,1.585
泰坦,4,4,1.0,2,1.0
深空,4,1,0.75,2,0.8113
渔村,4,4,1.0,2,1.0
港综开始,4,2,0.6667,4,0.9183
游戏开,4,1,0.75,3,0.8113
游戏里的,4,1,0.75,4,0.8113
湖开始,4,2,0.5,3,1.5
漫威的,4,4,0.5,3,1.0
激情,4,4,1.0,2,0.0
火力,4,4,0.5,2,1.0
火影世界,4,1,0.75,4,0.8113
灵法师,4,1,1.0,3,0.8113
炼成,4,1,0.75,2,0.8113
烽火,4,2,0.6667,2,1.5
爆炸,4,2,1.0,2,0.0
父是,4,2,0.5,2,1.5
版本,4,2,0.5,2,1.5
物语,4,2,1.0,2,0.0
状态,4,2,0.5,2,1.5
狩魔,4,2,0.5,2,1.5
独尊,4,2,0.5,2,1.5
猛将,4,2,1.0,2,0.0
猴子,4,4,0.25,2,2.0
王开始,4,4,1.0,3,0.0
玩游戏,4,4,0.3333,3,1.585
生太,4,2,0.5,2,1.5
生香,4,4,0.25,2,2.0
画皮,4,2,0.5,2,1.0
界游,4,2,0.5,2,1.0
疯了吧,4,4,0.0,3,-1.0
的一,4,4,0.25,2,2.0
的东,4,1,0.75,2,0.8113
的人生模拟器,4,4,0.25,6,2.0
的修仙,4,2,0.5,3,1.5
的修道,4,1,0.5,3,1.5
的军,4,2,0.5,2,1.5
的召唤,4,2,0.5,3,1.5
的哈,4,1,0.75,2,0.8113
的天,4,1,0.75,2,0.8113
的宇智波,4,4,0.5,4,1.0
的巫,4,2,0.6667,2,1.5
的强,4,1,0.75,2,0.8113
的快乐,4,1,0.5,3,1.5
的我不,4,2,0.5,3,1.5
的战锤,4,2,0.5,3,1.5
的手,4,2,0.5,2,1.5
的旅,4,2,0.5,2,1.5
的最,4,2,0.5,2,1.5
的武道,4,2,0.5,3,1.5
的游戏,4,4,0.5,3,1.0
的王,4,2,0.5,2,1.5
的生活,4,2,0.5,3,1.0
的白,4,2,0.5,2,1.5
的第,4,2,0.6667,2,1.5
的身份,4,2,0.5,3,1.5
的阿,4,4,0.25,2,2.0
监狱,4,2,1.0,2,0.0
真人,4,4,0.3333,2,1.585
真理,4,4,0.25,2,2.0
研究,4,4,0.25,2,2.0
祖国人,4,2,1.0,3,0.0
神了,4,4,0.25,2,2.0
神传,4,2,0.5,2,1.5
神君,4,4,0.5,2,1.585
神宠,4,4,0.5,2,1.0
神捕,4,4,0.25,2,2.0
神游,4,2,0.6667,2,0.9183
神职,4,4,1.0,2,0.0
神话三国,4,4,1.0,4,0.0
禁区,4,1,1.0,2,0.0
秀色,4,4,1.0,2,0.0
科技之,4,4,0.25,3,2.0
科技霸,4,1,1.0,3,0.0
究极,4,2,0.5,2,1.0
穿越成,4,2,1.0,3,0.0
突然,4,2,1.0,2,0.0
第九,4,4,0.5,2,1.0
第四天灾,4,4,0.5,4,1.585
算命,4,4,1.0,2,0.9183
篮球之,4,2,1.0,3,0.0
粉碎,4,1,0.75,2,0.8113
精灵世界的,4,4,0.25,5,2.0
系统提,4,1,1.0,3,0.8113
系统来了,4,1,1.0,4,0.8113
红楼之,4,4,0.25,3,2.0
纯阳,4,4,0.5,2,1.585
纵横诸天,4,1,1.0,4,0.0
绑定,4,4,0.5,2,1.0
绝不,4,2,0.6667,2,1.5
绝世唐门,4,2,1.0,4,0.9183
综世界,4,1,0.75,3,0.8113
综漫,4,4,1.0,2,0.0
综网,4,4,0.5,2,1.5
缔造者,4,4,0.25,3,2.0
网球,4,2,0.6667,2,0.9183
罗斯,4,1,0.75,2,0.8113
罗马,4,4,0.3333,2,1.585
美好,4,4,0.3333,2,1.585
美少,4,1,0.75,2,0.8113
翻身,4,4,0.5,2,1.0
老板,4,4,0.25,2,2.0
者的,4,4,0.25,2,2.0
职业选手,4,2,0.5,4,1.5
能开,4,1,0.75,2,0.8113
能提取,4,1,0.75,3,0.8113
能无限,4,2,0.5,3,1.5
能穿,4,2,0.5,2,1.5
能进,4,1,0.75,2,0.8113
自律,4,4,0.3333,2,1.585
航海,4,1,1.0,2,0.0
舰队,4,4,1.0,2,1.0
花都,4,4,1.0,2,0.0
芳华,4,4,0.25,2,2.0
英雄无敌之,4,4,0.25,5,2.0
莽夫,4,4,1.0,2,1.0
萧炎,4,2,0.6667,2,0.9183
蓝银,4,1,0.75,2,0.8113
虚拟,4,4,1.0,2,0.0
血脉,4,4,0.5,2,1.0
行天,4,1,1.0,2,0.0
行走,4,2,1.0,2,0.0
表白,4,4,0.5,2,1.0
被动技,4,4,0.5,3,1.0
要当,4,1,0.75,2,0.8113
视频,4,2,0.5,2,1.5
解析,4,4,0.3333,2,2.0
警探,4,4,1.0,2,1.0
诸天大,4,1,0.75,3,0.8113
诸天的,4,2,0.5,3,1.5
诸界,4,4,0.25,2,2.0
谁都,4,4,0.5,2,1.585
败家子,4,4,0.3333,3,1.585
贴身,4,1,1.0,2,0.0
贵族,4,4,1.0,2,0.0
起来,4,4,0.3333,2,2.0
超强,4,1,0.75,2,0.8113
超神之,4,2,0.5,3,1.5
超级电,4,4,0.25,3,2.0
超级英雄,4,2,0.6667,4,0.9183
超脱,4,4,0.5,2,1.0
越之,4,1,0.75,2,0.8113
路人,4,4,0.3333,2,1.585
踢球,4,4,0.5,2,1.585
躺平,4,2,0.6667,2,1.5
辅助,4,4,0.3333,2,1.585
还不,4,2,0.5,2,1.5
这一,4,2,0.5,2,1.0
这个武,4,1,0.75,3,0.8113
这个男人,4,1,0.75,4,0.8113
这样子,4,1,0.75,3,0.8113
进步,4,1,1.0,2,0.0
逃亡,4,4,1.0,2,0.0
逆转,4,4,0.5,2,1.0
选项,4,4,0.3333,2,1.585
造反,4,4,0.5,2,1.585
逼我做,4,4,0.25,3,2.0
道世界,4,1,0.75,3,0.8113
道人,4,2,0.6667,2,0.9183
道天,4,2,0.5,2,1.5
道成,4,2,0.5,2,1.5
道祖,4,4,0.5,2,1.585
道观,4,4,1.0,2,1.0
避难所,4,4,0.5,3,1.0
那座,4,2,0.5,2,1.5
邻居,4,2,0.5,2,1.5
都市之,4,4,1.0,3,0.0
重工,4,4,0.25,2,2.0
重开,4,4,0.3333,2,1.585
重活,4,4,0.3333,2,1.585
重生之大,4,4,0.25,4,2.0
重生之最,4,1,0.75,4,0.8113
重生九,4,2,0.5,3,1.5
重生八,4,4,0.25,3,2.0
重生成,4,4,1.0,3,0.0
野心,4,2,0.5,2,1.5
金时代,4,1,0.75,3,0.8113
金融,4,2,0.5,2,1.5
钓鱼,4,2,0.6667,2,1.5
长别,4,1,0.75,2,0.8113
长津湖,4,2,0.6667,3,0.9183
长生修仙,4,4,0.0,4,-1.0
长青,4,2,1.0,2,0.0
门派,4,4,0.3333,2,1.585
降魔,4,2,0.5,2,1.5
隐藏,4,4,0.25,2,2.0
雄霸,4,2,0.5,2,1.0
雷法,4,4,1.0,2,0.0
雷神,4,4,1.0,2,0.0
震惊,4,2,1.0,2,1.0
霍格沃兹,4,2,0.6667,4,1.0
霸天,4,1,0.75,2,0.8113
青春,4,4,1.0,2,0.0
非正常,4,4,0.25,3,2.0
面之,4,2,0.5,2,1.5
革命,4,4,0.25,2,2.0
风起,4,4,1.0,2,0.0
飞刀,4,2,0.6667,2,1.5
飞扬年代,4,2,0.6667,4,0.9183
饲养,4,2,0.6667,2,0.9183
马甲,4,2,0.5,2,1.5
驾到,4,4,0.25,2,2.0
高冷,4,2,0.5,2,1.5
高手在,4,2,0.5,3,1.5
高校,4,4,0.3333,2,1.585
鬼灭,4,4,1.0,2,0.8113
魂环,4,2,1.0,2,0.0
魔世界,4,1,0.75,3,0.8113
魔修,4,4,0.5,2,1.0
魔教,4,1,0.75,2,0.8113
魔法少女,4,4,0.5,4,1.0
黄泉,4,2,1.0,2,0.0
一个人,3,1,1.0,3,0.0
一个修,3,1,0.6667,3,0.9183
一亿,3,3,0.5,2,1.0
一刀,3,3,0.5,2,1.0
一口,3,3,0.5,2,1.0
一块,3,3,0.5,2,1.585
一大,3,3,0.3333,2,1.585
一天,3,3,0.5,2,1.585
一开始,3,3,1.0,3,-1.0
一张,3,1,0.6667,2,0.9183
一扇,3,1,0.6667,2,0.9183
一把,3,3,0.5,2,1.585
一方,3,3,0.5,2,1.0
一枪,3,1,1.0,2,0.0
一次,3,1,0.6667,2,0.9183
一气,3,3,0.5,2,1.0
一百万,3,3,1.0,3,1.0
万世,3,3,0.5,2,1.0
万事,3,3,0.5,2,1.0
万亿,3,3,0.5,2,1.0
万妖,3,1,0.6667,2,0.9183
万界之,3,3,1.0,3,0.0
万象,3,3,0.5,2,1.0
万里,3,3,1.0,2,0.0
三代,3,1,0.6667,2,0.9183
三十岁,3,3,1.0,3,1.0
三千年,3,3,1.0,3,0.0
三国开始,3,1,1.0,4,0.0
三百年,3,3,1.0,3,0.0
上仙,3,1,0.6667,2,0.9183
上古,3,3,0.5,2,1.585
上天,3,1,0.6667,2,0.9183
上将军,3,3,0.3333,3,1.585
上恋综,3,3,0.5,3,1.0
上门,3,3,0.3333,2,1.585
下一,3,1,0.6667,2,0.9183
下乡,3,1,0.6667,2,0.9183
下围棋,3,1,0.6667,3,0.9183
下开始,3,1,0.6667,3,0.9183
下班,3,3,1.0,2,0.0
不会真有人,3,1,0.6667,5,0.9183
不住,3,1,0.6667,2,0.9183
不做,3,3,0.3333,2,1.585
不在,3,3,0.3333,2,1.585
不太对劲,3,3,0.5,4,1.585
不当人,3,3,1.0,3,0.0
不按套路,3,1,0.6667,4,0.9183
不是大,3,1,0.6667,3,0.9183
不是妖,3,3,0.5,3,1.0
不是魔,3,3,0.3333,3,1.585
不死于,3,3,0.3333,3,1.585
不知,3,1,0.6667,2,0.9183
不起,3,3,0.5,2,1.0
与天,3,3,0.3333,2,1.585
与魔,3,1,0.6667,2,0.9183
世修仙,3,1,0.6667,3,0.9183
世大,3,1,0.6667,2,0.9183
世天,3,1,0.6667,2,0.9183
世子,3,3,0.3333,2,1.585
世成,3,1,0.6667,2,0.9183
世界第一,3,3,1.0,4,0.0
世重,3,1,0.6667,2,0.9183
业啊,3,1,0.6667,2,0.9183
业巨擘,3,1,0.6667,3,0.9183
业时代,3,1,0.6667,3,0.9183
东京生活,3,1,0.6667,4,0.9183
个位面,3,1,0.6667,3,0.9183
个修仙,3,1,0.6667,3,0.9183
个大佬,3,3,1.0,3,0.0
个天,3,1,0.6667,2,0.9183
个星,3,1,0.6667,2,0.9183
个系统,3,3,0.3333,3,1.585
个综,3,1,0.6667,2,0.9183
个顶流,3,1,0.6667,3,0.9183
临异,3,1,0.6667,2,0.9183
为大,3,1,0.6667,2,0.9183
为我,3,3,0.3333,2,1.585
为所欲为,3,3,1.0,4,0.0
主从,3,1,0.6667,2,0.9183
主到,3,3,0.3333,2,1.585
主啊,3,1,0.6667,2,0.9183
主大人,3,1,0.6667,3,0.9183
主开始,3,1,1.0,3,0.0
主播开始,3,3,0.3333,4,1.585
主神格,3,3,1.0,3,0.0
之世,3,3,1.0,2,0.0
之中,3,3,0.5,2,1.0
之人,3,1,0.6667,2,0.9183
之全球,3,3,0.3333,3,1.585
之冠,3,1,1.0,2,0.0
之君,3,3,1.0,2,0.0
之夜,3,3,1.0,2,1.0
之天王,3,1,0.6667,3,0.9183
之太,3,1,0.6667,2,0.9183
之女,3,3,0.5,2,1.0
之妖,3,1,0.6667,2,0.9183
之我真,3,1,0.6667,3,0.9183
之文,3,1,0.6667,2,0.9183
之武,3,1,0.6667,2,0.9183
之死,3,1,0.6667,2,0.9183
之活,3,3,0.3333,2,1.585
之火,3,3,0.3333,2,1.585
之父,3,3,0.3333,2,1.585
之眼,3,3,1.0,2,0.0
之胜,3,1,0.6667,2,0.9183
之荒野,3,1,0.6667,3,0.9183
之虫,3,3,0.3333,2,1.585
之血,3,3,0.3333,2,1.585
之铁,3,1,0.6667,2,0.9183
之雷,3,3,0.5,2,1.0
之魂,3,3,1.0,2,0.0
乐子人,3,3,1.0,3,0.0
九八,3,1,0.6667,2,0.9183
九叔世界,3,1,0.6667,4,0.9183
九州,3,3,1.0,2,0.0
九重,3,1,0.6667,2,0.9183
也不想,3,1,0.6667,3,0.9183
也是,3,3,1.0,2,1.0
乡人,3,3,0.5,2,1.0
乡村,3,3,0.5,2,1.0
书人,3,1,0.6667,2,0.9183
书开始,3,3,1.0,3,0.0
书成圣,3,1,1.0,3,0.9183
书香,3,3,0.5,2,1.0
了个,3,3,0.5,2,1.585
了大,3,1,0.6667,2,0.9183
了天,3,1,0.6667,2,0.9183
了游戏里的,3,1,0.6667,5,0.9183
了科,3,1,0.6667,2,0.9183
了超,3,3,0.3333,2,1.585
了还,3,3,0.3333,2,1.585
争之,3,1,0.6667,2,0.9183
于人,3,1,1.0,2,0.9183
亏成,3,3,0.5,2,1.0
互联网,3,3,0.5,3,1.0
五千年,3,3,0.3333,3,1.585
五年,3,1,0.6667,2,0.9183
五雷,3,3,0.3333,2,1.585
亮剑之,3,3,0.3333,3,1.585
人修,3,1,0.6667,2,0.9183
人只想,3,1,0.6667,3,0.9183
人在漫威,3,3,0.5,4,1.585
人在遮天,3,3,0.0,4,-1.0
人在高武,3,3,0.0,4,-1.0
人家,3,3,0.3333,2,1.585
人格,3,3,1.0,2,0.0
人物,3,3,1.0,2,0.0
人竟,3,1,0.6667,2,0.9183
人经,3,3,1.0,2,0.0
今天不,3,1,0.6667,3,0.9183
今天也,3,3,1.0,3,0.0
从上,3,3,0.3333,2,1.585
从九龙,3,1,1.0,3,0.9183
从五,3,3,0.5,2,1.585
从亮剑开始,3,3,0.3333,5,1.585
从今天开始,3,3,0.3333,5,1.585
从入,3,3,1.0,2,0.0
从分,3,1,1.0,2,0.9183
从升,3,1,1.0,2,0.9183
从只狼,3,1,0.6667,3,0.9183
从召唤,3,3,1.0,3,0.0
从四,3,3,0.3333,2,1.585
从基础,3,3,1.0,3,1.0
从士兵突击开始的,3,3,0.3333,8,1.585
从娶妻开始,3,3,1.0,5,0.0
从家族,3,3,0.3333,3,1.585
从巨,3,3,0.5,2,1.0
从平,3,3,1.0,2,1.0
从庆余年开始,3,3,1.0,6,0.0
从当,3,1,0.6667,2,0.9183
从忍,3,1,0.6667,2,0.9183
从手搓,3,3,1.0,3,1.0
从摸,3,1,0.6667,2,0.9183
从新,3,3,0.5,2,1.585
从晋,3,1,0.6667,2,0.9183
从木叶开始,3,3,0.3333,5,1.585
从武当开始,3,3,1.0,5,0.0
从武道,3,3,0.3333,3,1.585
从武魂,3,3,0.3333,3,1.585
从死,3,1,0.6667,2,0.9183
从每日情报开始,3,3,0.0,7,-1.0
从民,3,3,0.3333,2,1.585
从水,3,3,0.3333,2,1.585
从流,3,3,0.3333,2,1.585
从海贼开始,3,3,1.0,5,0.0
从火影开始的,3,3,0.3333,6,1.585
从照顾,3,3,1.0,3,0.9183
从破,3,3,1.0,2,1.0
从笑,3,1,0.6667,2,0.9183
从签到开始,3,3,1.0,5,0.0
从综艺,3,1,0.6667,3,0.9183
从美,3,3,1.0,2,1.0
从药,3,1,1.0,2,0.9183
从行,3,1,0.6667,2,0.9183
从西游,3,1,0.6667,3,0.9183
从观,3,1,1.0,2,0.0
从超,3,3,1.0,2,0.0
从选,3,1,0.6667,2,0.9183
从铁,3,3,1.0,2,0.9183
从长生,3,1,0.6667,3,0.9183
从阿,3,1,0.6667,2,0.9183
从零开始的,3,3,0.3333,5,1.585
从霍格沃茨,3,1,0.6667,5,0.9183
仓库,3,3,1.0,2,0.0
他们,3,3,1.0,2,1.0
他做,3,1,0.6667,2,0.9183
仗剑,3,3,0.5,2,1.0
仙不是,3,3,0.5,3,1.0
仙古,3,3,0.5,2,1.0
仙子的,3,1,0.6667,3,0.9183
仙帝,3,3,0.5,2,1.0
仙武大,3,3,0.5,3,1.585
代之,3,1,1.0,2,0.9183
代从,3,1,1.0,2,0.9183
代当,3,1,0.6667,2,0.9183
代生活,3,1,1.0,3,0.0
以为,3,1,0.6667,2,0.9183
以剑,3,1,0.6667,2,0.9183
们都是,3,1,0.6667,3,0.9183
伙伴,3,3,0.5,2,1.0
会开,3,1,0.6667,2,0.9183
传统,3,3,0.3333,2,1.585
传道,3,3,1.0,2,0.0
但不,3,3,1.0,2,0.9183
体坛,3,1,0.6667,2,0.9183
余烬,3,3,1.0,2,0.0
你一,3,3,0.3333,2,1.585
你们的,3,3,0.5,3,1.0
你修,3,1,1.0,2,0.9183
你别,3,1,0.6667,2,0.9183
你却,3,3,0.3333,2,1.585
你去,3,3,0.3333,2,1.585
你哭什么,3,3,0.3333,4,1.585
你好,3,3,1.0,2,0.9183
你拍,3,1,1.0,2,0.9183
你有,3,3,1.0,2,1.0
你真,3,1,1.0,2,0.9183
你给,3,3,0.3333,2,1.585
你说我,3,3,0.3333,3,1.585
侠客,3,3,0.5,2,1.0
俗世,3,3,0.5,2,1.0
保卫,3,3,1.0,2,0.0
保护,3,3,0.5,2,1.0
修仙游戏,3,1,0.6667,4,0.9183
修真界,3,3,1.0,3,0.0
俺寻思,3,1,0.6667,3,0.9183
倍返,3,1,0.6667,2,0.9183
倒追,3,3,0.5,2,1.0
倾天,3,1,1.0,2,0.0
假装,3,3,1.0,2,0.0
做个好人,3,1,0.6667,4,0.9183
做大佬,3,3,1.0,3,0.0
做幕后黑手,3,3,1.0,5,0.9183
做演员,3,1,1.0,3,0.0
做神,3,1,0.6667,2,0.9183
偷听,3,1,0.6667,2,0.9183
偷看我,3,1,1.0,3,0.9183
傀儡,3,1,0.6667,2,0.9183
傻柱,3,1,1.0,2,0.9183
元开始,3,1,0.6667,3,0.9183
先知,3,3,0.3333,2,1.585
先锋,3,3,0.5,2,1.0
光影,3,3,0.5,2,1.585
克斯,3,1,0.6667,2,0.9183
全世界都,3,3,0.3333,4,1.585
全是大,3,1,0.6667,3,0.9183
全民领主,3,3,1.0,4,-1.0
全球进,3,1,0.6667,3,0.9183
全球降临,3,3,1.0,4,0.0
全知全能,3,3,0.5,4,1.0
全职法师,3,3,0.0,4,-1.0
全职高手,3,1,1.0,4,-1.0
八十年代,3,3,0.5,4,1.0
公寓,3,3,1.0,2,0.0
六年,3,3,0.3333,2,1.585
关于我,3,3,0.3333,3,1.585
关系,3,3,0.5,2,1.585
兵传,3,1,0.6667,2,0.9183
兵到,3,3,0.3333,2,1.585
兵开始,3,3,0.5,3,1.0
兵的,3,3,1.0,2,0.9183
养成系统,3,3,1.0,4,0.0
养猫,3,3,0.3333,2,1.585
再次,3,1,0.6667,2,0.9183
军师,3,3,0.5,2,1.0
农女,3,1,1.0,2,0.0
冠军之,3,3,0.3333,3,1.585
决斗,3,1,0.6667,2,0.9183
凤凰,3,3,0.5,2,1.0
凭什么,3,3,1.0,3,0.9183
出名,3,3,0.5,2,1.0
击之,3,1,0.6667,2,0.9183
分手,3,1,1.0,2,0.0
分解,3,1,0.6667,2,0.9183
到一个,3,1,0.6667,3,0.9183
到三,3,1,0.6667,2,0.9183
到了,3,3,0.3333,2,1.585
到十,3,1,0.6667,2,0.9183
到巨星,3,3,0.3333,3,1.585
到战,3,1,0.6667,2,0.9183
到武,3,1,0.6667,2,0.9183
到超,3,1,0.6667,2,0.9183
到首席,3,1,0.6667,3,0.9183
剑道独,3,1,0.6667,3,0.9183
力了,3,1,0.6667,2,0.9183
力的我,3,3,0.3333,3,1.585
功德,3,3,0.5,2,1.585
加点升级,3,3,0.3333,4,1.585
加点开始,3,1,0.6667,4,0.9183
勇者,3,3,0.5,2,1.0
化开始,3,3,0.3333,3,1.585
医学,3,3,1.0,2,0.0
十亿,3,3,0.5,2,1.0
十倍,3,3,0.5,2,1.585
十八年,3,3,1.0,3,1.0
华夏,3,3,0.5,2,1.0
协会,3,3,0.3333,2,1.585
协议,3,3,1.0,2,0.0
卡牌系统,3,3,0.3333,4,1.585
原著,3,3,1.0,2,0.9183
去的,3,3,1.0,2,0.9183
县城,3,3,0.5,2,1.585
又不,3,1,0.6667,2,0.9183
友们,3,1,0.6667,2,0.9183
双城,3,3,1.0,2,0.0
反套路,3,3,1.0,3,0.0
反派女,3,3,0.5,3,1.0
反派的,3,3,0.3333,3,1.585
发明家,3,3,0.3333,3,1.585
发现我,3,1,1.0,3,0.9183
变异,3,1,0.6667,2,0.9183
变时,3,1,0.6667,2,0.9183
古董,3,1,0.6667,2,0.9183
只想修仙,3,3,0.5,4,1.585
只是个,3,1,0.6667,3,0.9183
只是想,3,1,0.6667,3,0.9183
同学,3,3,0.5,2,1.0
名侦探,3,3,1.0,3,0.0
名师,3,3,0.5,2,1.0
后开始,3,3,0.5,3,1.0
吟游诗人,3,3,1.0,4,0.0
听心声,3,1,0.6667,3,0.9183
听说我,3,1,0.6667,3,0.9183
启明,3,3,1.0,2,-1.0
告诉我,3,1,0.6667,3,0.9183
呼吸法开始,3,3,0.5,5,1.0
和尚,3,3,0.5,2,1.0
品修,3,1,0.6667,2,0.9183
哥哥,3,3,1.0,2,1.0
哥布林,3,3,0.5,3,1.0
哥斯拉,3,3,0.5,3,1.585
哪里,3,3,0.5,2,1.0
哭了,3,3,0.3333,2,1.585
唐人,3,1,0.6667,2,0.9183
喜剧,3,3,0.3333,2,1.585
四合院开,3,1,0.6667,4,0.9183
回到明朝当,3,3,0.3333,5,1.585
回大,3,1,0.6667,2,0.9183
回家,3,3,1.0,2,0.0
回档,3,3,0.5,2,1.0
团宠,3,3,0.5,2,1.0
国产,3,3,0.5,2,1.0
国士,3,1,0.6667,2,0.9183
国崛起,3,3,0.3333,3,1.585
国当,3,3,0.3333,2,1.585
国策,3,3,1.0,2,0.0
国舅,3,3,0.3333,2,1.585
国重,3,1,0.6667,2,0.9183
国风,3,1,0.6667,2,0.9183
图谱,3,3,0.3333,2,1.585
圆梦,3,1,0.6667,2,0.9183
圣从,3,1,0.6667,2,0.9183
在一,3,1,0.6667,2,0.9183
在万,3,3,0.3333,2,1.585
在仙武,3,3,0.5,3,1.585
在修仙世界,3,3,0.5,5,1.0
在大唐,3,1,0.6667,3,0.9183
在异世,3,3,0.5,3,1.0
在我,3,1,0.6667,2,0.9183
在战锤,3,1,0.6667,3,0.9183
在星,3,1,0.6667,2,0.9183
在晚,3,3,0.3333,2,1.585
在柯学世界,3,3,0.3333,5,1.585
在洪武,3,3,0.5,3,1.585
在洪荒,3,3,1.0,3,1.0
在港综,3,3,0.5,3,1.0
在游戏王,3,1,1.0,4,0.9183
在综武,3,1,0.6667,3,0.9183
在美利坚,3,1,0.6667,4,0.9183
在阳,3,1,0.6667,2,0.9183
在霍格沃茨,3,3,0.3333,5,1.585
在魔,3,1,0.6667,2,0.9183
地仙,3,3,1.0,2,0.0
地成,3,1,0.6667,2,0.9183
地球上,3,1,0.6667,3,0.9183
地球第一,3,3,0.3333,4,1.585
场捡属性,3,1,1.0,4,0.0
垂钓,3,3,1.0,2,0.0
型上单啊,3,3,0.5,4,1.585
型中,3,1,0.6667,2,0.9183
城市,3,3,0.5,2,1.0
城开始,3,3,1.0,3,0.0
培育,3,1,0.6667,2,0.9183
基地车,3,3,0.3333,3,1.585
多元宇宙,3,3,1.0,4,0.0
大世界,3,3,1.0,3,0.0
大主,3,1,0.6667,2,0.9183
大乘,3,1,0.6667,2,0.9183
大医,3,3,1.0,2,0.0
大器晚成,3,3,0.5,4,1.585
大国工,3,3,1.0,3,0.0
大圆满,3,3,1.0,3,1.0
大夏,3,3,1.0,2,0.0
大娱乐家,3,1,1.0,4,0.0
大宗师,3,3,0.5,3,1.585
大小姐,3,3,1.0,3,0.0
大文豪,3,3,0.5,3,-1.0
大明从,3,3,1.0,3,0.0
大明当,3,1,0.6667,3,0.9183
大明朝,3,3,1.0,3,0.0
大明王,3,1,0.6667,3,0.9183
大海,3,1,1.0,2,0.0
大筒木,3,1,0.6667,3,0.9183
大航海,3,3,1.0,3,0.0
大闹,3,1,0.6667,2,0.9183
大限,3,1,0.6667,2,0.9183
大隋,3,3,1.0,2,0.0
大鳄,3,3,0.3333,2,1.585
天下第一,3,3,1.0,4,0.0
天劫,3,3,1.0,2,0.0
天启,3,1,0.6667,2,0.9183
天命之,3,1,0.6667,3,0.9183
天宫,3,1,0.6667,2,0.9183
天机,3,3,0.5,2,1.0
天罡地煞,3,3,1.0,4,-1.0
天行,3,3,0.5,2,1.0
太宗,3,3,0.5,2,1.0
太快,3,1,0.6667,2,0.9183
太想,3,1,0.6667,2,0.9183
太正,3,3,0.3333,2,1.585
太稳健了,3,3,0.5,4,1.585
太过,3,1,0.6667,2,0.9183
夫妻,3,3,1.0,2,0.0
失联,3,1,0.6667,2,0.9183
头号黑粉,3,1,0.6667,4,0.9183
夺舍了,3,1,0.6667,3,0.9183
女人,3,3,0.5,2,1.0
女们,3,1,0.6667,2,0.9183
女友是大,3,1,0.6667,4,0.9183
女学霸,3,3,1.0,3,0.0
女帝的,3,3,1.0,3,0.0
奶爸的,3,3,0.3333,3,1.585
好圣孙,3,3,0.3333,3,1.585
好好,3,3,0.5,2,1.0
好当,3,3,0.5,2,1.0
如何,3,3,0.3333,2,1.585
妖孽人生,3,3,0.3333,4,1.585
妖师,3,3,0.3333,2,1.585
妖魔世界,3,1,0.6667,4,0.9183
妻是,3,1,0.6667,2,0.9183
娱乐大,3,1,1.0,3,0.0
娱的,3,3,0.3333,2,1.585
婆的,3,1,0.6667,2,0.9183
婚开始,3,1,1.0,3,0.0
婴儿开,3,1,1.0,3,0.9183
媳妇,3,3,1.0,2,0.0
子修,3,1,0.6667,2,0.9183
子别,3,1,0.6667,2,0.9183
子到,3,3,0.3333,2,1.585
子啊,3,3,0.3333,2,1.585
学徒到,3,3,0.3333,3,1.585
学霸到,3,1,0.6667,3,0.9183
守望,3,3,1.0,2,0.0
安静的,3,1,0.6667,3,0.9183
宋时,3,3,0.3333,2,1.585
完蛋,3,3,0.0,2,-1.0
宗的,3,3,0.5,2,1.585
官开始,3,3,0.3333,3,1.585
官道,3,3,1.0,2,0.0
宙斯,3,3,0.5,2,1.585
宝藏女孩,3,3,0.5,4,1.0
实力,3,3,0.5,2,1.0
害了,3,1,0.6667,2,0.9183
家后,3,1,0.6667,2,0.9183
家小,3,3,0.3333,2,1.585
家开,3,1,0.6667,2,0.9183
家有,3,1,0.6667,2,0.9183
宿主,3,3,0.5,2,-1.0
寂寞,3,1,0.6667,2,0.9183
富婆,3,3,1.0,2,0.0
对我,3,1,0.6667,2,0.9183
寻找,3,3,1.0,2,0.0
小心,3,1,0.6667,2,0.9183
小时,3,3,0.5,2,1.0
小镇,3,3,0.3333,2,1.585
小鲜肉,3,3,1.0,3,0.9183
少女开始,3,3,1.0,4,0.0
少女的,3,3,0.3333,3,1.585
少林,3,3,0.5,2,1.0
就无敌,3,3,0.5,3,1.0
就有,3,1,0.6667,2,0.9183
就职,3,1,1.0,2,0.0
山中,3,3,0.5,2,1.585
山开始,3,3,1.0,3,0.0
岛开始,3,1,1.0,3,0.0
崩坏,3,3,1.0,2,1.0
崩溃,3,1,1.0,2,0.0
巡天,3,3,1.0,2,0.0
工匠,3,1,1.0,2,0.0
工大,3,3,0.5,2,1.0
工开始,3,3,1.0,3,0.0
巨兽,3,1,1.0,2,0.0
巨龙,3,3,0.3333,2,1.585
巫师不,3,3,0.5,3,1.0
布局,3,3,0.5,2,1.0
师到,3,3,0.3333,2,1.585
师叔,3,3,0.5,2,1.0
师尊,3,3,0.5,2,1.0
帝尊,3,3,1.0,2,0.0
带刀,3,3,0.3333,2,1.585
带娃,3,1,0.6667,2,0.9183
幕后大佬,3,1,0.6667,4,0.9183
平凡的,3,3,1.0,3,0.0
平平,3,1,1.0,2,0.0
年世家,3,1,0.6667,3,0.9183
年代了,3,1,0.6667,3,0.9183
年后,3,3,1.0,2,0.0
年才,3,3,0.3333,2,1.585
幸福生活,3,1,0.6667,4,0.9183
庄园,3,3,1.0,2,0.0
建了,3,1,0.6667,2,0.9183
建筑,3,3,0.5,2,1.0
开了外挂,3,3,0.3333,4,1.585
开创,3,3,0.3333,2,1.585
开始变强,3,3,1.0,4,0.0
开始建立,3,3,0.3333,4,1.585
开始打卡,3,3,0.3333,4,1.585
开始横,3,3,0.5,3,1.585
开始爆,3,3,0.3333,3,1.585
开始纵横诸天,3,3,0.3333,6,1.585
开始肉身成圣,3,3,0.3333,6,1.585
开始肝经验,3,3,0.3333,5,1.585
开始进,3,1,0.6667,3,0.9183
开始重新做人,3,3,0.3333,6,1.585
开宝箱,3,3,0.3333,3,1.585
开局拜师,3,3,0.3333,4,1.585
开局收,3,3,1.0,3,0.9183
开局满级,3,3,0.3333,4,1.585
开局相亲女,3,3,0.3333,5,1.585
异了,3,1,0.6667,2,0.9183
异仙,3,3,1.0,2,0.0
异域,3,3,1.0,2,0.0
异游戏,3,1,0.6667,3,0.9183
异能,3,3,0.3333,2,1.585
异闻,3,1,1.0,2,0.0
弃妇,3,1,0.6667,2,0.9183
弑神,3,3,0.3333,2,1.585
弟子全是,3,1,0.6667,4,0.9183
弟弟,3,1,1.0,2,0.0
强了,3,1,0.6667,2,0.9183
强却过分,3,1,0.6667,4,0.9183
归来的哈利,3,3,0.3333,5,1.585
当个,3,3,0.5,2,1.0
当主,3,3,0.3333,2,1.585
当传,3,3,0.3333,2,1.585
当剑,3,1,0.6667,2,0.9183
当大佬,3,1,0.6667,3,0.9183
当太,3,1,0.6667,2,0.9183
当女,3,3,0.3333,2,1.585
当妖,3,3,0.3333,2,1.585
当导演,3,3,0.3333,3,1.585
当教,3,1,0.6667,2,0.9183
当海,3,1,0.6667,2,0.9183
当舔狗,3,3,0.5,3,1.0
当警察,3,3,0.3333,3,1.585
当训练家,3,3,0.5,4,1.0
形态,3,3,1.0,2,1.0
很正常吧,3,3,0.3333,4,1.585
得加钱,3,3,1.0,3,0.9183
御医,3,3,0.5,2,-1.0
心修仙,3,1,0.6667,3,0.9183
忍术,3,1,0.6667,2,0.9183
忍界开,3,1,0.6667,3,0.9183
志异,3,3,0.3333,2,1.585
志怪,3,1,1.0,2,0.0
忠诚,3,3,0.5,2,1.0
快递,3,3,1.0,2,1.0
怎么全,3,3,1.0,3,0.9183
怎么都,3,3,1.0,3,0.9183
怒火,3,3,0.5,2,1.585
怪盗,3,3,1.0,2,1.0
怪谈游戏,3,3,1.0,4,0.0
总督,3,1,1.0,2,0.0
恋爱日常,3,3,0.3333,4,1.585
恋爱游戏,3,3,0.3333,4,1.585
恋爱脑,3,3,1.0,3,1.0
恒星,3,3,1.0,2,0.9183
恶人,3,3,0.5,2,1.0
恶女,3,3,1.0,2,0.0
恶龙,3,3,0.5,2,-1.0
悄悄,3,3,1.0,2,0.9183
悟空,3,1,1.0,2,0.0
悠然,3,3,0.5,2,1.0
悠闲人,3,1,0.6667,3,0.9183
惊悚游戏,3,3,1.0,4,1.0
想当影帝,3,3,0.3333,4,1.585
想杀,3,1,0.6667,2,0.9183
想被,3,3,0.3333,2,1.585
想进步,3,1,1.0,3,0.0
愿望,3,3,0.5,2,1.0
戏不,3,1,0.6667,2,0.9183
戏太,3,1,0.6667,2,0.9183
成为人,3,1,0.6667,3,0.9183
成为传说,3,3,0.3333,4,1.585
成了一,3,1,0.6667,3,0.9183
成了我,3,1,0.6667,3,0.9183
成了魔,3,3,0.3333,3,1.585
成人,3,1,0.6667,2,0.9183
成武,3,1,0.6667,2,0.9183
成超,3,3,0.3333,2,1.585
我不可能是,3,3,0.5,5,1.585
我不想当,3,3,1.0,4,0.0
我为王,3,3,0.5,3,-1.0
我举世,3,1,1.0,3,0.9183
我于,3,1,0.6667,2,0.9183
我以武道,3,3,0.3333,4,1.585
我们的,3,3,1.0,3,0.0
我体内有,3,3,0.3333,4,1.585
我修炼,3,3,0.3333,3,1.585
我入,3,1,0.6667,2,0.9183
我全家都,3,1,0.6667,4,0.9183
我写,3,3,1.0,2,1.0
我变成了,3,3,0.3333,4,1.585
我只想安静地,3,3,0.3333,6,1.585
我可不是,3,3,0.3333,4,1.585
我同时穿越,3,1,1.0,5,0.9183
我在天,3,1,0.6667,3,0.9183
我在斗罗,3,3,1.0,4,0.0
我在末,3,3,0.3333,3,1.585
我在火影,3,3,0.3333,4,1.585
我在现代,3,1,0.6667,4,0.9183
我在神,3,3,0.3333,3,1.585
我在美国,3,3,0.3333,4,1.585
我在美漫,3,3,0.3333,4,1.585
我太,3,3,1.0,2,1.0
我抢,3,1,0.6667,2,0.9183
我是一,3,3,1.0,3,1.0
我是传奇,3,1,1.0,4,-1.0
我是神,3,3,0.5,3,1.0
我最,3,3,1.0,2,1.0
我有一个异世界,3,3,0.0,7,-1.0
我有一卷,3,3,0.3333,4,1.585
我有一枚,3,3,0.3333,4,1.585
我武,3,3,0.3333,2,1.585
我死,3,3,1.0,2,1.0
我每,3,1,0.6667,2,0.9183
我没想,3,3,0.3333,3,1.585
我的专属,3,3,0.3333,4,1.585
我的前世,3,3,0.3333,4,1.585
我的天,3,1,0.6667,3,0.9183
我的夫,3,1,0.6667,3,0.9183
我的年代,3,3,0.5,4,-1.0
我的忍,3,1,0.6667,3,0.9183
我的成,3,1,0.6667,3,0.9183
我的文艺,3,1,0.6667,4,0.9183
我的明,3,1,0.6667,3,0.9183
我的梦,3,1,0.6667,3,0.9183
我的武功,3,3,0.3333,4,1.585
我的物品能,3,1,0.6667,5,0.9183
我的生,3,1,0.6667,3,0.9183
我的美女,3,3,0.3333,4,1.585
我的超能力每周刷新,3,3,0.0,9,-1.0
我的身体有,3,3,0.5,5,1.585
我的重返,3,3,1.0,4,0.9183
我直,3,1,0.6667,2,0.9183
我看,3,3,1.0,2,0.0
我真得,3,1,0.6667,3,0.9183
我真的不想,3,3,0.3333,5,1.585
我神,3,1,1.0,2,0.9183
我绝,3,1,1.0,2,0.0
我编,3,1,1.0,2,0.0
我能听到,3,3,0.3333,4,1.585
我能回,3,1,0.6667,3,0.9183
我能提取,3,3,0.3333,4,1.585
我能进入,3,3,0.3333,4,1.585
我被迫成,3,1,1.0,4,0.9183
我要当,3,3,1.0,3,1.0
我觉醒,3,1,0.6667,3,0.9183
我都成,3,3,0.3333,3,1.585
战之,3,1,0.6667,2,0.9183
战场捡,3,1,0.6667,3,0.9183
战士,3,3,0.3333,2,1.585
战记,3,3,0.3333,2,1.585
户开始,3,3,1.0,3,0.0
扇门,3,1,0.6667,2,0.9183
手术,3,1,1.0,2,0.0
手机,3,3,0.5,2,1.0
才不要,3,1,0.6667,3,0.9183
才子,3,3,0.3333,2,1.585
打下,3,1,1.0,2,0.9183
打野啊,3,1,0.6667,3,0.9183
扬帆,3,1,1.0,2,0.0
承包,3,1,0.6667,2,0.9183
抗日,3,1,0.6667,2,0.9183
报国,3,1,1.0,2,0.9183
报警,3,3,1.0,2,0.9183
拉满,3,3,0.5,2,1.0
拜入,3,3,0.3333,2,1.585
拥有,3,3,0.3333,2,1.585
拼图,3,3,1.0,2,0.0
振兴,3,3,0.3333,2,1.585
捉妖,3,3,0.5,2,1.0
捕快,3,3,1.0,2,0.0
捡了,3,1,0.6667,2,0.9183
捡漏,3,3,0.5,2,1.585
控卫,3,3,1.0,2,0.0
推演,3,3,0.5,2,1.0
提前登陆,3,3,0.3333,4,1.585
摄影,3,3,0.3333,2,1.585
摄政,3,1,0.6667,2,0.9183
摆摊,3,3,1.0,2,0.9183
操控,3,3,1.0,2,1.0
支教,3,3,0.5,2,1.0
改变,3,1,0.6667,2,0.9183
放纵,3,1,0.6667,2,0.9183
故事,3,1,1.0,2,0.0
救世组织,3,3,1.0,4,0.0
救命,3,3,1.0,2,1.0
敕封,3,3,0.5,2,1.585
教书,3,3,0.5,2,1.585
教大,3,1,0.6667,2,0.9183
教皇,3,3,0.5,2,1.0
数据化,3,1,0.6667,3,0.9183
文化入侵,3,3,1.0,4,1.0
文艺人生,3,1,1.0,4,-1.0
文艺生活,3,3,0.5,4,-1.0
斗罗之我的,3,1,0.6667,5,0.9183
斗罗开始的,3,1,1.0,5,0.0
方士,3,3,1.0,2,0.0
方知,3,1,0.6667,2,0.9183
旅行家,3,3,0.3333,3,1.585
族的,3,3,0.3333,2,1.585
族长,3,3,0.5,2,1.0
无人,3,1,0.6667,2,0.9183
无罪,3,3,1.0,2,1.0
无耻,3,3,1.0,2,1.0
无边,3,1,0.6667,2,0.9183
无限世界,3,3,0.5,4,1.0
无限升级,3,3,0.3333,4,1.585
无限强化,3,3,0.3333,4,1.585
无限恐怖,3,1,1.0,4,-1.0
无限模拟,3,1,0.6667,4,0.9183
日支配者,3,1,1.0,4,0.0
日月,3,1,1.0,2,0.0
时光之,3,3,1.0,3,1.0
时空穿,3,1,0.6667,3,0.9183
明明超,3,1,0.6667,3,0.9183
明星们,3,1,0.6667,3,0.9183
明星老,3,1,0.6667,3,0.9183
昏君,3,3,0.5,2,-1.0
星之,3,1,0.6667,2,0.9183
星传,3,1,0.6667,2,0.9183
星卡师,3,3,0.3333,3,1.585
星河之,3,3,0.3333,3,1.585
星海,3,3,0.5,2,1.0
星渊,3,3,1.0,2,0.0
星界,3,3,0.3333,2,1.585
星的,3,3,0.5,2,1.0
星际之,3,3,0.3333,3,1.585
星际战,3,1,0.6667,3,0.9183
春归,3,3,0.3333,2,1.585
是一个,3,1,0.6667,3,0.9183
是不,3,3,0.3333,2,1.585
是仙,3,1,0.6667,2,0.9183
是你,3,1,0.6667,2,0.9183
是吗,3,3,0.3333,2,1.585
是地,3,1,0.6667,2,0.9183
是天后,3,3,1.0,3,1.0
是妖魔,3,3,1.0,3,0.0
是康熙,3,1,0.6667,3,0.9183
是怪,3,1,0.6667,2,0.9183
是文,3,1,0.6667,2,0.9183
是禁,3,3,0.3333,2,1.585
是秦始皇,3,3,1.0,4,0.0
是这么,3,3,0.3333,3,1.585
是这样子的,3,1,0.6667,5,0.9183
是邪,3,1,0.6667,2,0.9183
是重生,3,3,0.3333,3,1.585
是龙,3,1,0.6667,2,0.9183
晚唐,3,3,1.0,2,0.0
暗黑,3,3,0.5,2,1.0
暧昧,3,3,1.0,2,0.0
最强剑,3,3,0.3333,3,1.585
最狠,3,1,0.6667,2,0.9183
月开始,3,3,1.0,3,0.0
有亿,3,1,0.6667,2,0.9183
有兴趣,3,1,0.6667,3,0.9183
有妖,3,1,0.6667,2,0.9183
有救,3,1,0.6667,2,0.9183
有点怪,3,3,0.3333,3,1.585
有神,3,3,0.3333,2,1.585
朕的,3,3,0.3333,2,1.585
朝天,3,3,1.0,2,0.0
朝廷,3,1,1.0,2,0.0
朝阳,3,3,1.0,2,0.0
木匠,3,1,0.6667,2,0.9183
未来之,3,3,1.0,3,0.0
术士的,3,3,0.5,3,1.0
机械师,3,3,1.0,3,0.0
机缘,3,3,0.5,2,1.0
杀死,3,3,1.0,2,0.0
杀猪,3,1,0.6667,2,0.9183
杂役,3,3,0.3333,2,1.585
权柄,3,3,0.5,2,-1.0
权游,3,3,1.0,2,0.9183
李世民,3,3,0.3333,3,1.585
材料,3,3,1.0,2,0.0
极端,3,1,1.0,2,0.0
极致,3,1,1.0,2,0.0
柯南之我,3,3,0.3333,4,1.585
校开始,3,3,0.3333,3,1.585
格斗,3,3,0.5,2,1.0
梦魇,3,3,1.0,2,0.0
楼开始,3,1,1.0,3,0.0
概念,3,1,1.0,2,0.9183
横扫,3,3,0.5,2,1.0
横推武道,3,3,0.0,4,-1.0
欢迎来到,3,3,0.5,4,1.585
歌坛,3,3,0.3333,2,1.585
歌王,3,3,0.5,2,-1.0
正在,3,3,0.3333,2,1.585
正常的,3,1,0.6667,3,0.9183
武侠之,3,3,0.3333,3,1.585
武僧,3,1,1.0,2,0.0
武大郎,3,1,0.6667,3,0.9183
武夫,3,3,0.3333,2,1.585
武尊,3,3,1.0,2,0.0
武术,3,3,1.0,2,0.0
武极,3,3,0.3333,2,1.585
武道世界,3,3,0.5,4,1.0
死人,3,1,1.0,2,0.0
死如,3,1,0.6667,2,0.9183
死灵法师,3,3,1.0,4,0.0
死神之,3,3,1.0,3,0.0
每天一,3,3,0.3333,3,1.585
气运词条,3,3,1.0,4,0.0
水群,3,1,0.6667,2,0.9183
永不,3,3,0.5,2,1.585
求求,3,1,0.6667,2,0.9183
汉末,3,3,0.5,2,1.0
江山美,3,1,0.6667,3,0.9183
没上,3,3,0.3333,2,1.585
没有格局,3,1,0.6667,4,0.9183
沧海,3,3,1.0,2,0.0
河山,3,3,1.0,2,0.0
沸腾,3,3,1.0,2,0.0
法典,3,3,0.3333,2,1.585
法官,3,1,1.0,2,0.0
法无,3,1,0.6667,2,0.9183
洛杉矶,3,3,1.0,3,0.0
活人,3,3,1.0,2,1.0
活在,3,3,0.3333,2,1.585
流的,3,1,0.6667,2,0.9183
流量,3,3,0.5,2,1.585
浪潮,3,3,0.5,2,1.585
海王,3,3,1.0,2,0.0
淡定,3,3,1.0,2,0.0
深空之,3,3,0.3333,3,1.585
混元,3,3,0.3333,2,1.585
混子,3,3,0.3333,2,1.585
混沌,3,3,1.0,2,0.0
渔夫,3,3,1.0,2,0.0
渔猎,3,3,0.3333,2,1.585
渡劫,3,3,1.0,2,0.0
港综世界,3,3,0.5,4,1.0
港综从,3,3,0.3333,3,1.585
游之一,3,1,0.6667,3,0.9183
游之大,3,1,0.6667,3,0.9183
游大,3,3,0.3333,2,1.585
游开始,3,1,0.6667,3,0.9183
游戏制作,3,3,1.0,4,0.9183
游戏开始,3,1,0.6667,4,0.9183
游戏成真,3,1,1.0,4,0.9183
游戏设计师,3,3,1.0,5,0.0
满唐,3,3,0.3333,2,1.585
满满,3,3,1.0,2,0.0
漩涡,3,1,0.6667,2,0.9183
火之,3,1,0.6667,2,0.9183
火了,3,3,1.0,2,0.0
火爆,3,3,0.5,2,1.0
火球,3,3,0.5,2,1.585
火龙,3,3,0.3333,2,1.585
灭了,3,3,1.0,2,1.0
炸了,3,3,0.3333,2,1.585
点强,3,3,0.3333,2,1.585
点点,3,1,0.6667,2,0.9183
炼气,3,3,0.5,2,1.585
烂片,3,1,1.0,2,0.0
烬之,3,3,0.3333,2,1.585
爆星,3,3,1.0,2,1.0
爱上我,3,3,0.3333,3,1.585
爱好,3,3,0.5,2,1.0
爷开始,3,1,0.6667,3,0.9183
爸爸,3,3,1.0,2,1.0
片开始,3,1,0.6667,3,0.9183
特摄,3,3,1.0,2,0.9183
特效,3,3,0.5,2,1.0
狂魔,3,1,0.6667,2,0.9183
狐仙,3,3,1.0,2,0.0
狐狸,3,3,0.5,2,1.0
狗官,3,3,1.0,2,1.0
独断,3,1,0.6667,2,0.9183
独步,3,3,0.5,2,-1.0
独自,3,3,1.0,2,0.9183
狱开始,3,1,1.0,3,0.0
猎杀,3,3,0.5,2,1.0
玄德,3,3,1.0,2,0.0
王国,3,3,0.5,2,1.0
玩转,3,3,0.5,2,1.0
环开始,3,1,1.0,3,0.0
球啊,3,1,0.6667,2,0.9183
球游戏,3,1,0.6667,3,0.9183
理人,3,1,0.6667,2,0.9183
璀璨,3,3,0.3333,2,1.585
生东京,3,1,0.6667,3,0.9183
生在,3,1,1.0,2,0.0
生我,3,1,0.6667,2,0.9183
生种,3,3,0.3333,2,1.585
生道,3,1,0.6667,2,0.9183
甲子,3,3,0.3333,2,1.585
电竞,3,1,1.0,2,0.9183
画风,3,3,0.5,2,1.585
界中,3,3,0.3333,2,1.585
界之旅,3,1,0.6667,3,0.9183
界从,3,1,0.6667,2,0.9183
界做,3,1,0.6667,2,0.9183
界只有,3,1,0.6667,3,0.9183
界归来,3,3,1.0,3,1.0
界成,3,3,0.3333,2,1.585
界武,3,1,0.6667,2,0.9183
界生活,3,1,0.6667,3,0.9183
界的我,3,1,0.6667,3,0.9183
留过学,3,1,0.6667,3,0.9183
疯子,3,3,0.3333,2,1.585
病娇,3,1,1.0,2,0.0
登神,3,1,1.0,2,-1.0
登顶,3,3,1.0,2,0.0
白银,3,3,1.0,2,0.0
百亿,3,3,0.5,2,1.585
百炼成,3,3,1.0,3,0.0
百鬼,3,1,0.6667,2,0.9183
的东京,3,1,1.0,3,0.9183
的中,3,1,0.6667,2,0.9183
的书,3,1,0.6667,2,0.9183
的假,3,3,0.3333,2,1.585
的光,3,1,0.6667,2,0.9183
的剑,3,1,0.6667,2,0.9183
的副,3,1,0.6667,2,0.9183
的后,3,3,0.3333,2,1.585
的地球,3,1,0.6667,3,0.9183
的外,3,3,0.3333,2,1.585
的大明,3,3,1.0,3,0.0
的妖,3,3,0.3333,2,1.585
的学霸,3,3,0.5,3,1.0
的工,3,1,0.6667,2,0.9183
的影帝,3,3,0.5,3,1.0
的御,3,1,0.6667,2,0.9183
的恶,3,3,0.3333,2,1.585
的情报,3,1,0.6667,3,0.9183
的我只好,3,3,0.3333,4,1.585
的我只能去,3,3,0.3333,5,1.585
的我怎么,3,1,0.6667,4,0.9183
的我爆红了,3,3,0.3333,5,1.585
的我终,3,1,0.6667,3,0.9183
的我被迫,3,1,0.6667,4,0.9183
的文艺时代,3,1,0.6667,5,0.9183
的日常生活,3,3,0.3333,5,1.585
的时代,3,1,0.6667,3,0.9183
的星,3,3,0.3333,2,1.585
的替身,3,3,0.5,3,1.0
的末世,3,1,0.6667,3,0.9183
的模,3,1,0.6667,2,0.9183
的武者,3,3,1.0,3,0.0
的死神,3,3,0.3333,3,1.585
的海,3,1,0.6667,2,0.9183
的火影忍者,3,3,0.3333,5,1.585
的猎,3,3,0.3333,2,1.585
的真,3,3,0.3333,2,1.585
的科技,3,3,0.3333,3,1.585
的穿,3,1,0.6667,2,0.9183
的精,3,1,0.6667,2,0.9183
的艺人,3,1,0.6667,3,0.9183
的词条,3,3,0.3333,3,1.585
的邪,3,1,0.6667,2,0.9183
的魔法师,3,3,0.3333,4,1.585
皇的,3,3,0.3333,2,1.585
监国,3,3,1.0,2,0.9183
盗贼,3,3,1.0,2,0.0
盯上,3,3,1.0,2,0.0
直接,3,1,0.6667,2,0.9183
相亲对象,3,3,1.0,4,0.0
相信,3,1,0.6667,2,0.9183
相师,3,1,0.6667,2,0.9183
真是太,3,3,0.3333,3,1.585
真要,3,1,0.6667,2,0.9183
眼中的火影世界,3,3,0.3333,7,1.585
着一,3,1,0.6667,2,0.9183
知是,3,1,0.6667,2,0.9183
知青,3,1,0.6667,2,0.9183
破苍穹,3,1,1.0,3,0.0
祖了,3,1,0.6667,2,0.9183
祖师爷,3,3,1.0,3,0.0
神之我,3,1,0.6667,3,0.9183
神兽,3,3,1.0,2,0.0
神剑,3,3,1.0,2,0.0
神奇,3,3,1.0,2,1.0
神王,3,3,0.3333,2,1.585
神祇,3,1,1.0,2,0.0
神竟是我自己,3,3,0.3333,6,1.585
神纹,3,3,0.3333,2,1.585
神经,3,1,0.6667,2,0.9183
神话纪元,3,3,1.0,4,-1.0
神降临,3,3,0.3333,3,1.585
祸害,3,1,1.0,2,0.0
禁区之,3,3,0.3333,3,1.585
福运,3,3,0.5,2,1.0
科学的,3,1,0.6667,3,0.9183
科幻,3,3,0.5,2,1.585
科技大,3,1,0.6667,3,0.9183
科技系统,3,1,0.6667,4,0.9183
科技霸主,3,1,1.0,4,0.0
秘之,3,1,0.6667,2,0.9183
空想,3,3,1.0,2,0.0
穿越三,3,1,1.0,3,0.0
穿越之,3,3,0.3333,3,1.585
穿越从,3,3,0.3333,3,1.585
穿越后,3,3,1.0,3,0.0
突破,3,3,1.0,2,0.0
童话,3,1,1.0,2,0.0
第一人,3,3,0.3333,3,1.585
第一深情,3,3,0.3333,4,1.585
第一狠人,3,3,0.3333,4,1.585
第一玩家,3,3,0.5,4,-1.0
第二,3,3,0.5,2,1.0
粉碎星球,3,3,0.3333,4,1.585
系大,3,3,0.3333,2,1.585
系巨星,3,3,0.3333,3,1.585
系统之,3,3,0.5,3,1.0
系统什么鬼,3,3,0.3333,5,1.585
系统才来,3,3,1.0,4,0.9183
系统提前,3,3,1.0,4,0.0
红开始,3,3,1.0,3,0.0
红温,3,1,1.0,2,0.9183
红色,3,3,1.0,2,1.0
红警,3,1,0.6667,2,0.9183
红龙,3,3,0.3333,2,1.585
级大,3,1,0.6667,2,0.9183
级学霸,3,1,0.6667,3,0.9183
级工,3,1,0.6667,2,0.9183
级玩家,3,1,0.6667,3,0.9183
级神,3,1,0.6667,2,0.9183
纪事,3,3,0.3333,2,1.585
纲手,3,3,0.5,2,1.585
练级,3,3,0.5,2,1.0
终于,3,3,0.5,2,1.585
终成,3,1,0.6667,2,0.9183
经纪,3,1,0.6667,2,0.9183
绑架,3,1,1.0,2,0.9183
结局,3,3,1.0,2,0.0
给你,3,3,0.5,2,1.0
绝境,3,3,1.0,2,0.0
统的,3,1,0.6667,2,0.9183
维度魔神,3,3,0.5,4,1.0
绿茵,3,3,0.3333,2,1.585
罐子,3,1,1.0,2,0.0
网游之神,3,1,0.6667,4,0.9183
网王,3,3,1.0,2,0.0
美剧,3,3,0.5,2,1.0
美少女,3,3,0.3333,3,1.585
美式居合,3,3,1.0,4,0.0
美漫之,3,1,0.6667,3,0.9183
美漫从,3,3,1.0,3,0.0
美漫大,3,3,0.3333,3,1.585
美综,3,3,1.0,2,0.0
美警,3,3,1.0,2,0.0
老大,3,1,0.6667,2,0.9183
老爷,3,1,1.0,2,0.0
老祖宗,3,3,0.3333,3,1.585
而已,3,3,0.3333,2,1.585
职业面板,3,1,0.6667,4,0.9183
职艺术家,3,1,0.6667,4,0.9183
胜者,3,1,1.0,2,0.0
能修,3,3,0.3333,2,1.585
能处,3,3,0.3333,2,1.585
能开始,3,3,0.3333,3,1.585
能点,3,1,1.0,2,0.9183
能量,3,1,0.6667,2,0.9183
脱下,3,1,0.6667,2,0.9183
致命,3,3,0.5,2,1.0
良医,3,3,0.3333,2,1.585
艺开始,3,1,1.0,3,0.0
艾尔登,3,1,1.0,3,0.9183
花宝,3,1,0.6667,2,0.9183
英伦,3,3,1.0,2,0.0
荒岛,3,3,0.5,2,1.585
荣华,3,3,1.0,2,0.0
药了,3,3,1.0,2,0.9183
药铺,3,1,0.6667,2,0.9183
莽荒,3,1,1.0,2,0.9183
落地,3,3,1.0,2,0.0
落网,3,1,1.0,2,0.9183
蓝染,3,3,1.0,2,0.0
蓝银草,3,3,1.0,3,1.0
虚空,3,1,0.6667,2,0.9183
血统,3,3,1.0,2,0.0
行天下,3,3,0.3333,3,1.585
行星,3,1,1.0,2,0.0
街开始,3,3,1.0,3,0.0
被人,3,3,0.3333,2,1.585
被全,3,1,0.6667,2,0.9183
被唐,3,1,0.6667,2,0.9183
被我,3,3,0.3333,2,1.585
被曝光了,3,1,0.6667,4,0.9183
被迫成为,3,3,0.5,4,1.585
装备栏,3,1,0.6667,3,0.9183
西游开,3,1,0.6667,3,0.9183
观众,3,3,0.5,2,1.0
警事,3,3,0.3333,2,1.585
让你做游戏,3,3,0.0,5,-1.0
训练师,3,3,0.3333,3,1.585
记忆,3,3,0.5,2,1.0
词条开始,3,3,1.0,4,0.0
说你,3,3,0.5,2,1.0
请叫我,3,3,0.3333,3,1.585
请陛下称,3,1,0.6667,4,0.9183
诸天大佬,3,3,1.0,4,0.0
诸天旅,3,1,1.0,3,0.0
诸天神,3,1,0.6667,3,0.9183
诸天轮回,3,1,1.0,4,0.0
诸神,3,1,1.0,2,0.0
读档,3,3,1.0,2,0.0
谁把,3,3,0.3333,2,1.585
谁教你这,3,1,0.6667,4,0.9183
谁说我,3,3,0.3333,3,1.585
谁谈恋爱啊,3,1,0.6667,5,0.9183
调查员,3,3,0.3333,3,1.585
调香,3,1,1.0,2,0.0
谍战生,3,1,1.0,3,0.0
谪仙,3,3,1.0,2,0.0
贵女,3,3,1.0,2,0.0
走出的强者,3,1,0.6667,5,0.9183
起家,3,1,0.6667,2,0.9183
超凡世界,3,3,0.5,4,1.0
超凡大,3,3,0.3333,3,1.585
超凶,3,1,1.0,2,0.0
超品,3,3,0.3333,2,1.585
超市,3,3,0.5,2,1.0
超有,3,3,0.3333,2,1.585
跑出,3,3,0.5,2,1.0
路明非不,3,1,1.0,4,0.0
身份被,3,1,0.6667,3,0.9183
身的,3,3,0.3333,2,1.585
过气,3,3,1.0,2,0.0
运之,3,1,0.6667,2,0.9183
还好我,3,1,0.6667,3,0.9183
还是,3,3,0.5,2,1.0
这个世界,3,3,0.5,4,1.585
这个中,3,1,1.0,3,0.9183
这个主,3,3,0.3333,3,1.585
这个导演,3,3,0.3333,4,1.585
这个巫,3,1,1.0,3,0.0
这个影帝,3,1,0.6667,4,0.9183
这个文,3,1,0.6667,3,0.9183
这个武圣,3,3,0.3333,4,1.585
这个男人太,3,3,0.3333,5,1.585
这个皇,3,1,0.6667,3,0.9183
这个选手,3,3,0.3333,4,1.585
这主播,3,1,0.6667,3,0.9183
这位,3,3,0.3333,2,1.585
这只,3,3,1.0,2,1.0
这是我,3,1,0.6667,3,0.9183
这顶流,3,3,1.0,3,1.0
进度,3,1,1.0,2,0.0
进球,3,3,1.0,2,0.0
迹之,3,1,0.6667,2,0.9183
追求,3,3,0.5,2,1.0
逃荒,3,1,1.0,2,0.0
逆天啊,3,3,0.3333,3,1.585
逆行,3,1,1.0,2,0.0
逆袭系统来了,3,3,0.5,6,1.585
途径,3,3,1.0,2,0.0
通古,3,1,0.6667,2,0.9183
造化之,3,3,0.3333,3,1.585
造神,3,1,1.0,2,0.0
逮捕,3,3,0.5,2,1.585
逼人,3,1,1.0,2,0.0
遍地,3,3,0.5,2,1.0
道从,3,1,0.6667,2,0.9183
道无,3,3,0.3333,2,1.585
道生,3,1,0.6667,2,0.9183
道的,3,3,0.3333,2,1.585
道真,3,3,0.3333,2,1.585
道证,3,1,0.6667,2,0.9183
道长别,3,1,0.6667,3,0.9183
那就,3,3,1.0,2,1.0
那年,3,3,1.0,2,0.0
邪修,3,3,0.5,2,1.585
邪恶,3,1,0.6667,2,0.9183
邪魔,3,3,1.0,2,0.9183
都别,3,3,0.5,2,1.585
都大,3,3,0.5,2,1.0
都是真,3,1,0.6667,3,0.9183
酒剑,3,1,1.0,2,0.9183
醉枕,3,3,0.3333,2,1.585
里的大,3,3,0.3333,3,1.585
重启人生,3,3,1.0,4,-1.0
重生之实业,3,1,0.6667,5,0.9183
重生之最强,3,3,0.3333,5,1.585
重生之神级,3,3,0.3333,5,1.585
重生女,3,1,0.6667,3,0.9183
重生小,3,3,0.3333,3,1.585
重生过去,3,1,0.6667,4,0.9183
野性,3,3,1.0,2,0.0
金丹,3,3,0.5,2,1.0
金乌,3,3,1.0,2,0.0
金枝,3,3,1.0,2,0.0
钢铁侠,3,3,0.3333,3,1.585
银河,3,3,1.0,2,0.0
银狐,3,1,1.0,2,0.0
长姐,3,3,1.0,2,0.0
长河,3,3,0.5,2,1.585
长生不老,3,3,1.0,4,0.0
长生武道,3,3,0.0,4,-1.0
长生路,3,1,0.6667,3,0.9183
门大,3,3,0.3333,2,1.585
门徒,3,3,1.0,2,0.0
闺蜜,3,3,0.3333,2,1.585
阎王,3,1,0.6667,2,0.9183
队友,3,3,0.5,2,1.585
阳开始,3,1,1.0,3,0.0
阳神,3,3,1.0,2,0.0
阳间,3,1,1.0,2,0.9183
阴影,3,1,0.6667,2,0.9183
阿斯,3,3,0.5,2,1.0
附身,3,3,1.0,2,0.0
限制级,3,3,0.3333,3,1.585
院长,3,3,1.0,2,0.0
陪练,3,3,0.5,2,1.0
随心所欲,3,3,1.0,4,0.0
随机,3,3,0.5,2,1.0
随身带个,3,3,0.3333,4,1.585
隐秘,3,3,0.3333,2,1.585
零后,3,1,0.6667,2,0.9183
霍格沃茨开,3,1,0.6667,5,0.9183
霸天下,3,1,0.6667,3,0.9183
青城,3,1,0.6667,2,0.9183
非常,3,1,0.6667,2,0.9183
靠谱,3,3,1.0,2,0.0
面壁,3,1,1.0,2,0.0
韩城,3,1,1.0,2,0.0
韩娱之,3,3,0.3333,3,1.585
顶流了,3,3,0.3333,3,1.585
顶级,3,3,1.0,2,0.0
飞行,3,3,0.3333,2,1.585
食戟,3,3,1.0,2,0.0
食物链顶端的,3,1,1.0,6,0.0
餐厅,3,3,0.5,2,1.0
香火,3,3,1.0,2,0.0
驱魔人,3,3,1.0,3,0.0
骷髅兵,3,3,0.5,3,1.0
鬼才,3,3,1.0,2,0.0
魂殿,3,1,1.0,2,0.0
魔了,3,3,0.3333,2,1.585
魔开始,3,3,0.5,3,1.0
魔教教主,3,1,0.6667,4,0.9183
魔道,3,3,0.5,2,1.0
鹰犬,3,1,0.6667,2,0.9183
黄金时代,3,3,0.5,4,1.585
黎明之,3,3,1.0,3,0.0
黑魔,3,1,0.6667,2,0.9183
龙夺嫡,3,1,1.0,3,0.0
龙的,3,1,0.6667,2,0.9183
龙皇,3,3,0.5,2,1.0
一世之尊,2,2,1.0,4,0.0
一个人砍翻,2,2,1.0,5,0.0
一个位面,2,2,1.0,4,0.0
一个修仙,2,2,0.5,4,1.0
一个星,2,2,0.5,3,1.0
一个武道,2,2,0.5,4,1.0
一个神,2,2,1.0,3,0.0
一个魔,2,2,0.5,3,1.0
一九八,2,2,1.0,3,0.0
一人之下的,2,2,0.5,5,-1.0
一六,2,2,0.5,2,1.0
一切从,2,2,0.5,3,-1.0
一剑斩,2,2,0.5,3,-1.0
一句,2,2,0.5,2,-1.0
一只猫,2,2,0.5,3,-1.0
一号,2,2,0.5,2,-1.0
一夕,2,2,0.5,2,-1.0
一太,2,2,0.5,2,1.0
一心修仙,2,2,0.0,4,-1.0
一朝,2,2,1.0,2,0.0
一生,2,2,0.5,2,-1.0
一百年,2,2,0.5,3,-1.0
一秒,2,2,1.0,2,0.0
一笑,2,2,0.5,2,-1.0
一线,2,2,0.5,2,-1.0
一群,2,2,0.5,2,1.0
一面,2,2,0.5,2,1.0
七零,2,2,1.0,2,0.0
万人,2,2,1.0,2,1.0
万千,2,2,1.0,2,0.0
万古最强,2,2,0.5,4,-1.0
万妖之祖,2,2,1.0,4,-1.0
万寿,2,2,1.0,2,1.0
万法道君,2,2,1.0,4,-1.0
万物信息,2,2,0.5,4,-1.0
万界武侠,2,2,0.5,4,-1.0
万界的,2,2,0.5,3,1.0
丈夫,2,2,0.5,2,-1.0
三十而立,2,2,0.0,4,-1.0
三千万,2,2,0.5,3,-1.0
三国从救曹操,2,2,0.5,6,-1.0
三国战,2,2,1.0,3,0.0
三国演义,2,2,0.5,4,-1.0
三寸,2,2,1.0,2,0.0
三清,2,2,1.0,2,0.0
三眼,2,2,0.5,2,-1.0
上下,2,2,0.5,2,1.0
上台,2,2,1.0,2,1.0
上品,2,2,1.0,2,0.0
上大学,2,2,1.0,3,1.0
上帝之,2,2,0.5,3,-1.0
上海,2,2,0.5,2,1.0
上神,2,2,1.0,2,0.0
上进,2,2,1.0,2,0.0
下围棋啊,2,2,0.5,4,-1.0
不一样,2,2,1.0,3,0.0
不下去了,2,2,0.5,4,-1.0
不为妃,2,2,0.5,3,-1.0
不二,2,2,0.5,2,-1.0
不会真有人觉得,2,2,0.5,7,-1.0
不住了,2,2,0.5,3,-1.0
不养,2,2,0.5,2,1.0
不凡,2,2,0.5,2,-1.0
不到,2,2,1.0,2,0.0
不削能玩,2,2,0.0,4,-1.0
不务正业,2,2,0.5,4,-1.0
不可名状的,2,2,0.5,5,-1.0
不太冷,2,2,0.5,3,-1.0
不对劲啊,2,2,0.5,4,-1.0
不小心,2,2,0.5,3,1.0
不打,2,2,1.0,2,1.0
不放纵能叫,2,2,0.5,5,-1.0
不易,2,2,0.5,2,-1.0
不是文,2,2,0.5,3,1.0
不是气运之子,2,2,1.0,6,0.0
不是神,2,2,0.5,3,1.0
不是精,2,2,0.5,3,1.0
不是龙,2,2,0.5,3,1.0
不正常的,2,2,1.0,4,0.0
不死人,2,2,1.0,3,0.0
不死的我只,2,2,1.0,5,0.0
不灭,2,2,1.0,2,0.0
不爱,2,2,1.0,2,0.0
不用,2,2,0.5,2,1.0
不相信,2,2,0.5,3,1.0
不知道我,2,2,0.5,4,1.0
不群,2,2,0.5,2,-1.0
不胜,2,2,1.0,2,0.0
不良,2,2,1.0,2,0.0
不行,2,2,0.5,2,1.0
不该,2,2,0.5,2,1.0
不谈,2,2,1.0,2,0.0
不配,2,2,0.5,2,-1.0
与仙,2,2,1.0,2,0.0
与魔法,2,2,1.0,3,0.0
专业,2,2,1.0,2,0.0
世之召唤,2,2,0.5,4,1.0
世书,2,2,0.5,2,-1.0
世医,2,2,0.5,2,1.0
世妖,2,2,0.5,2,1.0
世武,2,2,0.5,2,1.0
世生,2,2,0.5,2,1.0
世界上,2,2,0.5,3,1.0
世界之旅,2,2,0.5,4,-1.0
世界做,2,2,0.5,3,1.0
世界冒,2,2,1.0,3,0.0
世界大抽奖,2,2,0.5,5,-1.0
世界大穿越,2,2,0.5,5,-1.0
世界开始当,2,2,0.5,5,1.0
世界树,2,2,1.0,3,0.0
世界生活,2,2,1.0,4,0.0
世界的我,2,2,0.5,4,1.0
世界的武,2,2,0.5,4,1.0
业主,2,2,1.0,2,0.0
业大亨,2,2,0.5,3,-1.0
业巨头,2,2,0.5,3,-1.0
业开始,2,2,0.5,3,-1.0
业狂魔,2,2,0.5,3,-1.0
业的,2,2,0.5,2,-1.0
业者,2,2,0.5,2,-1.0
东京女,2,2,1.0,3,0.0
东京少女,2,2,1.0,4,0.0
东京文,2,2,0.5,3,-1.0
东京泡沫,2,2,1.0,4,0.0
东宫,2,2,1.0,2,0.0
东方不败,2,2,1.0,4,0.0
东汉,2,2,1.0,2,0.0
两万,2,2,0.5,2,1.0
两千年,2,2,0.5,3,-1.0
两界门,2,2,1.0,3,0.0
个剑,2,2,0.5,2,1.0
个反派,2,2,1.0,3,0.0
个外挂,2,2,1.0,3,0.0
个天才,2,2,1.0,3,0.0
个女,2,2,0.5,2,1.0
个家,2,2,0.5,2,-1.0
个小,2,2,0.5,2,1.0
个我同时穿越,2,2,0.5,6,-1.0
个沙,2,2,0.5,2,1.0
个活,2,2,1.0,2,0.0
个综艺,2,2,0.5,3,1.0
个网,2,2,0.5,2,1.0
个老,2,2,0.5,2,1.0
个诡异,2,2,1.0,3,0.0
个超,2,2,0.5,2,1.0
个都,2,2,0.5,2,1.0
个高武,2,2,0.5,3,1.0
中世纪,2,2,1.0,3,0.0
中东,2,2,1.0,2,0.0
中二,2,2,1.0,2,0.0
中奖一,2,2,0.5,3,1.0
中走出的强者,2,2,0.5,6,-1.0
临异世,2,2,0.5,3,-1.0
临时,2,2,1.0,2,0.0
临渊,2,2,0.5,2,-1.0
临诸天,2,2,0.5,3,-1.0
临门,2,2,0.5,2,-1.0
丹开始,2,2,0.5,3,-1.0
丹朱,2,2,1.0,2,-1.0
为仙,2,2,1.0,2,0.0
为天,2,2,0.5,2,1.0
为贵,2,2,0.5,2,-1.0
为锋,2,2,0.5,2,-1.0
主之路,2,2,0.5,3,-1.0
主持人,2,2,0.5,3,1.0
主神挂了,2,2,1.0,4,-1.0
主神的,2,2,1.0,3,0.0
主饲养,2,2,0.5,3,1.0
举报我,2,2,1.0,3,0.0
么用,2,2,1.0,2,0.0
之万,2,2,0.5,2,1.0
之书,2,2,0.5,2,-1.0
之二,2,2,0.5,2,1.0
之亡灵,2,2,0.5,3,1.0
之人生,2,2,0.5,3,1.0
之仙,2,2,0.5,2,1.0
之代,2,2,0.5,2,1.0
之侠,2,2,0.5,2,1.0
之全民,2,2,0.5,3,1.0
之内,2,2,0.5,2,1.0
之刃,2,2,0.5,2,-1.0
之前,2,2,1.0,2,0.0
之剧,2,2,0.5,2,1.0
之力,2,2,1.0,2,0.0
之十,2,2,0.5,2,1.0
之千,2,2,0.5,2,1.0
之卡,2,2,0.5,2,1.0
之召唤猛将,2,2,0.5,5,-1.0
之商,2,2,0.5,2,1.0
之四,2,2,0.5,2,1.0
之塔,2,2,1.0,2,0.0
之大娱乐家,2,2,1.0,5,0.0
之大道,2,2,0.5,3,1.0
之妖皇,2,2,0.5,3,1.0
之崛起,2,2,0.5,3,-1.0
之巫,2,2,0.5,2,1.0
之平,2,2,0.5,2,1.0
之幸福日常,2,2,0.5,5,-1.0
之开局一个,2,2,0.5,5,1.0
之开局签到,2,2,0.5,5,1.0
之我只,2,2,0.5,3,1.0
之我是传奇,2,2,0.5,5,-1.0
之我有,2,2,0.5,3,1.0
之我真不是,2,2,0.5,5,1.0
之我要,2,2,0.5,3,1.0
之拳,2,2,1.0,2,0.0
之文豪崛起,2,2,0.5,5,-1.0
之日月,2,2,0.5,3,1.0
之明星,2,2,0.5,3,1.0
之暗,2,2,0.5,2,1.0
之最强大,2,2,0.5,4,1.0
之极,2,2,0.5,2,1.0
之死神,2,2,0.5,3,1.0
之流,2,2,0.5,2,1.0
之深渊,2,2,0.5,3,1.0
之漫,2,2,0.5,2,1.0
之灵,2,2,0.5,2,1.0
之灾,2,2,1.0,2,0.0
之狐,2,2,0.5,2,-1.0
之狩,2,2,0.5,2,1.0
之男,2,2,0.5,2,1.0
之祸害,2,2,0.5,3,-1.0
之穿越,2,2,0.5,3,1.0
之系统,2,2,0.5,3,1.0
之红,2,2,0.5,2,1.0
之绝世,2,2,0.5,3,1.0
之缘,2,2,1.0,2,0.0
之老,2,2,0.5,2,1.0
之职业,2,2,1.0,3,1.0
之胜者,2,2,0.5,3,1.0
之花,2,2,0.5,2,1.0
之虚空,2,2,0.5,3,1.0
之西,2,2,0.5,2,1.0
之财,2,2,0.5,2,1.0
之都,2,2,1.0,2,0.0
之银狐,2,2,1.0,3,0.0
之问道,2,2,0.5,3,1.0
之雄,2,2,1.0,2,0.0
之霍雨浩,2,2,0.5,4,1.0
之风,2,2,0.5,2,1.0
之骑士,2,2,1.0,3,0.0
之魔,2,2,0.5,2,1.0
之黑暗,2,2,0.5,3,1.0
乐系统,2,2,1.0,3,0.0
乘龙,2,2,1.0,2,-1.0
九二,2,2,0.5,2,1.0
九六,2,2,0.5,2,-1.0
九重天,2,2,0.5,3,-1.0
九阳,2,2,1.0,2,0.0
也太,2,2,0.5,2,1.0
也能,2,2,0.5,2,1.0
书里,2,2,0.5,2,1.0
买家,2,2,1.0,2,0.0
乱臣贼子,2,2,0.5,4,-1.0
乾隆,2,2,1.0,2,-1.0
了一切,2,2,0.5,3,-1.0
了一只,2,2,0.5,3,1.0
了一座,2,2,0.5,3,1.0
了家,2,2,1.0,2,0.0
了救世,2,2,0.5,3,1.0
了时间线,2,2,0.5,4,-1.0
了最强,2,2,0.5,3,1.0
了灭世,2,2,0.5,3,1.0
了灭霸,2,2,0.5,3,1.0
了百,2,2,0.5,2,1.0
了神话,2,2,0.5,3,1.0
了神通,2,2,1.0,3,0.0
了诡异,2,2,0.5,3,1.0
了谁谈恋爱啊,2,2,0.5,6,-1.0
了谁还打,2,2,0.5,4,1.0
了过,2,2,0.5,2,1.0
了魔皇,2,2,0.5,3,-1.0
了魔门,2,2,0.5,3,1.0
事就,2,2,0.5,2,1.0
二十,2,2,0.5,2,1.0
二哈,2,2,1.0,2,0.0
二大,2,2,0.5,2,1.0
二郎,2,2,0.5,2,1.0
云之,2,2,0.5,2,1.0
云志,2,2,1.0,2,0.0
互穿了,2,2,0.5,3,-1.0
五代,2,2,0.5,2,-1.0
五影,2,2,1.0,2,1.0
五老,2,2,1.0,2,1.0
五脏,2,2,1.0,2,0.0
五行,2,2,1.0,2,0.0
亚人,2,2,1.0,2,0.0
亚当,2,2,1.0,2,0.0
亡灵法,2,2,1.0,3,0.0
京都,2,2,0.5,2,-1.0
亲爱的,2,2,0.0,3,-1.0
人一,2,2,0.5,2,1.0
人世间,2,2,1.0,3,0.0
人从,2,2,0.5,2,1.0
人传,2,2,0.5,2,1.0
人体,2,2,0.5,2,1.0
人你,2,2,0.5,2,1.0
人到中年,2,2,0.0,4,-1.0
人在吞噬,2,2,0.0,4,-1.0
人在大唐,2,2,1.0,4,-1.0
人在封神,2,2,0.0,4,-1.0
人在异界,2,2,0.5,4,-1.0
人在洪,2,2,0.5,3,-1.0
人在海贼,2,2,1.0,4,-1.0
人在火影,2,2,0.0,4,-1.0
人在神,2,2,0.5,3,-1.0
人在秦时,2,2,0.0,4,-1.0
人在美,2,2,0.5,3,-1.0
人大,2,2,0.5,2,1.0
人女,2,2,0.5,2,1.0
人就,2,2,0.5,2,1.0
人当,2,2,0.5,2,1.0
人有,2,2,0.5,2,1.0
人杀,2,2,1.0,2,1.0
人气,2,2,1.0,2,0.0
人深,2,2,0.5,2,1.0
人生路,2,2,0.5,3,-1.0
人的悠闲,2,2,0.5,4,1.0
人皇,2,2,1.0,2,0.0
人竟是,2,2,0.5,3,1.0
人类的,2,2,0.5,3,1.0
人过于,2,2,0.5,3,1.0
人间立,2,2,0.5,3,1.0
亿年,2,2,0.5,2,-1.0
亿点点,2,2,1.0,3,0.0
什么叫我,2,2,1.0,4,0.0
什么年代了,2,2,0.0,5,-1.0
什么意思,2,2,0.5,4,-1.0
今天不上班,2,2,0.5,5,-1.0
今来,2,2,0.5,2,1.0
从一人之下开始,2,2,0.5,7,-1.0
从一人开始,2,2,0.5,5,-1.0
从三国开始,2,2,0.0,5,-1.0
从下乡,2,2,0.5,3,-1.0
从不,2,2,0.5,2,1.0
从东,2,2,1.0,2,1.0
从两界,2,2,0.5,3,-1.0
从中,2,2,1.0,2,1.0
从九龙夺嫡开始,2,2,0.0,7,-1.0
从书,2,2,1.0,2,1.0
从仙,2,2,0.5,2,-1.0
从代,2,2,1.0,2,1.0
从低,2,2,1.0,2,0.0
从全真,2,2,1.0,3,0.0
从八,2,2,0.5,2,-1.0
从养殖,2,2,0.5,3,-1.0
从养生,2,2,1.0,3,1.0
从冒,2,2,0.5,2,-1.0
从军,2,2,0.5,2,-1.0
从决,2,2,0.5,2,-1.0
从分手,2,2,0.5,3,-1.0
从刷,2,2,0.5,2,-1.0
从前,2,2,0.5,2,-1.0
从加点开始,2,2,0.5,5,-1.0
从北,2,2,0.5,2,1.0
从十,2,2,0.5,2,-1.0
从升级,2,2,1.0,3,1.0
从卖,2,2,1.0,2,0.0
从只狼归来的,2,2,0.5,6,-1.0
从合,2,2,0.5,2,-1.0
从吞噬开始,2,2,1.0,5,-1.0
从囚徒到,2,2,0.5,4,-1.0
从国,2,2,0.5,2,-1.0
从大学,2,2,0.5,3,-1.0
从天师,2,2,0.5,3,-1.0
从奇,2,2,1.0,2,1.0
从婴儿开始,2,2,0.5,5,-1.0
从封神,2,2,0.5,3,-1.0
从山寨,2,2,0.5,3,-1.0
从巫,2,2,0.5,2,-1.0
从废,2,2,0.5,2,-1.0
从开,2,2,0.5,2,-1.0
从当爷爷开始,2,2,0.0,6,-1.0
从影,2,2,1.0,2,0.0
从忍界开始,2,2,0.5,5,-1.0
从恋综开始,2,2,1.0,5,-1.0
从我是,2,2,1.0,3,0.0
从战场捡属性开,2,2,0.5,7,-1.0
从战锤,2,2,0.5,3,-1.0
从截胡,2,2,0.5,3,-1.0
从打造,2,2,0.5,3,-1.0
从折纸,2,2,0.5,3,-1.0
从抽卡,2,2,0.5,3,-1.0
从拉,2,2,1.0,2,1.0
从拔,2,2,1.0,2,0.0
从挖,2,2,0.5,2,1.0
从捡到,2,2,1.0,3,1.0
从掌,2,2,0.5,2,-1.0
从掠夺,2,2,1.0,3,1.0
从摆,2,2,1.0,2,1.0
从摸尸,2,2,0.5,3,-1.0
从收,2,2,0.5,2,-1.0
从改变,2,2,1.0,3,1.0
从教,2,2,0.5,2,-1.0
从数据化,2,2,0.5,4,-1.0
从斗罗开始的,2,2,0.5,6,-1.0
从旁门,2,2,0.5,3,-1.0
从无限,2,2,0.5,3,-1.0
从时,2,2,1.0,2,1.0
从晋西北,2,2,0.5,4,-1.0
从有风的地方开始的,2,2,0.5,9,-1.0
从杀手,2,2,0.5,3,-1.0
从杀猪,2,2,0.5,3,-1.0
从杂,2,2,0.5,2,-1.0
从柯南开始,2,2,1.0,5,0.0
从武馆,2,2,0.5,3,-1.0
从死神,2,2,0.5,3,-1.0
从洪荒,2,2,0.5,3,-1.0
从海岛,2,2,1.0,3,1.0
从港片开始,2,2,1.0,5,0.0
从港综开始,2,2,1.0,5,-1.0
从游戏开始,2,2,0.5,5,-1.0
从满,2,2,0.5,2,-1.0
从漫威开始,2,2,1.0,5,0.0
从火影开始做,2,2,0.5,6,-1.0
从灵,2,2,0.5,2,-1.0
从炼,2,2,1.0,2,1.0
从独,2,2,0.5,2,-1.0
从猎魔人,2,2,0.5,4,-1.0
从献,2,2,0.5,2,1.0
从皇,2,2,0.5,2,-1.0
从穿越,2,2,1.0,3,1.0
从笑傲开始,2,2,0.5,5,-1.0
从精,2,2,0.5,2,-1.0
从系统,2,2,1.0,3,1.0
从红楼开始,2,2,1.0,5,0.0
从继承,2,2,1.0,3,0.0
从综艺开始,2,2,1.0,5,0.0
从网络,2,2,1.0,3,0.0
从罗,2,2,0.5,2,-1.0
从自,2,2,1.0,2,0.0
从良,2,2,1.0,2,0.0
从艺,2,2,0.5,2,1.0
从药铺,2,2,0.5,3,-1.0
从行星总督开始,2,2,0.0,7,-1.0
从西游开始,2,2,0.5,5,-1.0
从观想,2,2,1.0,3,0.0
从觉醒,2,2,1.0,3,1.0
从迪迦,2,2,1.0,3,1.0
从送,2,2,0.5,2,-1.0
从选秀,2,2,0.5,3,-1.0
从采,2,2,0.5,2,-1.0
从金刚,2,2,0.5,3,-1.0
从锁龙井开始,2,2,0.5,6,-1.0
从锦衣卫,2,2,1.0,4,0.0
从长津湖开始,2,2,1.0,6,-1.0
从长生开始,2,2,1.0,5,-1.0
从阿兹卡班,2,2,0.5,5,-1.0
从零开始打造,2,2,0.5,6,-1.0
从雷欧,2,2,0.5,3,-1.0
从霍格沃茨开始,2,2,0.5,7,-1.0
从骷髅,2,2,0.5,3,-1.0
从高,2,2,1.0,2,0.0
从魔,2,2,0.5,2,-1.0
从黄,2,2,1.0,2,0.0
从黑科技,2,2,1.0,4,0.0
从黑袍开始,2,2,0.5,5,-1.0
他不,2,2,0.5,2,1.0
他人,2,2,0.5,2,1.0
他太,2,2,1.0,2,0.0
他怎么,2,2,0.5,3,-1.0
他打,2,2,1.0,2,0.0
他来,2,2,0.5,2,-1.0
他真,2,2,1.0,2,1.0
仙三,2,2,0.5,2,1.0
仙人只想,2,2,0.5,4,-1.0
仙传,2,2,1.0,2,0.0
仙列传,2,2,0.5,3,-1.0
仙吏,2,2,0.5,2,-1.0
仙家,2,2,1.0,2,-1.0
仙庭,2,2,0.5,2,-1.0
仙开始,2,2,1.0,3,0.0
仙归来,2,2,0.5,3,1.0
仙有,2,2,0.5,2,1.0
仙王,2,2,1.0,2,-1.0
仙生,2,2,1.0,2,0.0
仙秦,2,2,1.0,2,0.0
仙药,2,2,1.0,2,0.0
仙葫,2,2,1.0,2,-1.0
仙记,2,2,0.5,2,-1.0
仙路,2,2,0.5,2,-1.0
仙难,2,2,0.5,2,1.0
代僵尸,2,2,0.5,3,1.0
代练,2,2,0.5,2,1.0
代艺术家,2,2,0.5,4,-1.0
代言,2,2,1.0,2,0.0
代逆袭,2,2,1.0,3,0.0
以神通,2,2,1.0,3,0.0
以符,2,2,1.0,2,1.0
们不,2,2,0.5,2,1.0
们真,2,2,0.5,2,1.0
们逼我,2,2,0.5,3,1.0
仰大,2,2,0.5,2,1.0
任务日志,2,2,0.5,4,-1.0
伊塔,2,2,0.5,2,-1.0
伏地魔,2,2,1.0,3,1.0
众生,2,2,1.0,2,1.0
优化,2,2,1.0,2,0.0
优秀,2,2,1.0,2,0.0
会开始,2,2,0.5,3,-1.0
会打,2,2,1.0,2,0.0
会挂机,2,2,0.5,3,-1.0
会穿越的道,2,2,0.5,5,-1.0
传人在,2,2,0.5,3,1.0
传奇人生,2,2,1.0,4,-1.0
伪装,2,2,1.0,2,0.0
似水,2,2,0.5,2,1.0
位大,2,2,0.5,2,1.0
位面之,2,2,1.0,3,0.0
位面交易,2,2,0.5,4,1.0
低武世界,2,2,1.0,4,1.0
低维,2,2,0.5,2,-1.0
住口,2,2,1.0,2,-1.0
住手,2,2,0.5,2,-1.0
体坛之,2,2,0.5,3,-1.0
体术,2,2,0.5,2,1.0
体育,2,2,1.0,2,0.0
余晖,2,2,0.5,2,-1.0
你不会,2,2,1.0,3,1.0
你不要,2,2,1.0,3,0.0
你也不想,2,2,0.5,4,-1.0
你人设崩了,2,2,1.0,5,-1.0
你们修仙,2,2,1.0,4,-1.0
你养,2,2,0.5,2,-1.0
你听我解释,2,2,0.0,5,-1.0
你告诉我,2,2,0.5,4,-1.0
你咋,2,2,0.5,2,-1.0
你塑造,2,2,1.0,3,1.0
你就是,2,2,0.5,3,-1.0
你带,2,2,1.0,2,1.0
你当律师,2,2,1.0,4,-1.0
你才,2,2,1.0,2,0.0
你搁这,2,2,0.5,3,-1.0
你是,2,2,0.5,2,-1.0
你来,2,2,0.5,2,-1.0
你真是,2,2,0.5,3,-1.0
你管这叫正,2,2,0.5,5,-1.0
你还说,2,2,0.5,3,-1.0
你钓,2,2,1.0,2,1.0
佬开始,2,2,1.0,3,0.0
佬的,2,2,0.5,2,1.0
佳人,2,2,0.5,2,-1.0
使者,2,2,0.5,2,-1.0
供养,2,2,1.0,2,0.0
侠世界的,2,2,0.5,4,1.0
侠世界里的,2,2,0.5,5,1.0
侠开,2,2,0.5,2,1.0
侯门,2,2,0.5,2,-1.0
侵入,2,2,0.5,2,-1.0
俄罗斯当寡头,2,2,0.5,6,-1.0
保镖,2,2,0.5,2,-1.0
信我,2,2,1.0,2,0.0
信条,2,2,0.5,2,-1.0
修仙之,2,2,0.5,3,1.0
修仙了,2,2,0.5,3,-1.0
修仙大,2,2,0.5,3,1.0
修仙小,2,2,0.5,3,1.0
修仙就是这,2,2,0.5,5,-1.0
修仙的我,2,2,1.0,4,0.0
修仙长生,2,2,1.0,4,0.0
修仙靠,2,2,0.5,3,-1.0
修复,2,2,1.0,2,0.0
修成,2,2,0.5,2,1.0
修炼武,2,2,1.0,3,0.0
修神,2,2,1.0,2,0.0
修罗,2,2,1.0,2,0.0
修行笔记,2,2,0.5,4,-1.0
修行者,2,2,1.0,3,0.0
修道人生,2,2,0.5,4,-1.0
修道者,2,2,0.5,3,-1.0
俺寻思这挺,2,2,0.5,5,-1.0
债主,2,2,1.0,2,0.0
倾天下,2,2,0.5,3,-1.0
假成真,2,2,0.5,3,-1.0
假面骑士,2,2,1.0,4,0.0
做到极致,2,2,0.5,4,-1.0
做游戏是,2,2,0.5,4,1.0
做男神,2,2,1.0,3,-1.0
做的,2,2,0.5,2,1.0
做皇帝,2,2,0.5,3,-1.0
做神豪,2,2,0.5,3,-1.0
做财阀,2,2,0.5,3,-1.0
做起,2,2,0.5,2,-1.0
做道,2,2,0.5,2,1.0
偷偷,2,2,1.0,2,0.0
偷听心声,2,2,0.5,4,-1.0
偷看我日记,2,2,1.0,5,-1.0
傀儡皇,2,2,0.5,3,1.0
傲天,2,2,1.0,2,0.0
傲娇,2,2,1.0,2,0.0
僧不想,2,2,0.5,3,1.0
儒道,2,2,0.5,2,-1.0
儿杨,2,2,0.5,2,1.0
元真,2,2,0.5,2,1.0
兄弟,2,2,1.0,2,0.0
先生开始,2,2,0.5,4,-1.0
光大,2,2,0.5,2,1.0
光宝鉴,2,2,0.5,3,-1.0
光开,2,2,0.5,2,1.0
克拉,2,2,1.0,2,0.0
兔子,2,2,0.5,2,-1.0
入了,2,2,0.5,2,1.0
入侵现,2,2,0.5,3,1.0
入侵美,2,2,1.0,3,0.0
入戏太深,2,2,1.0,4,0.0
入梦,2,2,1.0,2,0.0
入神话,2,2,0.5,3,1.0
全世界只有我,2,2,0.5,6,-1.0
全人类,2,2,0.5,3,-1.0
全国,2,2,1.0,2,1.0
全是病娇,2,2,0.5,4,-1.0
全是真,2,2,0.5,3,1.0
全民星,2,2,0.5,3,-1.0
全民逃荒,2,2,0.0,4,-1.0
全球在线,2,2,1.0,4,0.0
全球流行,2,2,0.5,4,-1.0
全球游戏,2,2,0.5,4,-1.0
全球神祇,2,2,0.5,4,-1.0
全球觉醒,2,2,0.0,4,-1.0
全球诡异,2,2,0.0,4,-1.0
全球进化,2,2,0.0,4,-1.0
全职艺术家,2,2,1.0,5,-1.0
全职高手之,2,2,0.5,5,-1.0
全联盟,2,2,0.5,3,-1.0
全能学霸,2,2,1.0,4,0.0
全能巨星,2,2,1.0,4,0.0
全被,2,2,0.5,2,1.0
全靠,2,2,1.0,2,1.0
八一,2,2,0.5,2,1.0
八八,2,2,1.0,2,1.0
八百,2,2,0.5,2,1.0
八零后,2,2,0.5,3,-1.0
公务员,2,2,0.5,3,-1.0
公子别,2,2,0.5,3,-1.0
公开,2,2,1.0,2,0.0
公敌,2,2,0.5,2,-1.0
六迹之,2,2,0.5,3,-1.0
六零,2,2,1.0,2,0.0
兰若,2,2,0.5,2,-1.0
关注,2,2,0.5,2,1.0
兵了,2,2,1.0,2,1.0
兵仙,2,2,1.0,2,0.0
兵团,2,2,0.5,2,-1.0
典狱长,2,2,0.5,3,-1.0
养全,2,2,0.5,2,1.0
养指南,2,2,0.5,3,-1.0
养殖开始,2,2,1.0,4,0.0
养活,2,2,0.5,2,1.0
养猪,2,2,0.5,2,1.0
养生功开始,2,2,1.0,5,0.0
内娱,2,2,1.0,2,0.0
再也不,2,2,0.5,3,1.0
再次伟大,2,2,0.5,4,-1.0
冒充,2,2,0.5,2,1.0
冒牌大,2,2,1.0,3,0.0
写了,2,2,0.5,2,1.0
写的,2,2,0.5,2,1.0
写轮眼,2,2,1.0,3,0.0
军团,2,2,0.5,2,-1.0
军校,2,2,1.0,2,1.0
军火商,2,2,0.5,3,1.0
军途,2,2,1.0,2,-1.0
军阀,2,2,0.5,2,-1.0
农业,2,2,1.0,2,0.0
农夫,2,2,1.0,2,0.0
农民,2,2,0.5,2,-1.0
冠冕,2,2,1.0,2,0.0
冠王,2,2,0.5,2,-1.0
冠盖,2,2,0.5,2,-1.0
冥河,2,2,1.0,2,1.0
冰魔,2,2,1.0,2,0.0
决战,2,2,1.0,2,0.0
决斗场,2,2,1.0,3,0.0
净化,2,2,0.5,2,1.0
凌霄,2,2,1.0,2,0.0
凛冬领主,2,2,1.0,4,-1.0
凡人修仙,2,2,0.5,4,-1.0
凤华,2,2,0.5,2,-1.0
凯多,2,2,1.0,2,1.0
出一个,2,2,0.5,3,1.0
出了,2,2,1.0,2,1.0
出击,2,2,0.5,2,-1.0
出山,2,2,0.5,2,-1.0
出手,2,2,1.0,2,1.0
出来了,2,2,1.0,3,0.0
出租,2,2,1.0,2,0.0
出身,2,2,1.0,2,1.0
击碎,2,2,0.5,2,-1.0
刀法,2,2,1.0,2,0.0
刃里,2,2,0.5,2,-1.0
分解大师,2,2,1.0,4,-1.0
刑侦,2,2,0.5,2,-1.0
刑官,2,2,0.5,2,-1.0
刑警,2,2,1.0,2,0.0
刘备种,2,2,0.5,3,1.0
则莱茵,2,2,0.5,3,1.0
刚准备,2,2,0.5,3,-1.0
刚被,2,2,0.5,2,-1.0
创世,2,2,1.0,2,0.0
创建,2,2,0.5,2,1.0
判官,2,2,0.5,2,-1.0
别再,2,2,0.5,2,-1.0
别回,2,2,0.5,2,1.0
别怂,2,2,1.0,2,-1.0
别急,2,2,1.0,2,-1.0
别惹我,2,2,1.0,3,-1.0
别打,2,2,1.0,2,0.0
别秀,2,2,1.0,2,0.0
别闹,2,2,1.0,2,0.0
到不,2,2,0.5,2,1.0
到八,2,2,0.5,2,1.0
到北宋,2,2,1.0,3,0.0
到十年,2,2,1.0,3,1.0
到地,2,2,0.5,2,1.0
到大明,2,2,1.0,3,0.0
到女,2,2,0.5,2,1.0
到小,2,2,0.5,2,1.0
到山,2,2,0.5,2,1.0
到工业,2,2,1.0,3,1.0
到帝,2,2,0.5,2,1.0
到影帝,2,2,0.5,3,-1.0
到总,2,2,0.5,2,1.0
到成,2,2,0.5,2,1.0
到我,2,2,0.5,2,1.0
到战争之王,2,2,0.5,5,-1.0
到文娱,2,2,0.5,3,1.0
到无,2,2,0.5,2,1.0
到武林,2,2,0.5,3,1.0
到死,2,2,1.0,2,0.0
到清,2,2,1.0,2,0.0
到游戏,2,2,0.5,3,1.0
到生,2,2,0.5,2,1.0
到的,2,2,0.5,2,1.0
到科,2,2,0.5,2,1.0
到系,2,2,0.5,2,1.0
到红,2,2,0.5,2,1.0
到自己,2,2,0.5,3,1.0
到账,2,2,0.5,2,-1.0
到超级,2,2,0.5,3,1.0
到长,2,2,0.5,2,1.0
到隐,2,2,0.5,2,1.0
到霍格沃茨,2,2,1.0,5,0.0
制作人,2,2,0.5,3,-1.0
制大师,2,2,0.5,3,-1.0
制片,2,2,0.5,2,1.0
制造商,2,2,0.5,3,-1.0
制霸,2,2,0.5,2,1.0
刷刷,2,2,1.0,2,0.0
刷满,2,2,1.0,2,1.0
刷经验,2,2,0.5,3,1.0
刷钱,2,2,1.0,2,0.0
刷黑科技,2,2,1.0,4,0.0
前世成真,2,2,0.0,4,-1.0
前女友们,2,2,0.5,4,1.0
剑主,2,2,0.5,2,-1.0
剑修,2,2,1.0,2,0.0
剑天,2,2,0.5,2,1.0
剑客,2,2,1.0,2,0.0
剑气,2,2,1.0,2,0.0
剑走偏锋,2,2,1.0,4,0.0
剑道独尊,2,2,0.0,4,-1.0
剑问,2,2,1.0,2,1.0
剑魂,2,2,0.5,2,1.0
剧开始,2,2,0.5,3,-1.0
剧本杀,2,2,1.0,3,0.0
剧里的,2,2,0.5,3,1.0
剩女,2,2,0.5,2,-1.0
力之,2,2,0.5,2,1.0
力加,2,2,1.0,2,1.0
力开始,2,2,1.0,3,0.0
功力,2,2,0.5,2,-1.0
加一,2,2,1.0,2,0.0
加油,2,2,1.0,2,0.0
加班,2,2,0.5,2,-1.0
动乾坤,2,2,0.5,3,-1.0
动力,2,2,1.0,2,0.0
努力了,2,2,0.5,3,-1.0
励精图治,2,2,1.0,4,1.0
劳是,2,2,0.5,2,1.0
勒斯,2,2,1.0,2,1.0
勤奋,2,2,1.0,2,0.0
包围了,2,2,0.5,3,-1.0
包大,2,2,0.5,2,1.0
包车,2,2,1.0,2,0.0
化工,2,2,1.0,2,0.0
化系统,2,2,0.5,3,-1.0
北大,2,2,0.5,2,1.0
北宋大,2,2,0.5,3,-1.0
北宋小,2,2,0.5,3,-1.0
北宋当,2,2,0.5,3,1.0
北朝,2,2,1.0,2,0.0
北电,2,2,1.0,2,1.0
匹夫,2,2,0.5,2,-1.0
医嫁,2,2,1.0,2,0.0
医开始,2,2,1.0,3,0.0
医生太,2,2,0.5,3,1.0
医院,2,2,0.5,2,1.0
医馆,2,2,0.5,2,-1.0
医香,2,2,1.0,2,-1.0
医高,2,2,0.5,2,1.0
十三,2,2,0.5,2,1.0
十九,2,2,1.0,2,0.0
十二翼天使,2,2,0.5,5,-1.0
十五年,2,2,0.5,3,-1.0
十大,2,2,0.5,2,1.0
十年代小,2,2,0.5,4,1.0
十方,2,2,0.5,2,-1.0
十连,2,2,1.0,2,1.0
千年世家,2,2,0.5,4,-1.0
千年我,2,2,0.5,3,1.0
千禧大,2,2,1.0,3,0.0
千禧年,2,2,1.0,3,0.0
千面影帝,2,2,0.5,4,-1.0
升官,2,2,1.0,2,0.0
半个,2,2,1.0,2,0.0
半仙,2,2,1.0,2,-1.0
华娱大,2,2,0.5,3,-1.0
华彩,2,2,0.5,2,-1.0
华的,2,2,0.5,2,1.0
单机,2,2,0.5,2,-1.0
卖盒饭,2,2,0.5,3,1.0
卖罐子,2,2,0.5,3,-1.0
南宋,2,2,0.5,2,-1.0
南山,2,2,1.0,2,0.0
南枝,2,2,0.5,2,-1.0
博物馆,2,2,0.5,3,-1.0
卡卡,2,2,0.5,2,1.0
卡开始,2,2,1.0,3,0.0
卡徒,2,2,1.0,2,-1.0
卡池,2,2,1.0,2,0.0
卡皇,2,2,0.5,2,-1.0
印度当,2,2,0.5,3,1.0
危险,2,2,1.0,2,0.0
即是,2,2,0.5,2,1.0
却被,2,2,1.0,2,1.0
卷成,2,2,0.5,2,1.0
厉害了,2,2,1.0,3,0.0
原始人,2,2,0.5,3,-1.0
原来我是,2,2,0.5,4,-1.0
原谅,2,2,0.5,2,-1.0
厨师,2,2,0.5,2,-1.0
去修仙,2,2,0.5,3,-1.0
去做,2,2,0.5,2,1.0
去种田,2,2,0.5,3,-1.0
参军,2,2,0.5,2,1.0
又不是,2,2,0.5,3,1.0
又掉,2,2,0.5,2,1.0
友不,2,2,0.5,2,1.0
友你,2,2,0.5,2,1.0
反了,2,2,1.0,2,1.0
反派模,2,2,1.0,3,1.0
反派皇,2,2,0.5,3,-1.0
发家,2,2,1.0,2,0.0
叔叔,2,2,0.5,2,1.0
取技能,2,2,1.0,3,0.0
取经,2,2,1.0,2,1.0
受欢迎,2,2,0.5,3,1.0
变开始,2,2,0.5,3,-1.0
变异了,2,2,0.5,3,-1.0
变身之,2,2,0.5,3,-1.0
变革,2,2,0.5,2,-1.0
叛逆,2,2,1.0,2,0.0
叠加,2,2,0.5,2,-1.0
古玩,2,2,0.5,2,1.0
古董商,2,2,1.0,3,0.0
古龙世界里的,2,2,0.5,6,-1.0
只在,2,2,0.5,2,1.0
只好自己,2,2,1.0,4,1.0
只想做,2,2,0.5,3,1.0
只想刷,2,2,0.5,3,1.0
只想水群,2,2,1.0,4,-1.0
只想种田,2,2,0.5,4,-1.0
只想躺,2,2,0.5,3,1.0
只是一个,2,2,0.5,4,1.0
只有一个,2,2,1.0,4,0.0
只有我知道剧情,2,2,1.0,7,-1.0
只龟,2,2,0.5,2,-1.0
叫一,2,2,0.5,2,1.0
叫朱,2,2,0.5,2,1.0
召唤万,2,2,0.5,3,-1.0
召唤之,2,2,0.5,3,1.0
召唤系,2,2,0.5,3,1.0
可以变成,2,2,0.5,4,1.0
可升级,2,2,0.5,3,-1.0
可我,2,2,0.5,2,-1.0
可敌国,2,2,0.5,3,-1.0
可是,2,2,0.5,2,1.0
可爱,2,2,1.0,2,0.0
史上最牛,2,2,0.5,4,-1.0
史上第一混,2,2,0.5,5,-1.0
史莱姆,2,2,1.0,3,0.0
史蒂夫,2,2,0.5,3,-1.0
史记,2,2,1.0,2,-1.0
吃货,2,2,1.0,2,0.0
合体,2,2,0.5,2,-1.0
吉时,2,2,0.5,2,-1.0
同居,2,2,0.5,2,1.0
同时穿越万界,2,2,0.0,6,-1.0
同时穿越了,2,2,1.0,5,-1.0
同行,2,2,1.0,2,0.0
名不,2,2,0.5,2,1.0
名门正,2,2,0.5,3,-1.0
名门闺,2,2,0.5,3,-1.0
后变,2,2,0.5,2,1.0
后才发现我,2,2,0.5,5,1.0
吐槽,2,2,1.0,2,1.0
吓哭周姐,2,2,1.0,4,-1.0
君主,2,2,0.5,2,-1.0
君王,2,2,0.5,2,-1.0
吞噬星空之太,2,2,0.5,6,-1.0
听说我是,2,2,0.5,4,-1.0
吹牛,2,2,1.0,2,1.0
员工,2,2,0.5,2,-1.0
员开始,2,2,0.5,3,-1.0
周姐呆妹,2,2,1.0,4,0.0
味记,2,2,0.5,2,-1.0
命令,2,2,1.0,2,1.0
咋就,2,2,1.0,2,1.0
咋成,2,2,1.0,2,1.0
和他的,2,2,0.5,3,1.0
和仙子,2,2,0.5,3,1.0
和女,2,2,0.5,2,1.0
和她,2,2,0.5,2,1.0
和宝,2,2,0.5,2,1.0
和无数个我,2,2,1.0,5,0.0
咒禁,2,2,0.5,2,-1.0
品女,2,2,0.5,2,1.0
哈兰德,2,2,1.0,3,0.0
哈利波特,2,2,0.5,4,-1.0
唐三藏,2,2,0.5,3,-1.0
唐人街,2,2,1.0,3,0.0
唐僧,2,2,1.0,2,0.0
唐大,2,2,0.5,2,1.0
唐太,2,2,0.5,2,1.0
唐当,2,2,0.5,2,1.0
唐朝小,2,2,0.5,3,-1.0
唢呐,2,2,0.5,2,-1.0
唯一的,2,2,0.5,3,1.0
商业,2,2,1.0,2,0.0
喵喵,2,2,1.0,2,0.0
囚笼,2,2,0.5,2,-1.0
四万年,2,2,0.5,3,-1.0
四代,2,2,0.5,2,1.0
四合院开始,2,2,1.0,5,0.0
四小,2,2,0.5,2,1.0
回到九,2,2,0.5,3,-1.0
回到古代当,2,2,0.5,5,-1.0
回到明朝做,2,2,0.5,5,-1.0
回到过去当,2,2,0.5,5,-1.0
回大明,2,2,0.5,3,1.0
回归,2,2,1.0,2,0.0
回春,2,2,1.0,2,0.0
回来,2,2,0.5,2,1.0
回过去,2,2,1.0,3,0.0
因为,2,2,0.5,2,-1.0
团的,2,2,0.5,2,1.0
团长,2,2,1.0,2,-1.0
国了,2,2,0.5,2,-1.0
国公,2,2,1.0,2,0.0
国士无双,2,2,1.0,4,-1.0
国家队,2,2,0.5,3,-1.0
国师大人,2,2,1.0,4,0.0
国搞,2,2,0.5,2,1.0
国民的,2,2,1.0,3,0.0
国的,2,2,0.5,2,1.0
国足,2,2,0.5,2,-1.0
国野,2,2,0.5,2,1.0
国风云,2,2,0.5,3,1.0
图录,2,2,0.5,2,-1.0
图谋不轨,2,2,0.5,4,-1.0
圆梦师,2,2,0.5,3,-1.0
圈第一,2,2,0.5,3,1.0
土味,2,2,1.0,2,0.0
土边,2,2,0.5,2,1.0
圣主,2,2,1.0,2,0.0
圣地,2,2,1.0,2,0.0
圣杯战争,2,2,1.0,4,-1.0
圣母,2,2,0.5,2,-1.0
圣皇,2,2,0.5,2,-1.0
圣罗,2,2,1.0,2,0.0
圣骑士,2,2,0.5,3,-1.0
在两界,2,2,0.5,3,1.0
在中,2,2,0.5,2,1.0
在公门,2,2,0.5,3,1.0
在北美当,2,2,0.5,4,1.0
在唐,2,2,0.5,2,1.0
在地,2,2,0.5,2,1.0
在大宋,2,2,1.0,3,1.0
在巫师世界,2,2,0.5,5,1.0
在异界当,2,2,0.5,4,1.0
在当,2,2,0.5,2,1.0
在影视世界,2,2,1.0,5,0.0
在忍界,2,2,1.0,3,0.0
在我身边,2,2,1.0,4,0.0
在手术室,2,2,0.5,4,1.0
在日本,2,2,1.0,3,0.0
在末日,2,2,1.0,3,1.0
在末法,2,2,0.5,3,1.0
在此,2,2,1.0,2,0.0
在武道,2,2,0.5,3,1.0
在漫威当,2,2,1.0,4,0.0
在火星,2,2,1.0,3,0.0
在玄幻,2,2,1.0,3,0.0
在神诡世界,2,2,1.0,5,0.0
在红楼,2,2,1.0,3,0.0
在网,2,2,0.5,2,1.0
在美漫当,2,2,1.0,4,0.0
在聊斋,2,2,1.0,3,1.0
在荒,2,2,0.5,2,1.0
在诸天的,2,2,0.5,4,1.0
在诸天轮回,2,2,1.0,5,0.0
在阳间,2,2,1.0,3,1.0
地卖,2,2,0.5,2,1.0
地师,2,2,1.0,2,-1.0
地狱开,2,2,1.0,3,1.0
地球上最后一,2,2,0.5,6,-1.0
地球人,2,2,1.0,3,0.0
地球成,2,2,1.0,3,1.0
地球战,2,2,1.0,3,1.0
地真,2,2,0.5,2,1.0
地神,2,2,1.0,2,0.0
场主,2,2,0.5,2,-1.0
场当,2,2,0.5,2,1.0
坦途,2,2,0.5,2,-1.0
型中单,2,2,1.0,3,1.0
型打野啊,2,2,0.5,4,-1.0
域苍穹,2,2,0.5,3,-1.0
培育魂,2,2,0.5,3,1.0
堕落,2,2,1.0,2,0.0
塌房的我,2,2,0.5,4,-1.0
塑人生,2,2,1.0,3,0.0
填非常简单,2,2,0.5,5,-1.0
士兵突击之,2,2,0.5,5,-1.0
士开始,2,2,0.5,3,-1.0
声大,2,2,0.5,2,1.0
壶中仙,2,2,0.5,3,-1.0
处处,2,2,0.5,2,1.0
处开,2,2,0.5,2,1.0
备案,2,2,0.5,2,-1.0
复出,2,2,1.0,2,1.0
外乡,2,2,1.0,2,0.0
外援,2,2,1.0,2,0.0
外科医生,2,2,1.0,4,0.0
多子多福,2,2,0.0,4,-1.0
多才多,2,2,0.5,3,1.0
夜之,2,2,0.5,2,1.0
夜君,2,2,0.5,2,1.0
夜天子,2,2,1.0,3,-1.0
夜游,2,2,0.5,2,1.0
夜的,2,2,0.5,2,-1.0
大不,2,2,1.0,2,0.0
大主播,2,2,0.5,3,-1.0
大乘期,2,2,1.0,3,0.0
大乾武圣,2,2,1.0,4,-1.0
大亨传说,2,2,0.0,4,-1.0
大仙,2,2,1.0,2,0.0
大军,2,2,1.0,2,0.0
大劫主,2,2,1.0,3,-1.0
大厨,2,2,0.5,2,-1.0
大周仙,2,2,0.5,3,-1.0
大唐之,2,2,1.0,3,0.0
大唐小,2,2,0.5,3,-1.0
大唐李,2,2,0.5,3,-1.0
大国军,2,2,0.5,3,-1.0
大地,2,2,1.0,2,0.0
大天,2,2,0.5,2,1.0
大妖,2,2,1.0,2,0.0
大学开始,2,2,0.5,4,-1.0
大宋的,2,2,0.5,3,-1.0
大宋神探,2,2,0.5,4,-1.0
大官,2,2,1.0,2,0.0
大家,2,2,0.5,2,-1.0
大导演,2,2,0.5,3,-1.0
大帝之资,2,2,0.5,4,-1.0
大当家,2,2,1.0,3,-1.0
大恶魔,2,2,1.0,3,0.0
大战,2,2,1.0,2,0.0
大数据,2,2,0.5,3,-1.0
大明世,2,2,0.5,3,-1.0
大明仙,2,2,0.5,3,-1.0
大明国,2,2,0.5,3,-1.0
大明太,2,2,0.5,3,-1.0
大明嫡,2,2,0.5,3,-1.0
大明官,2,2,1.0,3,-1.0
大明春,2,2,1.0,3,-1.0
大明武,2,2,1.0,3,0.0
大明王朝,2,2,0.0,4,-1.0
大明的,2,2,1.0,3,0.0
大枭雄,2,2,0.5,3,-1.0
大汉帝国,2,2,1.0,4,-1.0
大法,2,2,0.5,2,1.0
大洪水,2,2,1.0,3,1.0
大海贼,2,2,1.0,3,0.0
大炮,2,2,0.5,2,1.0
大爆炸,2,2,0.5,3,-1.0
大爱,2,2,0.5,2,-1.0
大玄,2,2,0.5,2,-1.0
大画家,2,2,1.0,3,-1.0
大盗,2,2,1.0,2,0.0
大相师,2,2,0.5,3,-1.0
大科学家,2,2,0.5,4,-1.0
大秦之,2,2,0.5,3,-1.0
大秦从,2,2,0.5,3,-1.0
大筒木血,2,2,0.5,4,1.0
大能,2,2,0.5,2,-1.0
大脑,2,2,1.0,2,0.0
大英,2,2,1.0,2,0.0
大虞,2,2,1.0,2,0.0
大蛇丸,2,2,1.0,3,-1.0
大超,2,2,0.5,2,-1.0
大车,2,2,1.0,2,0.0
大运,2,2,1.0,2,0.0
大道朝,2,2,0.5,3,-1.0
大道韶华,2,2,1.0,4,-1.0
大门,2,2,1.0,2,0.0
大闲人,2,2,0.5,3,-1.0
大闹天宫,2,2,1.0,4,0.0
大限将至,2,2,0.5,4,-1.0
天下无双,2,2,1.0,4,-1.0
天倾,2,2,1.0,2,0.0
天医,2,2,1.0,2,0.0
天后领证,2,2,1.0,4,0.0
天启之,2,2,0.5,3,-1.0
天命之子,2,2,1.0,4,1.0
天唐,2,2,1.0,2,-1.0
天啦,2,2,0.5,2,-1.0
天外,2,2,1.0,2,0.0
天字,2,2,0.5,2,-1.0
天宗,2,2,0.5,2,1.0
天改,2,2,0.5,2,1.0
天敌,2,2,0.5,2,-1.0
天有,2,2,1.0,2,1.0
天武,2,2,0.5,2,1.0
天狂,2,2,0.5,2,1.0
天理,2,2,1.0,2,0.0
天的我,2,2,1.0,3,1.0
天穿越,2,2,0.5,3,1.0
天谴,2,2,1.0,2,0.0
天选,2,2,1.0,2,0.0
天门,2,2,1.0,2,0.0
太乙,2,2,1.0,2,0.0
太厉害,2,2,1.0,3,0.0
太受,2,2,0.5,2,-1.0
太古,2,2,1.0,2,0.0
太太,2,2,1.0,2,0.0
太子的,2,2,0.5,3,1.0
太平,2,2,0.5,2,-1.0
太强了,2,2,1.0,3,-1.0
太快乐,2,2,0.5,3,1.0
太想进步了,2,2,0.5,5,-1.0
太懂,2,2,0.5,2,1.0
太极端了,2,2,0.5,4,-1.0
太能,2,2,0.5,2,1.0
太虚,2,2,0.5,2,-1.0
太过正经,2,2,0.5,4,-1.0
太重,2,2,1.0,2,0.0
太阳开始,2,2,1.0,4,0.0
太难,2,2,1.0,2,1.0
夫的,2,2,0.5,2,1.0
失恋,2,2,1.0,2,0.0
失落,2,2,1.0,2,0.0
头发,2,2,0.5,2,1.0
头条,2,2,0.5,2,-1.0
头的,2,2,0.5,2,1.0
夺冠,2,2,1.0,2,1.0
夺取,2,2,1.0,2,1.0
奇才,2,2,0.5,2,-1.0
奉为,2,2,0.5,2,1.0
奉旨,2,2,1.0,2,0.0
奥特曼不,2,2,1.0,4,0.0
女不,2,2,0.5,2,1.0
女主播,2,2,0.5,3,-1.0
女仙,2,2,1.0,2,0.0
女们的,2,2,0.5,3,1.0
女友是大明星,2,2,0.5,6,-1.0
女大,2,2,1.0,2,0.0
女如,2,2,0.5,2,1.0
女婿,2,2,1.0,2,0.0
女尊世界的,2,2,0.5,5,-1.0
女帝成,2,2,0.5,3,-1.0
女徒弟,2,2,1.0,3,0.0
女总裁,2,2,1.0,3,0.0
女教授,2,2,1.0,3,0.0
女明星们,2,2,0.5,4,-1.0
女朋友,2,2,1.0,3,1.0
女生,2,2,0.5,2,1.0
女皇,2,2,1.0,2,0.0
女知青,2,2,0.5,3,1.0
女神的,2,2,0.5,3,1.0
女诡,2,2,1.0,2,1.0
女请,2,2,0.5,2,1.0
女重生,2,2,1.0,3,0.0
女频,2,2,0.5,2,1.0
女魔头,2,2,0.5,3,1.0
她们对我,2,2,0.5,4,-1.0
她们献上,2,2,1.0,4,1.0
她们都想,2,2,0.5,4,-1.0
她们都是真,2,2,0.5,5,-1.0
她是,2,2,1.0,2,0.0
好事,2,2,1.0,2,0.0
好多,2,2,0.5,2,1.0
好时代,2,2,0.5,3,-1.0
如云,2,2,1.0,2,0.0
如意,2,2,0.5,2,-1.0
如来,2,2,1.0,2,0.0
如此简单,2,2,0.5,4,-1.0
妃的,2,2,0.5,2,1.0
妖神,2,2,1.0,2,-1.0
妹子,2,2,0.5,2,1.0
妻子,2,2,0.5,2,1.0
妻是大,2,2,0.5,3,1.0
妻有,2,2,0.5,2,1.0
始皇帝,2,2,1.0,3,0.0
姐她,2,2,0.5,2,1.0
姐姐是,2,2,1.0,3,0.0
姿物语,2,2,0.5,3,-1.0
娇女,2,2,1.0,2,0.0
娇娘,2,2,1.0,2,0.0
娱之天,2,2,0.5,3,1.0
娱之我,2,2,0.5,3,1.0
娱乐圈里的,2,2,0.5,5,-1.0
娱乐大亨,2,2,1.0,4,-1.0
娱乐时代,2,2,0.5,4,-1.0
娱时代,2,2,0.5,3,-1.0
嫁到,2,2,0.5,2,-1.0
嫁给,2,2,1.0,2,0.0
嫂开始,2,2,1.0,3,1.0
嫡长女,2,2,1.0,3,-1.0
子一,2,2,0.5,2,1.0
子不类父,2,2,0.0,4,-1.0
子修仙,2,2,1.0,3,0.0
子哥,2,2,0.5,2,-1.0
子孙,2,2,0.5,2,-1.0
子就是,2,2,0.5,3,1.0
子帝,2,2,1.0,2,0.0
子弟,2,2,0.5,2,-1.0
子很凶,2,2,0.5,3,-1.0
存在的,2,2,1.0,3,1.0
孙悟空,2,2,1.0,3,0.0
季汉,2,2,0.5,2,-1.0
孤星,2,2,1.0,2,0.0
学不,2,2,1.0,2,1.0
学习面板,2,2,1.0,4,0.0
学修,2,2,0.5,2,1.0
学教,2,2,0.5,2,1.0
学校,2,2,0.5,2,1.0
学派的,2,2,0.5,3,1.0
学的我,2,2,0.5,3,1.0
学者,2,2,1.0,2,1.0
学院开始,2,2,0.5,4,-1.0
学霸到首席科学家,2,2,0.5,8,-1.0
学霸的科,2,2,0.5,4,-1.0
学霸的黑科技,2,2,0.5,6,-1.0
学面板,2,2,0.5,3,-1.0
学魔,2,2,1.0,2,0.0
宅在,2,2,1.0,2,0.0
宇宙时代,2,2,0.5,4,-1.0
宇宙的,2,2,1.0,3,0.0
守夜人,2,2,0.5,3,-1.0
安全,2,2,1.0,2,0.0
宋朝,2,2,1.0,2,0.0
宋生活顾问,2,2,0.5,5,-1.0
宋青书,2,2,1.0,3,1.0
宋风,2,2,1.0,2,0.0
完了,2,2,0.5,2,-1.0
完美世界之,2,2,0.5,5,-1.0
完美家,2,2,0.5,3,1.0
完美开,2,2,1.0,3,1.0
官人,2,2,0.5,2,-1.0
官的,2,2,0.5,2,-1.0
定了,2,2,1.0,2,1.0
定制大,2,2,0.5,3,1.0
定天,2,2,0.5,2,1.0
宝岛,2,2,1.0,2,0.0
宝瞳,2,2,1.0,2,-1.0
宝石,2,2,0.5,2,1.0
宝贝,2,2,1.0,2,1.0
实习,2,2,0.5,2,1.0
宠了,2,2,0.5,2,-1.0
宠兽,2,2,1.0,2,0.0
客栈,2,2,1.0,2,0.0
宣传片,2,2,0.5,3,-1.0
室友,2,2,0.5,2,1.0
宫廷,2,2,1.0,2,0.0
宫开,2,2,0.5,2,1.0
家丁,2,2,0.5,2,-1.0
家产,2,2,1.0,2,0.0
家兄,2,2,0.5,2,-1.0
家园,2,2,0.5,2,-1.0
家女,2,2,1.0,2,0.0
家师,2,2,0.5,2,1.0
家庭,2,2,1.0,2,0.0
家开始,2,2,0.5,3,-1.0
家族修仙,2,2,0.0,4,-1.0
家有田,2,2,0.5,3,-1.0
家欢,2,2,0.5,2,1.0
家父李,2,2,0.5,3,-1.0
家父汉,2,2,0.5,3,-1.0
家老大,2,2,0.5,3,-1.0
容公,2,2,0.5,2,1.0
容华,2,2,1.0,2,0.0
寂静,2,2,0.5,2,-1.0
寄生,2,2,0.5,2,-1.0
密探,2,2,0.5,2,-1.0
密教,2,2,1.0,2,0.0
富甲,2,2,0.5,2,1.0
寒门崛起,2,2,0.0,4,-1.0
导演之王,2,2,0.0,4,-1.0
导演的快乐,2,2,0.5,5,-1.0
封神之,2,2,0.5,3,-1.0
射程,2,2,1.0,2,0.0
射雕,2,2,1.0,2,0.0
尊开始,2,2,0.5,3,-1.0
小事,2,2,0.5,2,-1.0
小云,2,2,0.5,2,1.0
小兵传奇,2,2,1.0,4,-1.0
小农女,2,2,0.5,3,-1.0
小农庄,2,2,0.0,3,-1.0
小卒,2,2,1.0,2,0.0
小地主,2,2,1.0,3,-1.0
小天,2,2,0.5,2,1.0
小学生,2,2,1.0,3,0.0
小富,2,2,0.5,2,1.0
小山村,2,2,1.0,3,-1.0
小师,2,2,0.5,2,1.0
小明星,2,2,1.0,3,0.0
小李飞刀开始,2,2,1.0,6,-1.0
小树,2,2,0.5,2,1.0
小海岛,2,2,0.0,3,-1.0
小游戏,2,2,0.5,3,-1.0
小男,2,2,0.5,2,1.0
小神,2,2,1.0,2,0.0
小米,2,2,1.0,2,0.0
小郎,2,2,0.5,2,1.0
小金,2,2,0.5,2,1.0
小闲,2,2,0.5,2,1.0
小阁老,2,2,0.0,3,-1.0
尘中,2,2,1.0,2,0.0
尘埃,2,2,0.5,2,-1.0
就业,2,2,1.0,2,0.0
就会,2,2,0.5,2,1.0
就在,2,2,1.0,2,1.0
就想,2,2,0.5,2,1.0
就是天,2,2,0.5,3,1.0
就是妖,2,2,1.0,3,0.0
就是这样子的,2,2,0.5,6,-1.0
就有奖,2,2,1.0,3,0.0
就没,2,2,0.5,2,1.0
就要,2,2,0.5,2,1.0
就该,2,2,0.5,2,1.0
尸仙,2,2,1.0,2,0.0
尸体,2,2,0.5,2,1.0
尸变,2,2,0.5,2,-1.0
尸开始,2,2,1.0,3,0.0
尸魂界,2,2,1.0,3,0.0
尽妖,2,2,0.5,2,1.0
尾之,2,2,0.5,2,1.0
局要,2,2,0.5,2,1.0
居一品,2,2,0.5,3,-1.0
居开始,2,2,0.5,3,-1.0
属性修,2,2,1.0,3,1.0
属性面板,2,2,0.5,4,-1.0
屠夫,2,2,0.5,2,-1.0
山修,2,2,0.5,2,1.0
山剑,2,2,0.5,2,1.0
山川,2,2,1.0,2,0.0
山沟,2,2,1.0,2,0.0
山海经,2,2,0.5,3,-1.0
山猎,2,2,0.5,2,1.0
山野,2,2,0.5,2,-1.0
岁大,2,2,1.0,2,1.0
崩溃了,2,2,0.5,3,-1.0
巡山,2,2,1.0,2,0.0
工业克苏鲁,2,2,1.0,5,-1.0
工业大,2,2,0.5,3,-1.0
工业巨擘,2,2,0.5,4,-1.0
工业时代,2,2,0.5,4,-1.0
工业霸主,2,2,1.0,4,-1.0
工之,2,2,0.5,2,1.0
工人,2,2,1.0,2,0.0
工作,2,2,0.5,2,1.0
工匠大师,2,2,0.5,4,-1.0
工的,2,2,0.5,2,1.0
工科,2,2,1.0,2,0.0
工资到位,2,2,1.0,4,-1.0
巨匠,2,2,0.5,2,-1.0
巨子,2,2,1.0,2,0.0
巫之主,2,2,0.5,3,-1.0
巫师从,2,2,0.5,3,-1.0
巫师日,2,2,0.5,3,1.0
差佬,2,2,1.0,2,0.0
已经,2,2,0.5,2,1.0
布衣,2,2,1.0,2,0.0
师之,2,2,0.5,2,1.0
师亚,2,2,0.5,2,1.0
师他,2,2,0.5,2,1.0
师传,2,2,0.5,2,1.0
师傅,2,2,1.0,2,0.0
师啊,2,2,0.5,2,-1.0
师娘,2,2,1.0,2,1.0
师手,2,2,0.5,2,1.0
师日记,2,2,0.5,3,-1.0
师是,2,2,0.5,2,1.0
师有,2,2,0.5,2,1.0
师门,2,2,0.5,2,1.0
帝从,2,2,0.5,2,1.0
帝们,2,2,0.5,2,1.0
帝君,2,2,1.0,2,1.0
帝国从,2,2,0.5,3,1.0
帝国重,2,2,0.5,3,-1.0
帝师,2,2,0.5,2,-1.0
帝求我,2,2,0.5,3,1.0
带回,2,2,1.0,2,1.0
带娃开,2,2,0.5,3,1.0
带着一扇门,2,2,0.5,5,-1.0
带着星际,2,2,1.0,4,0.0
带着系统,2,2,0.5,4,-1.0
帮你,2,2,0.5,2,1.0
干嘛,2,2,0.5,2,-1.0
干碎,2,2,1.0,2,0.0
平凡生活,2,2,0.5,4,-1.0
平天下,2,2,0.5,3,-1.0
平安,2,2,1.0,2,0.0
平平无奇,2,2,1.0,4,0.0
平行,2,2,0.5,2,1.0
年代从,2,2,1.0,3,0.0
年前,2,2,1.0,2,0.0
年华,2,2,1.0,2,0.0
年突然发现是,2,2,0.5,6,1.0
幸运星,2,2,0.5,3,-1.0
幻模拟,2,2,0.5,3,1.0
幼儿园,2,2,0.5,3,1.0
庄稼,2,2,0.5,2,1.0
店开始,2,2,0.5,3,-1.0
度乐园,2,2,0.5,3,-1.0
庶子风流,2,2,1.0,4,-1.0
康熙末年,2,2,0.5,4,-1.0
建了一,2,2,0.5,3,1.0
建造,2,2,1.0,2,0.0
开医,2,2,0.5,2,1.0
开发大西北,2,2,1.0,5,-1.0
开始不,2,2,0.5,3,1.0
开始东京,2,2,0.5,4,1.0
开始加,2,2,0.5,3,1.0
开始当大佬,2,2,0.5,5,-1.0
开始成圣,2,2,0.5,4,-1.0
开始打穿,2,2,0.5,4,1.0
开始掌控,2,2,0.5,4,1.0
开始无限模拟,2,2,0.5,6,-1.0
开始无限进化,2,2,0.5,6,-1.0
开始武道,2,2,0.5,4,1.0
开始的东京生活,2,2,0.5,7,-1.0
开始的人生,2,2,1.0,5,0.0
开始的军,2,2,0.5,4,1.0
开始的影,2,2,0.5,4,1.0
开始的文豪,2,2,0.5,5,-1.0
开始的无限,2,2,0.5,5,1.0
开始的诸天之旅,2,2,0.5,7,-1.0
开始签,2,2,0.5,3,1.0
开始肝成,2,2,0.5,4,1.0
开始进化,2,2,0.5,4,-1.0
开始逃,2,2,0.5,3,1.0
开始速通,2,2,1.0,4,-1.0
开局一座,2,2,0.5,4,-1.0
开局中奖,2,2,1.0,4,-1.0
开局为,2,2,0.5,3,-1.0
开局具现,2,2,0.5,4,-1.0
开局召唤,2,2,0.5,4,-1.0
开局合成,2,2,0.5,4,-1.0
开局天,2,2,0.5,3,-1.0
开局奖励,2,2,0.5,4,-1.0
开局我,2,2,0.5,3,-1.0
开局拯救,2,2,0.5,4,-1.0
开局捡到,2,2,0.5,4,-1.0
开局接待,2,2,0.5,4,-1.0
开局无,2,2,0.5,3,-1.0
开局时,2,2,1.0,3,1.0
开局盘,2,2,0.5,3,-1.0
开局给,2,2,0.5,3,-1.0
开局被唐,2,2,0.5,4,-1.0
开局请,2,2,0.5,3,-1.0
开局顶,2,2,0.5,3,-1.0
开挂了,2,2,0.5,3,-1.0
开挂后,2,2,1.0,3,-1.0
开的,2,2,0.5,2,1.0
开端,2,2,0.5,2,-1.0
开荒,2,2,1.0,2,0.0
异世界生,2,2,0.5,4,1.0
异世界的,2,2,1.0,4,0.0
异世药,2,2,0.5,3,-1.0
异复苏,2,2,0.5,3,-1.0
异界游,2,2,0.5,3,-1.0
异界的,2,2,0.5,3,-1.0
异维,2,2,0.5,2,-1.0
异闻录,2,2,0.5,3,-1.0
弃妇的,2,2,0.5,3,-1.0
弟子全是大,2,2,1.0,5,1.0
弟子开始,2,2,1.0,4,0.0
弟都,2,2,0.5,2,1.0
弹幕,2,2,1.0,2,0.0
强人,2,2,1.0,2,0.0
强兵,2,2,1.0,2,0.0
强到离谱,2,2,0.5,4,-1.0
强度,2,2,1.0,2,0.0
强的,2,2,0.5,2,1.0
当什么,2,2,0.5,3,1.0
当作,2,2,0.5,2,1.0
当你,2,2,0.5,2,-1.0
当偶像,2,2,1.0,3,1.0
当剑仙,2,2,0.5,3,-1.0
当医生,2,2,1.0,3,-1.0
当国,2,2,1.0,2,0.0
当场,2,2,1.0,2,0.0
当太子,2,2,1.0,3,0.0
当好,2,2,0.5,2,1.0
当官,2,2,1.0,2,0.0
当巨星,2,2,0.5,3,-1.0
当差,2,2,1.0,2,1.0
当成,2,2,0.5,2,1.0
当战狼,2,2,1.0,3,0.0
当教主,2,2,0.5,3,-1.0
当海贼王,2,2,1.0,4,0.0
当火影,2,2,0.5,3,-1.0
当爹,2,2,0.5,2,1.0
当王爷,2,2,0.5,3,-1.0
当神仙,2,2,0.5,3,-1.0
当神父,2,2,0.5,3,-1.0
当老师,2,2,0.5,3,-1.0
当财阀,2,2,0.5,3,-1.0
当超级英雄,2,2,1.0,5,0.0
当过,2,2,0.5,2,-1.0
当闲,2,2,0.5,2,1.0
彩礼,2,2,1.0,2,0.0
影教,2,2,0.5,2,1.0
影视世界从,2,2,0.5,5,-1.0
影视世界大,2,2,0.5,5,-1.0
影视剧,2,2,0.5,3,-1.0
影视诸天,2,2,1.0,4,-1.0
影重,2,2,0.5,2,1.0
影风,2,2,0.5,2,1.0
征战,2,2,0.5,2,-1.0
征服之路,2,2,1.0,4,-1.0
征服者,2,2,0.5,3,-1.0
待在,2,2,0.5,2,1.0
很高,2,2,1.0,2,0.0
徒万倍返还,2,2,0.5,5,-1.0
徒开始,2,2,1.0,3,0.0
御主,2,2,1.0,2,0.0
御兽从,2,2,0.5,3,-1.0
御兽仙族,2,2,0.0,4,-1.0
御猫,2,2,0.5,2,-1.0
微信,2,2,1.0,2,0.0
徽章,2,2,0.5,2,-1.0
心态崩了,2,2,0.5,4,-1.0
心灵,2,2,0.5,2,1.0
心理,2,2,0.5,2,1.0
心魔,2,2,1.0,2,-1.0
必有,2,2,0.5,2,1.0
必被,2,2,0.5,2,1.0
忍猫,2,2,1.0,2,0.0
志怪世界,2,2,1.0,4,0.0
快穿之,2,2,0.5,3,-1.0
忽悠老,2,2,0.5,3,1.0
怎么会,2,2,1.0,3,0.0
怎么成真了,2,2,0.5,5,-1.0
怎么是,2,2,0.5,3,1.0
急了,2,2,0.5,2,-1.0
性能,2,2,0.5,2,1.0
总想,2,2,0.5,2,1.0
总是,2,2,0.5,2,1.0
总有,2,2,0.5,2,-1.0
总管,2,2,0.5,2,-1.0
恋爱模拟,2,2,0.5,4,1.0
恋爱系,2,2,1.0,3,1.0
恐怖片,2,2,1.0,3,1.0
恭喜,2,2,0.5,2,-1.0
恶毒,2,2,0.5,2,-1.0
恶灵,2,2,1.0,2,1.0
恶魔果实,2,2,1.0,4,0.0
恶魔法则,2,2,1.0,4,-1.0
悠闲人生,2,2,1.0,4,-1.0
悠闲修,2,2,0.5,3,-1.0
您完全不按套路,2,2,0.5,7,-1.0
情书,2,2,1.0,2,0.0
情年代,2,2,0.5,3,-1.0
情满四合院,2,2,1.0,5,0.0
惊天,2,2,1.0,2,0.0
惟我,2,2,0.5,2,-1.0
想下,2,2,0.5,2,1.0
想世界,2,2,1.0,3,0.0
想为,2,2,0.5,2,1.0
想作死,2,2,0.5,3,-1.0
想做演员,2,2,0.5,4,-1.0
想加,2,2,0.5,2,1.0
想当明星,2,2,0.5,4,1.0
想当超,2,2,0.5,3,1.0
想成,2,2,0.5,2,1.0
想搞钱,2,2,1.0,3,0.0
想着,2,2,0.5,2,1.0
想退休,2,2,1.0,3,0.0
想重生,2,2,0.5,3,1.0
想长生不,2,2,0.5,4,1.0
惹那,2,2,0.5,2,1.0
意外,2,2,0.5,2,1.0
意志,2,2,0.5,2,-1.0
慈善大王什么鬼,2,2,0.0,7,-1.0
懒散,2,2,1.0,2,0.0
戈壁,2,2,1.0,2,0.0
戏剧,2,2,1.0,2,0.0
戏啊,2,2,0.5,2,-1.0
戏神,2,2,1.0,2,-1.0
戏精,2,2,1.0,2,0.0
成万,2,2,0.5,2,1.0
成为了,2,2,1.0,3,0.0
成为人生赢家,2,2,0.5,6,-1.0
成为大,2,2,0.5,3,1.0
成为最,2,2,0.5,3,1.0
成为道,2,2,1.0,3,1.0
成了仙子的,2,2,0.5,5,1.0
成了国,2,2,0.5,3,1.0
成了大,2,2,0.5,3,1.0
成了天,2,2,0.5,3,1.0
成了我的,2,2,0.5,4,1.0
成了日,2,2,0.5,3,1.0
成了科技,2,2,0.5,4,1.0
成人间,2,2,0.5,3,1.0
成军官,2,2,1.0,3,0.0
成功后,2,2,0.5,3,-1.0
成名,2,2,1.0,2,0.0
成圣人,2,2,0.5,3,-1.0
成大佬,2,2,0.5,3,-1.0
成妖,2,2,0.5,2,-1.0
成就系统,2,2,1.0,4,0.0
成巨,2,2,0.5,2,1.0
成游戏,2,2,1.0,3,0.0
成王,2,2,0.5,2,-1.0
成的,2,2,1.0,2,0.0
成神开始,2,2,0.5,4,-1.0
成系男神,2,2,0.5,4,-1.0
成计划,2,2,0.5,3,-1.0
成这样,2,2,1.0,3,1.0
成道,2,2,0.5,2,1.0
成长系,2,2,1.0,3,0.0
成顶流,2,2,1.0,3,0.0
成首富,2,2,1.0,3,0.0
成鱼,2,2,0.5,2,-1.0
成龙,2,2,0.5,2,-1.0
我上报国家,2,2,0.0,5,-1.0
我不是那,2,2,0.5,4,-1.0
我与,2,2,0.5,2,-1.0
我举世无,2,2,1.0,4,1.0
我也要,2,2,1.0,3,1.0
我于人间,2,2,0.5,4,-1.0
我人,2,2,1.0,2,0.0
我以为,2,2,0.5,3,-1.0
我以剑道证超凡,2,2,0.0,7,-1.0
我以女儿身闯荡,2,2,0.5,7,-1.0
我以神,2,2,0.5,3,-1.0
我修的,2,2,0.5,3,-1.0
我偷,2,2,1.0,2,1.0
我儿快,2,2,0.5,3,-1.0
我先,2,2,0.5,2,1.0
我全家都是,2,2,0.5,5,-1.0
我具现了,2,2,0.5,4,-1.0
我养,2,2,1.0,2,0.0
我刚,2,2,1.0,2,0.0
我刷,2,2,1.0,2,0.0
我加入聊天群,2,2,1.0,6,-1.0
我卖,2,2,1.0,2,1.0
我又,2,2,0.5,2,-1.0
我反手,2,2,0.5,3,-1.0
我只想安静的做,2,2,0.5,7,-1.0
我只是个,2,2,1.0,4,0.0
我只是想,2,2,0.5,4,-1.0
我可以兑换,2,2,0.5,5,-1.0
我可以无限,2,2,0.5,5,-1.0
我可以穿,2,2,1.0,4,0.0
我吧,2,2,0.5,2,-1.0
我命,2,2,0.5,2,-1.0
我咋,2,2,0.5,2,-1.0
我在一,2,2,0.5,3,-1.0
我在三国,2,2,0.5,4,-1.0
我在东京教,2,2,0.5,5,-1.0
我在九叔世界,2,2,0.5,6,-1.0
我在乱世词条,2,2,0.5,6,-1.0
我在亮剑,2,2,0.5,4,-1.0
我在人间,2,2,0.5,4,-1.0
我在仙侠世界,2,2,1.0,6,0.0
我在仙界,2,2,1.0,4,0.0
我在俄,2,2,0.5,3,-1.0
我在修仙界种,2,2,0.5,6,-1.0
我在凡,2,2,0.5,3,-1.0
我在北,2,2,0.5,3,-1.0
我在古代有,2,2,0.5,5,-1.0
我在大明当,2,2,0.5,5,-1.0
我在天庭,2,2,0.5,4,-1.0
我在妖魔世界,2,2,0.5,6,-1.0
我在战锤,2,2,0.5,4,-1.0
我在手,2,2,0.5,3,-1.0
我在明,2,2,0.5,3,-1.0
我在星际,2,2,0.5,4,-1.0
我在春秋,2,2,0.5,4,-1.0
我在武,2,2,0.5,3,-1.0
我在海贼,2,2,0.5,4,-1.0
我在游戏王里,2,2,0.5,6,-1.0
我在漫威,2,2,0.5,4,-1.0
我在现代留过学,2,2,0.0,7,-1.0
我在综武,2,2,0.5,4,-1.0
我在美利坚,2,2,0.5,5,-1.0
我在聊,2,2,0.5,3,-1.0
我在英,2,2,0.5,3,-1.0
我在诡,2,2,1.0,3,0.0
我在锦衣卫,2,2,0.5,5,-1.0
我在镇,2,2,0.5,3,-1.0
我在魔,2,2,0.5,3,-1.0
我在黄泉,2,2,0.5,4,-1.0
我大师,2,2,1.0,3,0.0
我大明,2,2,0.5,3,-1.0
我天,2,2,1.0,2,0.0
我夺舍了,2,2,0.5,4,-1.0
我女儿,2,2,0.5,3,-1.0
我女友是,2,2,1.0,4,-1.0
我妻,2,2,0.5,2,-1.0
我宇智波,2,2,0.0,4,-1.0
我家后,2,2,0.5,3,-1.0
我家客,2,2,0.5,3,-1.0
我家徒弟,2,2,0.5,4,-1.0
我家的,2,2,1.0,3,0.0
我家老,2,2,0.5,3,-1.0
我将,2,2,0.5,2,-1.0
我屠龙,2,2,0.5,3,-1.0
我已,2,2,0.5,2,-1.0
我师兄,2,2,0.5,3,-1.0
我开摆,2,2,1.0,3,1.0
我徒,2,2,0.5,2,1.0
我必须,2,2,0.5,3,-1.0
我快,2,2,1.0,2,0.0
我怎么办,2,2,0.5,4,-1.0
我怎么当上,2,2,1.0,5,0.0
我想做个好人,2,2,1.0,6,-1.0
我意,2,2,1.0,2,0.0
我慕容复,2,2,1.0,4,-1.0
我成为,2,2,0.5,3,-1.0
我成了一,2,2,0.5,4,-1.0
我成了神,2,2,1.0,4,0.0
我成了顶流,2,2,0.0,5,-1.0
我才不是,2,2,0.5,4,-1.0
我才不要,2,2,0.5,4,-1.0
我才几,2,2,0.5,3,-1.0
我技能,2,2,0.5,3,-1.0
我抢了,2,2,0.5,3,-1.0
我拍,2,2,0.5,2,-1.0
我捡,2,2,0.5,2,-1.0
我提,2,2,1.0,2,1.0
我教,2,2,0.5,2,-1.0
我明,2,2,0.5,2,-1.0
我是仙,2,2,1.0,3,-1.0
我是修仙,2,2,0.5,4,1.0
我是反派,2,2,0.0,4,-1.0
我是天,2,2,1.0,3,1.0
我是异界,2,2,0.5,4,-1.0
我是真,2,2,0.5,3,-1.0
我是秦,2,2,1.0,3,0.0
我有一个大,2,2,0.5,5,-1.0
我有一个游戏,2,2,0.5,6,-1.0
我有一张,2,2,0.5,4,-1.0
我有一棵,2,2,0.5,4,-1.0
我有三,2,2,0.5,3,-1.0
我有无数神,2,2,0.5,5,-1.0
我有无限,2,2,0.5,4,-1.0
我有装备栏,2,2,1.0,5,-1.0
我杀,2,2,1.0,2,0.0
我来自,2,2,0.5,3,-1.0
我正,2,2,1.0,2,0.0
我每月,2,2,0.5,3,-1.0
我没穿越,2,2,1.0,4,0.0
我满,2,2,0.5,2,-1.0
我炼,2,2,1.0,2,0.0
我生,2,2,1.0,2,1.0
我的中,2,2,1.0,3,0.0
我的书,2,2,1.0,3,0.0
我的人生,2,2,0.5,4,-1.0
我的人籍,2,2,1.0,4,0.0
我的修道,2,2,0.5,4,-1.0
我的光,2,2,0.5,3,-1.0
我的兵种,2,2,0.5,4,-1.0
我的剑,2,2,0.5,3,-1.0
我的卡,2,2,0.5,3,-1.0
我的原始,2,2,0.5,4,1.0
我的大,2,2,0.5,3,-1.0
我的天赋,2,2,0.5,4,-1.0
我的夫人,2,2,0.5,4,-1.0
我的头,2,2,1.0,3,0.0
我的女友是恶,2,2,0.5,6,-1.0
我的妹妹,2,2,0.5,4,-1.0
我的姐,2,2,0.5,3,-1.0
我的姑,2,2,0.5,3,-1.0
我的学,2,2,0.5,3,-1.0
我的尸,2,2,1.0,3,0.0
我的属性,2,2,0.5,4,-1.0
我的师父,2,2,0.5,4,-1.0
我的异,2,2,0.5,3,-1.0
我的影,2,2,0.5,3,-1.0
我的御兽,2,2,0.5,4,-1.0
我的忍术,2,2,0.5,4,-1.0
我的恋爱,2,2,0.5,4,-1.0
我的悟性,2,2,0.5,4,-1.0
我的情报,2,2,0.5,4,-1.0
我的成就,2,2,0.5,4,-1.0
我的手,2,2,0.5,3,-1.0
我的投,2,2,0.5,3,-1.0
我的文艺时代,2,2,0.0,6,-1.0
我的日,2,2,1.0,3,0.0
我的时代,2,2,0.0,4,-1.0
我的时空,2,2,0.5,4,-1.0
我的明星,2,2,0.5,4,-1.0
我的末世,2,2,0.5,4,-1.0
我的末日,2,2,0.5,4,-1.0
我的梦境,2,2,0.5,4,-1.0
我的武道,2,2,0.5,4,-1.0
我的物品能升级,2,2,0.0,7,-1.0
我的生活,2,2,0.5,4,-1.0
我的粉丝,2,2,0.5,4,-1.0
我的职业面板,2,2,0.5,6,-1.0
我的舅舅,2,2,0.5,4,-1.0
我的艺人,2,2,0.5,4,-1.0
我的谍战,2,2,0.5,4,-1.0
我的身份,2,2,0.5,4,-1.0
我的道,2,2,1.0,3,0.0
我的邻居,2,2,0.5,4,-1.0
我的重生,2,2,0.5,4,-1.0
我的金,2,2,0.5,3,-1.0
我的青,2,2,0.5,3,-1.0
我的魔法,2,2,0.5,4,-1.0
我直接,2,2,0.5,3,-1.0
我真不想当天,2,2,0.5,6,-1.0
我真不是大,2,2,0.5,5,-1.0
我真得控制你了,2,2,0.0,7,-1.0
我真是大,2,2,0.5,4,-1.0
我真是联盟职业选手,2,2,0.0,9,-1.0
我真没有,2,2,0.5,4,-1.0
我真的不是,2,2,0.5,5,-1.0
我真的只想,2,2,0.5,5,-1.0
我真的是正,2,2,0.5,5,-1.0
我真要,2,2,0.5,3,-1.0
我神明,2,2,0.5,3,-1.0
我种田,2,2,1.0,3,-1.0
我竟成了,2,2,1.0,4,1.0
我绑,2,2,0.5,2,-1.0
我给,2,2,0.5,2,-1.0
我绝不当,2,2,1.0,4,0.0
我继承了游戏里的,2,2,0.5,8,-1.0
我编造,2,2,1.0,3,0.0
我老婆是天,2,2,0.5,5,-1.0
我考,2,2,1.0,2,1.0
我肉,2,2,1.0,2,1.0
我能升级,2,2,0.5,4,-1.0
我能召唤,2,2,0.5,4,-1.0
我能回到,2,2,0.5,4,-1.0
我能无限,2,2,0.5,4,-1.0
我获得,2,2,0.5,3,-1.0
我被曝光了,2,2,1.0,5,-1.0
我被霍格沃茨,2,2,1.0,6,0.0
我要死了,2,2,0.0,4,-1.0
我觉醒了,2,2,0.5,4,-1.0
我赐,2,2,1.0,2,1.0
我超,2,2,0.5,2,1.0
我越,2,2,0.5,2,1.0
我躺,2,2,1.0,2,1.0
我这是,2,2,0.5,3,-1.0
我进入,2,2,0.5,3,-1.0
我马,2,2,1.0,2,1.0
戒指,2,2,1.0,2,0.0
战争游戏,2,2,0.5,4,-1.0
战争领主,2,2,1.0,4,0.0
战五,2,2,0.5,2,1.0
战力,2,2,1.0,2,0.0
战地,2,2,0.5,2,-1.0
战无,2,2,0.5,2,1.0
战舰,2,2,0.5,2,-1.0
房东,2,2,0.5,2,-1.0
房产大,2,2,0.5,3,-1.0
房间,2,2,1.0,2,1.0
扉间,2,2,0.5,2,1.0
手天,2,2,0.5,2,1.0
手开始的,2,2,0.5,4,1.0
手艺人,2,2,1.0,3,-1.0
才出道,2,2,0.5,3,-1.0
才开,2,2,0.5,2,1.0
才知,2,2,1.0,2,1.0
才艺,2,2,0.5,2,-1.0
打下一个,2,2,0.5,4,1.0
打倒,2,2,1.0,2,0.0
打天,2,2,0.5,2,1.0
打扰,2,2,0.5,2,1.0
打游戏,2,2,1.0,3,0.0
打破,2,2,0.5,2,1.0
打网球啊,2,2,0.5,4,-1.0
打职业啊,2,2,0.5,4,-1.0
打造完美,2,2,0.5,4,1.0
打造最强,2,2,0.5,4,-1.0
打造火影,2,2,1.0,4,0.0
打铁,2,2,1.0,2,0.0
托身,2,2,0.5,2,-1.0
执掌天,2,2,0.5,3,-1.0
扶摇,2,2,1.0,2,-1.0
承包商,2,2,0.5,3,-1.0
技师,2,2,0.5,2,-1.0
技开始,2,2,0.5,3,-1.0
技术,2,2,1.0,2,1.0
技能无,2,2,1.0,3,0.0
技能树,2,2,0.5,3,-1.0
技能点,2,2,0.5,3,-1.0
把低武练成了仙武,2,2,0.5,8,-1.0
把头,2,2,1.0,2,0.0
把我,2,2,1.0,2,1.0
把法官送进去了,2,2,1.0,7,-1.0
抗战之,2,2,0.5,3,-1.0
抗日之铁血,2,2,0.5,5,-1.0
护人,2,2,0.5,2,-1.0
报告,2,2,1.0,2,-1.0
抽到,2,2,0.5,2,1.0
抽卡成,2,2,0.5,3,-1.0
抽取,2,2,1.0,2,0.0
拍戏,2,2,1.0,2,0.0
拍烂片,2,2,1.0,3,0.0
拒绝后,2,2,0.5,3,-1.0
拔刀,2,2,1.0,2,0.0
拜师九叔,2,2,1.0,4,0.0
拜见,2,2,0.5,2,-1.0
择日,2,2,0.5,2,-1.0
拳之,2,2,0.5,2,-1.0
拳坛,2,2,0.5,2,-1.0
拳愿,2,2,1.0,2,0.0
拷问,2,2,0.5,2,1.0
拼搏年代,2,2,0.0,4,-1.0
指环王,2,2,1.0,3,0.0
挖了,2,2,0.5,2,1.0
挖出来,2,2,1.0,3,0.0
挖矿,2,2,1.0,2,0.0
捡了一,2,2,0.5,3,-1.0
捡到一个,2,2,0.5,4,-1.0
捡到一只,2,2,0.5,4,-1.0
掀起,2,2,0.5,2,1.0
掉了,2,2,0.5,2,-1.0
掉宝,2,2,0.5,2,-1.0
掌控时,2,2,1.0,3,0.0
掌控者,2,2,0.5,3,-1.0
掌教,2,2,0.5,2,1.0
接地气,2,2,0.5,3,-1.0
推了,2,2,0.5,2,1.0
提供,2,2,0.5,2,1.0
提督,2,2,0.5,2,-1.0
提示,2,2,0.5,2,-1.0
搞科,2,2,0.5,2,1.0
搭档,2,2,1.0,2,0.0
摄政天下,2,2,0.0,4,-1.0
摸底,2,2,1.0,2,1.0
摸鱼的日子,2,2,0.5,5,-1.0
收了,2,2,0.5,2,1.0
收容,2,2,0.5,2,1.0
收租,2,2,1.0,2,1.0
收集,2,2,0.5,2,1.0
改命,2,2,1.0,2,0.0
放开那个,2,2,0.5,4,-1.0
放牧,2,2,0.5,2,1.0
救世主啊,2,2,0.5,4,-1.0
救赎,2,2,1.0,2,0.0
教你们,2,2,0.5,3,1.0
教员,2,2,0.5,2,-1.0
教太子,2,2,1.0,3,1.0
教学,2,2,0.5,2,-1.0
数值,2,2,0.5,2,1.0
数学,2,2,1.0,2,0.0
整活儿,2,2,1.0,3,1.0
整蛊,2,2,0.5,2,-1.0
整顿,2,2,1.0,2,1.0
文体,2,2,0.5,2,-1.0
文圣,2,2,0.5,2,-1.0
文坛,2,2,1.0,2,0.0
文娱从,2,2,0.5,3,-1.0
文娱大,2,2,1.0,3,0.0
文字,2,2,0.5,2,1.0
文盲,2,2,0.5,2,1.0
斗破苍穹,2,2,1.0,4,-1.0
斗罗之我的武魂是,2,2,0.5,8,-1.0
斗罗大陆之,2,2,1.0,5,0.0
斩妖除魔,2,2,0.5,4,1.0
斩杀线,2,2,1.0,3,0.0
斩鬼神,2,2,0.5,3,-1.0
斯的,2,2,0.5,2,1.0
新一,2,2,0.5,2,1.0
新三国,2,2,1.0,3,0.0
新兵,2,2,1.0,2,0.0
新手村,2,2,1.0,3,0.0
新明,2,2,1.0,2,0.0
新警,2,2,1.0,2,0.0
方丈,2,2,0.5,2,-1.0
方寸,2,2,1.0,2,0.0
方式,2,2,0.5,2,-1.0
方知是,2,2,0.5,3,-1.0
施法,2,2,1.0,2,0.0
旁白,2,2,1.0,2,0.0
旁门左道,2,2,1.0,4,0.0
旅行者,2,2,0.5,3,-1.0
旅途,2,2,0.5,2,-1.0
族大,2,2,0.5,2,1.0
族无,2,2,0.5,2,1.0
无上仙,2,2,1.0,3,0.0
无上天,2,2,1.0,3,0.0
无人不,2,2,0.5,3,1.0
无妖,2,2,0.5,2,-1.0
无意,2,2,0.5,2,1.0
无所,2,2,1.0,2,1.0
无敌天,2,2,0.5,3,-1.0
无数个我同时,2,2,0.5,6,-1.0
无良,2,2,0.5,2,-1.0
无量,2,2,1.0,2,0.0
无间地狱,2,2,1.0,4,0.0
无间道,2,2,1.0,3,0.0
无限制,2,2,0.5,3,-1.0
无限刷,2,2,1.0,3,0.0
无限合成,2,2,1.0,4,0.0
无限就职,2,2,1.0,4,-1.0
无限恐怖之,2,2,0.5,5,-1.0
无限战,2,2,1.0,3,0.0
无限流,2,2,1.0,3,0.0
无限的,2,2,0.5,3,1.0
无限轮回,2,2,1.0,4,-1.0
日超,2,2,0.5,2,1.0
日重,2,2,0.5,2,1.0
旧日之,2,2,1.0,3,0.0
旧日支配者,2,2,1.0,5,0.0
时不,2,2,0.5,2,1.0
时代变了,2,2,0.0,4,-1.0
时代巨,2,2,0.5,3,-1.0
时候,2,2,0.5,2,1.0
时归,2,2,0.5,2,-1.0
时空穿越,2,2,1.0,4,0.0
时空酒馆,2,2,1.0,4,-1.0
昆仑,2,2,0.5,2,-1.0
明不,2,2,0.5,2,1.0
明君,2,2,0.5,2,-1.0
明很,2,2,0.5,2,1.0
明日之,2,2,0.5,3,-1.0
明明是,2,2,1.0,3,0.0
明明超强却,2,2,1.0,5,1.0
明星爱,2,2,0.5,3,1.0
明星老婆,2,2,1.0,4,0.0
明朝当暴君,2,2,0.5,5,-1.0
明珠,2,2,1.0,2,0.0
星之主,2,2,0.5,3,-1.0
星人,2,2,0.5,2,-1.0
星传奇,2,2,0.5,3,-1.0
星夫,2,2,0.5,2,1.0
星女,2,2,0.5,2,1.0
星奶爸,2,2,0.5,3,-1.0
星很,2,2,0.5,2,1.0
星战,2,2,0.5,2,-1.0
星有,2,2,0.5,2,1.0
星来,2,2,0.5,2,1.0
星级,2,2,1.0,2,0.0
星门,2,2,1.0,2,-1.0
星际争霸,2,2,1.0,4,-1.0
星际战场,2,2,1.0,4,0.0
春光,2,2,1.0,2,0.0
春色,2,2,0.5,2,-1.0
春风,2,2,1.0,2,0.0
昭烈,2,2,1.0,2,1.0
是为了,2,2,0.5,3,1.0
是二,2,2,0.5,2,1.0
是人类,2,2,0.5,3,-1.0
是人间,2,2,1.0,3,1.0
是什么鬼,2,2,0.5,4,-1.0
是你们,2,2,1.0,3,0.0
是全能大,2,2,0.5,4,1.0
是剑仙,2,2,0.5,3,-1.0
是剑神,2,2,0.5,3,-1.0
是千,2,2,0.5,2,1.0
是卧底,2,2,1.0,3,0.0
是在,2,2,0.5,2,1.0
是地球,2,2,1.0,3,0.0
是天仙妈,2,2,0.5,4,-1.0
是天命,2,2,1.0,3,0.0
是天王,2,2,0.5,3,-1.0
是如,2,2,0.5,2,1.0
是妖怪,2,2,0.5,3,-1.0
是学霸,2,2,0.5,3,-1.0
是宝可梦,2,2,1.0,4,0.0
是富二代,2,2,0.5,4,-1.0
是封神,2,2,0.5,3,-1.0
是小,2,2,1.0,2,1.0
是巨星,2,2,0.5,3,-1.0
是幕后大佬,2,2,0.5,5,-1.0
是怪物,2,2,1.0,3,0.0
是恋爱,2,2,0.5,3,1.0
是战,2,2,0.5,2,1.0
是抽象,2,2,0.5,3,1.0
是曹操,2,2,1.0,3,0.0
是李,2,2,0.5,2,1.0
是来,2,2,0.5,2,1.0
是模,2,2,0.5,2,1.0
是正经,2,2,0.5,3,1.0
是武,2,2,0.5,2,1.0
是没人要,2,2,0.5,4,-1.0
是活阎王,2,2,0.5,4,-1.0
是深,2,2,0.5,2,1.0
是玩,2,2,0.5,2,1.0
是皇,2,2,0.5,2,1.0
是神明,2,2,1.0,3,0.0
是神话,2,2,0.5,3,1.0
是穿,2,2,0.5,2,1.0
是篮球之神,2,2,1.0,5,0.0
是精神病,2,2,0.5,4,-1.0
是系统,2,2,0.5,3,1.0
是绝,2,2,0.5,2,1.0
是老,2,2,0.5,2,1.0
是西游,2,2,0.5,3,-1.0
是说,2,2,0.5,2,1.0
是谁,2,2,0.5,2,-1.0
是道,2,2,1.0,2,0.0
是邪神,2,2,0.5,3,-1.0
是阴间,2,2,1.0,3,0.0
是魔教教主,2,2,0.5,5,-1.0
晚年,2,2,0.5,2,-1.0
晚明,2,2,1.0,2,-1.0
晚清,2,2,1.0,2,0.0
普罗,2,2,1.0,2,0.0
普通,2,2,0.5,2,1.0
智能,2,2,0.5,2,-1.0
暗主宰,2,2,0.5,3,-1.0
暗之,2,2,1.0,2,0.0
暗部,2,2,1.0,2,1.0
暴力,2,2,1.0,2,0.0
暴风,2,2,1.0,2,0.0
曙光,2,2,0.5,2,-1.0
曹贼,2,2,1.0,2,0.0
曾孙女,2,2,1.0,3,0.0
最初,2,2,0.5,2,-1.0
最后的地球,2,2,0.5,5,-1.0
最强神话,2,2,1.0,4,0.0
最强肉,2,2,0.5,3,1.0
最强装,2,2,1.0,3,0.0
最狠暴君,2,2,0.5,4,-1.0
最长,2,2,0.5,2,-1.0
最高,2,2,1.0,2,0.0
月明,2,2,1.0,2,0.0
有些,2,2,0.5,2,1.0
有亿点,2,2,0.5,3,1.0
有外挂,2,2,1.0,3,1.0
有大帝之,2,2,0.5,4,1.0
有大问题,2,2,0.5,4,-1.0
有奖励,2,2,0.5,3,-1.0
有套房,2,2,0.5,3,-1.0
有妖气,2,2,1.0,3,0.0
有座,2,2,0.5,2,1.0
有时,2,2,0.5,2,1.0
有点不对劲,2,2,0.5,5,-1.0
有点稳,2,2,0.5,3,-1.0
有特,2,2,0.5,2,1.0
有福,2,2,0.5,2,-1.0
有红警基地,2,2,0.5,5,1.0
有血条,2,2,1.0,3,0.0
有责,2,2,1.0,2,0.0
有道,2,2,0.5,2,1.0
有那么,2,2,0.5,3,1.0
朕又,2,2,0.5,2,-1.0
朕真,2,2,0.5,2,-1.0
望族,2,2,0.5,2,-1.0
望清单,2,2,0.5,3,-1.0
朝九晚五,2,2,0.0,4,-1.0
朝完美,2,2,0.5,3,1.0
朝廷鹰犬,2,2,0.5,4,-1.0
木匠皇帝,2,2,0.5,4,-1.0
木叶之最强,2,2,0.5,5,-1.0
未来可期,2,2,1.0,4,-1.0
未来的,2,2,0.5,3,1.0
末世重生,2,2,0.5,4,-1.0
末日从,2,2,1.0,3,0.0
末日文,2,2,0.5,3,1.0
末法时代的,2,2,0.5,5,-1.0
本后,2,2,1.0,2,1.0
本座,2,2,0.5,2,-1.0
术之,2,2,0.5,2,1.0
术没有上限,2,2,0.5,5,-1.0
术直播间,2,2,0.5,4,-1.0
朱门,2,2,0.5,2,-1.0
机神,2,2,1.0,2,0.0
朽世,2,2,0.5,2,1.0
杀我,2,2,0.5,2,-1.0
杀星,2,2,1.0,2,1.0
杀疯了,2,2,0.5,3,-1.0
杀神,2,2,1.0,2,-1.0
杂鱼,2,2,1.0,2,1.0
李云龙,2,2,1.0,3,0.0
李承乾,2,2,1.0,3,1.0
李相赫,2,2,1.0,3,1.0
村的,2,2,0.5,2,1.0
来大,2,2,0.5,2,1.0
来当,2,2,0.5,2,1.0
来打,2,2,0.5,2,1.0
来求,2,2,0.5,2,1.0
来自未来,2,2,1.0,4,0.0
板的,2,2,0.5,2,1.0
极传,2,2,0.5,2,1.0
极品修真,2,2,0.5,4,-1.0
极品天,2,2,0.5,3,-1.0
极品直播之,2,2,0.5,5,-1.0
极天,2,2,0.5,2,1.0
极拳,2,2,1.0,2,0.0
林的,2,2,0.5,2,1.0
枪火,2,2,1.0,2,0.0
某科学的,2,2,0.5,4,-1.0
柯南里的,2,2,0.5,4,-1.0
校园,2,2,1.0,2,0.0
校教,2,2,0.5,2,1.0
校的,2,2,0.5,2,1.0
根本,2,2,0.5,2,1.0
格开始,2,2,1.0,3,0.0
格温蜘蛛,2,2,1.0,4,0.0
梅西,2,2,1.0,2,1.0
梦大师,2,2,0.5,3,-1.0
梦幻西游,2,2,0.5,4,-1.0
梦时代,2,2,0.5,3,-1.0
械主宰,2,2,0.5,3,-1.0
检察官,2,2,0.5,3,-1.0
楚氏,2,2,0.5,2,-1.0
概念神,2,2,1.0,3,-1.0
模拟成,2,2,1.0,3,0.0
模拟长生路,2,2,0.5,5,-1.0
模板开始,2,2,0.5,4,-1.0
横刀,2,2,0.5,2,-1.0
横推万界,2,2,1.0,4,-1.0
横推从,2,2,0.5,3,-1.0
横练,2,2,1.0,2,0.0
次元壁,2,2,0.5,3,-1.0
次元聊天群,2,2,0.5,5,-1.0
欺诈,2,2,1.0,2,1.0
歌土,2,2,0.5,2,-1.0
歌手开始,2,2,0.5,4,-1.0
正常玩,2,2,0.5,3,1.0
正得发邪,2,2,0.5,4,-1.0
正德,2,2,1.0,2,0.0
正法,2,2,0.5,2,-1.0
正派,2,2,1.0,2,0.0
正能量,2,2,0.5,3,-1.0
此人,2,2,0.5,2,-1.0
此刻,2,2,1.0,2,1.0
武不,2,2,0.5,2,1.0
武侠世界大,2,2,0.5,5,-1.0
武侠仙侠世界,2,2,0.5,6,-1.0
武侠江湖,2,2,0.5,4,-1.0
武僧在,2,2,0.5,3,1.0
武圣从,2,2,0.5,3,-1.0
武士,2,2,0.5,2,-1.0
武太,2,2,0.5,2,1.0
武帝,2,2,0.5,2,-1.0
武德充沛,2,2,1.0,4,0.0
武林盟主,2,2,0.5,4,-1.0
武林神话,2,2,0.5,4,-1.0
武王,2,2,1.0,2,0.0
武纪元,2,2,0.5,3,-1.0
武装,2,2,1.0,2,0.0
武道从,2,2,1.0,3,0.0
武道天,2,2,1.0,3,0.0
武道登神,2,2,1.0,4,-1.0
武道长生,2,2,1.0,4,-1.0
武魂殿,2,2,1.0,3,1.0
死不,2,2,0.5,2,1.0
死你们,2,2,0.5,3,-1.0
死后,2,2,1.0,2,0.0
死在,2,2,1.0,2,0.0
死者,2,2,0.5,2,1.0
死路,2,2,1.0,2,0.0
殷商,2,2,1.0,2,1.0
母舰,2,2,1.0,2,0.0
每天都,2,2,1.0,3,0.0
每日情报系统,2,2,1.0,6,0.0
每月一个,2,2,1.0,4,1.0
每月刷新,2,2,1.0,4,0.0
比赛,2,2,1.0,2,1.0
氏春秋,2,2,0.5,3,-1.0
气仙,2,2,1.0,2,1.0
气哭,2,2,1.0,2,1.0
气朝,2,2,0.5,2,1.0
气的,2,2,0.5,2,1.0
气逼人,2,2,0.5,3,-1.0
水元成,2,2,0.5,3,-1.0
水果大,2,2,1.0,3,0.0
永夜,2,2,1.0,2,0.0
永昌,2,2,1.0,2,0.0
求你别,2,2,1.0,3,1.0
求我别,2,2,0.5,3,1.0
求放过,2,2,0.5,3,-1.0
求求你,2,2,0.5,3,-1.0
求生之,2,2,1.0,3,0.0
求长生,2,2,0.5,3,-1.0
汉子,2,2,0.5,2,-1.0
江山美人,2,2,0.5,4,-1.0
沙漠,2,2,0.5,2,1.0
没有假期,2,2,0.5,4,-1.0
没有兴趣,2,2,0.5,4,-1.0
没有救世主,2,2,1.0,5,0.0
没有瓶颈,2,2,0.5,4,-1.0
没有英灵的我只能,2,2,0.5,8,-1.0
没落网,2,2,0.5,3,-1.0
河之上,2,2,0.5,3,-1.0
河图,2,2,0.5,2,-1.0
泉有,2,2,0.5,2,1.0
法修,2,2,0.5,2,1.0
法力无边,2,2,0.5,4,-1.0
法大,2,2,0.5,2,1.0
法开始肝,2,2,0.5,4,1.0
法无天,2,2,0.5,3,-1.0
法相,2,2,1.0,2,0.0
法者,2,2,1.0,2,0.0
泡沫时代,2,2,0.5,4,-1.0
洗白,2,2,1.0,2,1.0
津门,2,2,1.0,2,0.0
洪武末年,2,2,1.0,4,0.0
洪荒第一,2,2,1.0,4,0.0
活着,2,2,1.0,2,1.0
派大,2,2,0.5,2,1.0
派开始,2,2,1.0,3,0.0
派的我,2,2,0.5,3,1.0
流窜,2,2,0.5,2,-1.0
流金,2,2,0.5,2,-1.0
浪了,2,2,0.5,2,-1.0
浪人,2,2,1.0,2,0.0
浪到失联,2,2,0.0,4,-1.0
浴血,2,2,0.5,2,-1.0
海克斯,2,2,0.5,3,1.0
海军,2,2,0.5,2,1.0
海大,2,2,0.5,2,1.0
海扬帆,2,2,0.5,3,-1.0
海提,2,2,0.5,2,1.0
海贼世界,2,2,0.5,4,-1.0
海贼王之,2,2,0.5,4,-1.0
涅槃,2,2,1.0,2,0.0
消失,2,2,0.5,2,1.0
淑女,2,2,1.0,2,0.0
深渊入侵,2,2,0.0,4,-1.0
混乱,2,2,1.0,2,0.0
混在漫威,2,2,0.5,4,-1.0
混在美,2,2,0.5,3,-1.0
混进,2,2,0.5,2,1.0
混迹,2,2,0.5,2,1.0
清洁工,2,2,1.0,3,0.0
渊天,2,2,0.5,2,-1.0
渊行,2,2,1.0,2,0.0
渔人,2,2,0.5,2,-1.0
温暖的,2,2,0.5,3,-1.0
港岛枭雄,2,2,1.0,4,-1.0
港岛豪门,2,2,0.5,4,-1.0
港综警,2,2,0.5,3,-1.0
游之重,2,2,0.5,3,1.0
游之金,2,2,0.5,3,1.0
游乐场,2,2,0.5,3,-1.0
游侠,2,2,1.0,2,0.0
游戏不,2,2,0.5,3,1.0
游戏公,2,2,1.0,3,1.0
游戏帝国,2,2,0.5,4,-1.0
游戏成真了,2,2,0.5,5,-1.0
游戏能,2,2,1.0,3,0.0
游戏面板,2,2,0.5,4,-1.0
游诸天,2,2,0.5,3,-1.0
游走,2,2,1.0,2,0.0
游轮,2,2,0.5,2,-1.0
源大,2,2,0.5,2,1.0
满仓,2,2,0.5,2,-1.0
满天,2,2,0.5,2,1.0
满属性,2,2,1.0,3,0.0
满的我,2,2,1.0,3,1.0
满级导演,2,2,1.0,4,-1.0
满贯,2,2,0.5,2,1.0
漂在,2,2,1.0,2,0.0
漂流,2,2,1.0,2,0.0
演开始,2,2,1.0,3,0.0
演技,2,2,0.5,2,1.0
演武,2,2,1.0,2,0.0
演游戏,2,2,0.5,3,-1.0
演讲,2,2,1.0,2,0.0
漩涡面麻,2,2,0.5,4,-1.0
漫人生,2,2,1.0,3,0.0
漫威之,2,2,1.0,3,-1.0
漫威里的,2,2,0.5,4,-1.0
漫游,2,2,0.5,2,-1.0
漫漫,2,2,1.0,2,0.0
潇洒人生,2,2,0.5,4,-1.0
激荡,2,2,1.0,2,0.0
火影之最强,2,2,0.5,5,-1.0
灭世魔,2,2,1.0,3,0.0
灭绝,2,2,1.0,2,0.0
灵大,2,2,0.5,2,1.0
灵帝国,2,2,0.5,3,-1.0
灵开始,2,2,0.5,3,-1.0
灵异,2,2,0.5,2,1.0
灵根,2,2,1.0,2,0.0
灵笼,2,2,0.0,2,-1.0
灾变时代,2,2,1.0,4,0.0
炮灰不,2,2,0.5,3,-1.0
点满,2,2,1.0,2,1.0
炼丹,2,2,0.5,2,1.0
炼器,2,2,1.0,2,0.0
炼金手记,2,2,1.0,4,-1.0
热血传奇,2,2,1.0,4,0.0
烽火之,2,2,0.5,3,1.0
然后成为,2,2,0.5,4,-1.0
然成,2,2,0.5,2,1.0
熟练度面板,2,2,0.5,5,-1.0
爆肝,2,2,1.0,2,1.0
爱情,2,2,0.5,2,1.0
爱模拟器,2,2,0.5,4,-1.0
父刘,2,2,0.5,2,1.0
父是康熙,2,2,0.5,4,-1.0
父皇,2,2,0.0,2,-1.0
爹开始,2,2,0.5,3,-1.0
片的,2,2,1.0,2,1.0
版本太低,2,2,1.0,4,1.0
牧神,2,2,1.0,2,0.0
物品栏,2,2,0.5,3,-1.0
物心声,2,2,1.0,3,0.0
物来,2,2,0.5,2,1.0
物融合,2,2,1.0,3,1.0
物资,2,2,0.5,2,-1.0
特性,2,2,0.5,2,-1.0
特烦恼,2,2,1.0,3,0.0
状元郎,2,2,1.0,3,-1.0
状态栏,2,2,0.5,3,-1.0
狂人,2,2,1.0,2,0.0
狂想,2,2,1.0,2,0.0
狂蟒,2,2,1.0,2,0.0
狗都不,2,2,1.0,3,1.0
狩魔猎人,2,2,1.0,4,0.0
独断万古,2,2,0.5,4,-1.0
独闯天涯,2,2,1.0,4,-1.0
猎日,2,2,0.5,2,1.0
猎者,2,2,1.0,2,0.0
猛龙,2,2,1.0,2,0.0
猪开始,2,2,1.0,3,0.0
献祭,2,2,1.0,2,0.0
玄幻世界,2,2,0.5,4,1.0
玄武,2,2,1.0,2,1.0
玉京,2,2,1.0,2,0.0
王大人,2,2,0.5,3,1.0
王子,2,2,1.0,2,0.0
玩具,2,2,1.0,2,1.0
玩坏,2,2,1.0,2,0.0
玩家们,2,2,1.0,3,0.0
玩家请,2,2,0.5,3,-1.0
玩家重,2,2,0.5,3,-1.0
玩物人生,2,2,1.0,4,-1.0
玩的,2,2,1.0,2,0.0
现代生活,2,2,1.0,4,0.0
现在,2,2,0.5,2,-1.0
球变,2,2,0.5,2,1.0
球挖,2,2,0.5,2,1.0
球模拟,2,2,0.5,3,1.0
球王,2,2,0.5,2,-1.0
琉璃,2,2,1.0,2,0.0
瑟提,2,2,1.0,2,0.0
生三,2,2,0.5,2,1.0
生世家,2,2,1.0,3,0.0
生之不,2,2,0.5,3,1.0
生于,2,2,1.0,2,0.0
生人,2,2,0.5,2,1.0
生从娶,2,2,0.5,3,1.0
生到,2,2,0.5,2,1.0
生就,2,2,0.5,2,1.0
生手册,2,2,0.5,3,-1.0
生技,2,2,0.5,2,1.0
生是,2,2,0.5,2,1.0
生武圣,2,2,0.5,3,-1.0
生法,2,2,0.5,2,1.0
生活技能,2,2,0.5,4,-1.0
生游戏,2,2,0.5,3,-1.0
生白,2,2,0.5,2,1.0
生系统,2,2,1.0,3,0.0
生记,2,2,0.5,2,-1.0
申公豹,2,2,0.5,3,-1.0
电影世界大,2,2,0.5,5,-1.0
电影人,2,2,1.0,3,0.0
电影抽,2,2,0.5,3,1.0
电影的,2,2,0.5,3,-1.0
电梯,2,2,1.0,2,0.0
电磁,2,2,0.5,2,-1.0
电脑,2,2,0.5,2,-1.0
电视剧,2,2,0.5,3,-1.0
男主,2,2,0.5,2,-1.0
画妖,2,2,1.0,2,0.0
画美,2,2,0.5,2,1.0
界修仙,2,2,0.5,3,-1.0
界加点修行,2,2,0.5,5,-1.0
界征服,2,2,0.5,3,1.0
界是,2,2,0.5,2,1.0
界有,2,2,0.5,2,1.0
界末日,2,2,0.5,3,1.0
界王,2,2,1.0,2,-1.0
界玩,2,2,0.5,2,1.0
界登,2,2,0.5,2,1.0
界种田,2,2,1.0,3,0.0
界科技,2,2,1.0,3,0.0
界超,2,2,0.5,2,1.0
界长生不死,2,2,0.5,5,-1.0
界高,2,2,0.5,2,1.0
疯狂的,2,2,0.5,3,-1.0
登录,2,2,0.5,2,1.0
白手起家,2,2,0.0,4,-1.0
白猿,2,2,1.0,2,1.0
白眼,2,2,1.0,2,0.0
白龙,2,2,1.0,2,0.0
百世修仙,2,2,0.0,4,-1.0
百倍,2,2,1.0,2,1.0
百兽,2,2,0.5,2,-1.0
百无禁忌,2,2,1.0,4,-1.0
百鬼夜行,2,2,0.5,4,-1.0
的万,2,2,0.5,2,1.0
的三,2,2,0.5,2,1.0
的上,2,2,0.5,2,1.0
的世界之,2,2,0.5,4,1.0
的二次元,2,2,0.5,4,1.0
的云养,2,2,0.5,3,1.0
的传,2,2,0.5,2,1.0
的体,2,2,0.5,2,1.0
的修仙游戏,2,2,0.5,5,1.0
的修行,2,2,1.0,3,0.0
的修道生涯,2,2,0.5,5,-1.0
的儿子,2,2,0.5,3,1.0
的公,2,2,0.5,2,1.0
的副本,2,2,0.5,3,1.0
的化,2,2,0.5,2,1.0
的华,2,2,0.5,2,1.0
的反派,2,2,0.5,3,1.0
的古,2,2,0.5,2,1.0
的召唤师,2,2,0.5,4,-1.0
的吃瓜,2,2,0.5,3,1.0
的吗,2,2,0.5,2,-1.0
的命,2,2,0.5,2,1.0
的唯一玩家,2,2,0.5,5,-1.0
的四,2,2,0.5,2,1.0
的大内,2,2,0.5,3,1.0
的大魔王,2,2,0.5,4,-1.0
的头号黑粉,2,2,0.5,5,-1.0
的奇,2,2,0.5,2,1.0
的好,2,2,0.5,2,1.0
的学习,2,2,0.5,3,1.0
的完美,2,2,0.5,3,1.0
的小白脸,2,2,0.5,4,-1.0
的尸解仙,2,2,0.5,4,-1.0
的工业,2,2,0.5,3,1.0
的巫师,2,2,1.0,3,0.0
的帝国,2,2,0.5,3,1.0
的平凡,2,2,0.5,3,1.0
的幸福生活,2,2,0.5,5,-1.0
的异世界,2,2,0.5,4,1.0
的异界,2,2,1.0,3,0.0
的德鲁伊,2,2,1.0,4,0.0
的心,2,2,0.5,2,1.0
的快乐你,2,2,0.5,4,1.0
的怪,2,2,0.5,2,1.0
的成长,2,2,1.0,3,0.0
的我不是,2,2,0.5,4,1.0
的我加入,2,2,0.5,4,1.0
的我却成了,2,2,0.5,5,1.0
的我怎么成,2,2,0.5,5,1.0
的我成了,2,2,0.5,4,1.0
的我无敌了,2,2,0.5,5,-1.0
的我没有格局,2,2,0.5,6,-1.0
的我终成,2,2,0.5,4,1.0
的我被迫成了,2,2,0.5,6,1.0
的战争,2,2,0.5,3,-1.0
的战锤之旅,2,2,0.5,5,-1.0
的收,2,2,0.5,2,1.0
的故事,2,2,1.0,3,0.0
的文弱,2,2,0.5,3,1.0
的文艺人生,2,2,0.5,5,-1.0
的旁,2,2,0.5,2,1.0
的旅者,2,2,0.5,3,-1.0
的无限之旅,2,2,0.5,5,-1.0
的日本,2,2,0.5,3,1.0
的日记,2,2,1.0,3,1.0
的智,2,2,0.5,2,1.0
的最强,2,2,0.5,3,1.0
的朱元璋,2,2,0.5,4,-1.0
的机械,2,2,0.5,3,1.0
的极,2,2,0.5,2,1.0
的标签,2,2,0.5,3,1.0
的梦幻,2,2,0.5,3,1.0
的模拟,2,2,0.5,3,1.0
的正,2,2,0.5,2,1.0
的民,2,2,0.5,2,1.0
的江,2,2,0.5,2,1.0
的河,2,2,1.0,2,0.0
的法,2,2,0.5,2,1.0
的流浪,2,2,0.5,3,1.0
的海贼,2,2,1.0,3,0.0
的深,2,2,0.5,2,1.0
的混,2,2,0.5,2,1.0
的灵,2,2,0.5,2,1.0
的炮,2,2,0.5,2,1.0
的特,2,2,0.5,2,1.0
的猛兽,2,2,1.0,3,0.0
的猫,2,2,0.5,2,1.0
的王牌特,2,2,0.5,4,1.0
的白月光,2,2,0.5,4,-1.0
的百,2,2,0.5,2,1.0
的祖,2,2,0.5,2,1.0
的神级,2,2,0.5,3,1.0
的科学,2,2,0.5,3,1.0
的穿越,2,2,1.0,3,1.0
的符,2,2,0.5,2,1.0
的第一,2,2,0.5,3,1.0
的精灵,2,2,1.0,3,0.0
的绝,2,2,0.5,2,1.0
的维,2,2,0.5,2,1.0
的舰娘,2,2,0.5,3,-1.0
的荣,2,2,0.5,2,1.0
的虫,2,2,0.5,2,1.0
的血,2,2,1.0,2,0.0
的诡异,2,2,0.5,3,1.0
的谍战生涯,2,2,0.5,5,-1.0
的贴身,2,2,0.5,3,1.0
的赛博,2,2,0.5,3,1.0
的超人,2,2,0.5,3,-1.0
的超级,2,2,0.5,3,1.0
的边缘,2,2,0.5,3,1.0
的退休,2,2,0.5,3,1.0
的逆袭,2,2,1.0,3,0.0
的道士,2,2,0.5,3,-1.0
的那几年,2,2,0.5,4,-1.0
的邪恶,2,2,0.5,3,1.0
的金手指,2,2,1.0,4,0.0
的钢铁,2,2,0.5,3,1.0
的青梅,2,2,1.0,3,1.0
的韩,2,2,0.5,2,1.0
的餐,2,2,0.5,2,1.0
的骑士,2,2,1.0,3,0.0
的鸣人,2,2,0.5,3,-1.0
皇上,2,2,1.0,2,0.0
皇兄,2,2,0.5,2,-1.0
皇太孙,2,2,0.5,3,-1.0
皇女,2,2,1.0,2,1.0
皇家,2,2,1.0,2,0.0
皇帝太,2,2,0.5,3,1.0
皇族,2,2,1.0,2,-1.0
皇朝,2,2,1.0,2,0.0
皇长,2,2,0.5,2,1.0
皇马,2,2,0.5,2,1.0
盈门,2,2,0.5,2,-1.0
监护,2,2,1.0,2,1.0
监狱开始,2,2,1.0,4,0.0
盗墓贼,2,2,0.5,3,-1.0
盗天,2,2,1.0,2,0.0
盘世界,2,2,0.5,3,-1.0
盛宴,2,2,0.5,2,-1.0
盲盒,2,2,0.5,2,1.0
直呼,2,2,0.5,2,1.0
直播之荒野,2,2,0.5,5,-1.0
直播在,2,2,0.5,3,-1.0
直死,2,2,0.5,2,-1.0
真不会,2,2,0.5,3,1.0
真好,2,2,1.0,2,0.0
真实历史,2,2,0.5,4,-1.0
真就,2,2,0.5,2,1.0
真开始,2,2,0.5,3,-1.0
真是个,2,2,0.5,3,1.0
真是大明星,2,2,0.5,5,-1.0
真的很,2,2,0.5,3,1.0
真的没,2,2,0.5,3,1.0
真练成了,2,2,1.0,4,1.0
眼开始,2,2,0.5,3,-1.0
着你,2,2,1.0,2,0.0
瞎子,2,2,1.0,2,0.0
知道剧情的,2,2,1.0,5,1.0
短视频,2,2,1.0,3,0.0
石开始,2,2,0.5,3,-1.0
砂隐,2,2,1.0,2,0.0
砍翻江湖,2,2,0.5,4,-1.0
研发,2,2,1.0,2,0.0
破了,2,2,0.5,2,-1.0
破产,2,2,0.5,2,1.0
破坏,2,2,0.5,2,1.0
破案,2,2,1.0,2,-1.0
破碎,2,2,1.0,2,0.0
破茧,2,2,1.0,2,0.0
破防,2,2,1.0,2,0.0
破限,2,2,0.5,2,1.0
碳基,2,2,0.5,2,1.0
祖国人降临,2,2,1.0,5,-1.0
祖宗在,2,2,1.0,3,0.0
神不,2,2,0.5,2,1.0
神世界,2,2,1.0,3,0.0
神之主,2,2,0.5,3,-1.0
神人,2,2,1.0,2,0.0
神从,2,2,0.5,2,1.0
神传奇,2,2,0.5,3,-1.0
神偷,2,2,1.0,2,0.0
神兵,2,2,1.0,2,0.0
神农,2,2,0.5,2,-1.0
神印王座,2,2,0.0,4,-1.0
神器,2,2,0.5,2,-1.0
神国,2,2,1.0,2,1.0
神大,2,2,0.5,2,1.0
神朝,2,2,1.0,2,0.0
神机,2,2,1.0,2,0.0
神灵,2,2,1.0,2,0.0
神猎,2,2,0.5,2,1.0
神的我,2,2,0.5,3,1.0
神的黑,2,2,0.5,3,1.0
神秘之,2,2,0.5,3,-1.0
神笔,2,2,1.0,2,0.0
神系统,2,2,0.5,3,-1.0
神级大,2,2,0.5,3,-1.0
神级学霸,2,2,0.5,4,-1.0
神纪,2,2,1.0,2,0.0
神经病,2,2,1.0,3,1.0
神装,2,2,1.0,2,0.0
神记,2,2,0.5,2,-1.0
神话之,2,2,0.5,3,-1.0
神话复苏,2,2,1.0,4,-1.0
神话帝皇,2,2,0.5,4,-1.0
神话时代,2,2,1.0,4,0.0
神话版,2,2,1.0,3,0.0
神话级,2,2,1.0,3,0.0
神通无,2,2,0.5,3,1.0
神龙,2,2,1.0,2,0.0
祭坛,2,2,0.5,2,-1.0
祸水,2,2,1.0,2,-1.0
禁咒,2,2,0.5,2,-1.0
禁忌生命,2,2,0.5,4,-1.0
禁止,2,2,1.0,2,1.0
福地,2,2,1.0,2,1.0
福妻,2,2,1.0,2,0.0
福晋,2,2,0.5,2,-1.0
离婚后前妻成,2,2,0.5,6,-1.0
离婚开始,2,2,1.0,4,0.0
秋不,2,2,0.5,2,1.0
种出,2,2,0.5,2,1.0
种子,2,2,0.5,2,1.0
种田忙,2,2,0.5,3,-1.0
种神树,2,2,0.5,3,-1.0
科举,2,2,0.5,2,1.0
科技垄断,2,2,1.0,4,0.0
科技树,2,2,1.0,3,0.0
科技霸主从,2,2,0.5,5,-1.0
科普,2,2,1.0,2,1.0
科生,2,2,0.5,2,1.0
秘密,2,2,0.5,2,1.0
秘术,2,2,0.5,2,-1.0
移动,2,2,0.5,2,-1.0
稳健修,2,2,0.5,3,-1.0
稳重,2,2,0.5,2,1.0
究极生,2,2,1.0,3,0.0
空城,2,2,0.5,2,-1.0
空彼岸,2,2,0.5,3,-1.0
空的,2,2,0.5,2,1.0
穿越三代,2,2,0.0,4,-1.0
穿越八,2,2,0.5,3,-1.0
穿越大,2,2,0.5,3,-1.0
穿越武大郎,2,2,1.0,5,0.0
穿越者聊天群,2,2,0.5,6,-1.0
穿越诸天,2,2,1.0,4,0.0
窃听,2,2,0.5,2,1.0
立地成仙,2,2,0.5,4,-1.0
竟然真,2,2,0.5,3,-1.0
竟被,2,2,1.0,2,1.0
童开始,2,2,0.5,3,-1.0
童星,2,2,1.0,2,1.0
童话世界,2,2,1.0,4,0.0
笑清,2,2,1.0,2,0.0
笑疯,2,2,1.0,2,-1.0
符文,2,2,1.0,2,0.0
第一侯,2,2,1.0,3,-1.0
第一剑,2,2,0.5,3,-1.0
第一妖,2,2,0.5,3,-1.0
第一强,2,2,0.5,3,1.0
第一次,2,2,0.5,3,-1.0
第一纨绔,2,2,0.5,4,-1.0
第三,2,2,0.5,2,1.0
签到三,2,2,0.5,3,1.0
签到从,2,2,0.5,3,-1.0
签到千,2,2,1.0,3,0.0
算卦,2,2,1.0,2,0.0
算开,2,2,0.5,2,1.0
算我输,2,2,0.5,3,-1.0
管理,2,2,0.5,2,1.0
篡清,2,2,0.0,2,-1.0
篮坛之,2,2,0.5,3,-1.0
篮坛第一,2,2,1.0,4,0.0
米后,2,2,1.0,2,1.0
精灵女,2,2,0.5,3,1.0
精神病院,2,2,1.0,4,0.0
精绝,2,2,0.5,2,1.0
系学霸,2,2,0.5,3,-1.0
系文豪,2,2,0.5,3,-1.0
系游戏,2,2,0.5,3,-1.0
系科技,2,2,1.0,3,0.0
系统大,2,2,0.5,3,1.0
系统开始,2,2,0.5,4,-1.0
系统托管,2,2,0.5,4,1.0
系统有,2,2,0.5,3,1.0
系统的,2,2,1.0,3,0.0
系统让我,2,2,0.5,4,-1.0
系统说我,2,2,0.5,4,-1.0
系美,2,2,0.5,2,1.0
紫霄,2,2,0.5,2,-1.0
红温型,2,2,1.0,3,1.0
纣王,2,2,1.0,2,0.0
级专家,2,2,0.5,3,-1.0
级农,2,2,0.5,2,1.0
级卡,2,2,0.5,2,1.0
级天,2,2,0.5,2,1.0
级工程,2,2,1.0,3,0.0
级巨兽,2,2,0.5,3,-1.0
级巨星,2,2,0.5,3,-1.0
级悟性,2,2,0.5,3,-1.0
级文明,2,2,0.5,3,-1.0
级星,2,2,0.5,2,1.0
级能,2,2,0.5,2,1.0
级预,2,2,0.5,2,1.0
纯良,2,2,0.5,2,-1.0
练习生,2,2,1.0,3,0.0
练到,2,2,0.5,2,1.0
练气,2,2,1.0,2,0.0
练邪功,2,2,0.5,3,-1.0
组建,2,2,0.5,2,1.0
经人,2,2,1.0,2,0.0
经济,2,2,0.5,2,1.0
经理人,2,2,0.5,3,-1.0
经纪人,2,2,0.5,3,1.0
经营,2,2,0.5,2,-1.0
经验开始,2,2,1.0,4,0.0
绑架了,2,2,1.0,3,0.0
绘卷,2,2,1.0,2,0.0
绘画,2,2,1.0,2,0.0
给人,2,2,0.5,2,1.0
绝世之天,2,2,0.5,4,-1.0
绝世唐门之,2,2,0.5,5,-1.0
绝世大,2,2,1.0,3,0.0
绝世天,2,2,1.0,3,0.0
绝代,2,2,0.5,2,-1.0
绝命,2,2,0.5,2,-1.0
绝女,2,2,0.5,2,1.0
绝学,2,2,1.0,2,0.0
绝对不,2,2,1.0,3,0.0
绝色,2,2,1.0,2,0.0
绣春,2,2,0.5,2,1.0
综艺咖,2,2,1.0,3,0.0
网文,2,2,1.0,2,0.0
网游之一枪,2,2,0.5,5,-1.0
网游之全,2,2,0.5,4,-1.0
网游之神级,2,2,0.5,5,-1.0
网瘾,2,2,1.0,2,0.0
网络神豪,2,2,1.0,4,0.0
网购,2,2,1.0,2,0.0
罗峰,2,2,0.5,2,1.0
罗模板,2,2,1.0,3,-1.0
罢了,2,2,0.5,2,-1.0
美之,2,2,0.5,2,1.0
美人谋,2,2,1.0,3,0.0
美利坚财富,2,2,0.5,5,-1.0
美恐,2,2,0.5,2,1.0
美时代,2,2,0.5,3,-1.0
美漫世界开,2,2,0.5,5,1.0
美漫世界的,2,2,0.5,5,-1.0
美漫之超,2,2,0.5,4,-1.0
美金,2,2,0.5,2,-1.0
美食系,2,2,1.0,3,0.0
群星,2,2,0.5,2,-1.0
群里,2,2,0.5,2,1.0
群雄,2,2,0.5,2,-1.0
翡翠,2,2,1.0,2,1.0
翻天,2,2,0.5,2,1.0
老乡,2,2,1.0,2,-1.0
老君,2,2,1.0,2,0.0
老头,2,2,0.5,2,1.0
老婆是女,2,2,0.5,4,1.0
老婆的,2,2,0.5,3,-1.0
老子,2,2,0.5,2,1.0
老年,2,2,0.5,2,1.0
老曹,2,2,0.5,2,-1.0
老爸,2,2,1.0,2,0.0
老爹,2,2,1.0,2,1.0
老登逆袭,2,2,1.0,4,1.0
老祖了,2,2,0.5,3,-1.0
考状元开始,2,2,0.5,5,-1.0
者为,2,2,0.5,2,1.0
者开始,2,2,1.0,3,0.0
者无,2,2,0.5,2,1.0
聊天室,2,2,0.5,3,-1.0
聊天群的,2,2,0.5,4,-1.0
聊斋大,2,2,0.5,3,-1.0
职业大师,2,2,0.5,4,-1.0
职业通天代,2,2,0.5,5,-1.0
职员,2,2,1.0,2,0.0
联盟之冠军,2,2,1.0,5,0.0
联盟之天王,2,2,1.0,5,0.0
联盟之电竞,2,2,0.5,5,-1.0
联系,2,2,0.5,2,1.0
肉体,2,2,0.5,2,1.0
肉开始,2,2,0.5,3,-1.0
肉装,2,2,1.0,2,0.0
肌肉,2,2,1.0,2,0.0
肝出个,2,2,0.5,3,-1.0
肝到,2,2,1.0,2,0.0
肝属性,2,2,0.5,3,-1.0
肝成宇宙,2,2,0.5,4,-1.0
肝成武,2,2,0.5,3,-1.0
肝技能,2,2,0.5,3,-1.0
肝熟练度,2,2,0.5,4,-1.0
肯定,2,2,1.0,2,1.0
背靠,2,2,1.0,2,0.0
胜利,2,2,1.0,2,0.0
能不,2,2,1.0,2,0.0
能力者,2,2,0.5,3,-1.0
能叫重生吗,2,2,0.5,5,-1.0
能大明星,2,2,0.5,4,-1.0
能成,2,2,0.5,2,1.0
能数据,2,2,1.0,3,0.0
能源,2,2,0.5,2,1.0
能穿越,2,2,1.0,3,0.0
能者,2,2,1.0,2,0.0
能重,2,2,0.5,2,1.0
脉开始,2,2,1.0,3,0.0
脑子,2,2,0.5,2,-1.0
脱下画皮,2,2,0.5,4,-1.0
膨胀,2,2,1.0,2,0.0
自建,2,2,1.0,2,0.0
自然,2,2,0.5,2,1.0
自爆,2,2,1.0,2,1.0
自由后,2,2,1.0,3,1.0
至圣,2,2,1.0,2,0.0
至高,2,2,1.0,2,0.0
致富,2,2,1.0,2,0.0
致郁,2,2,0.5,2,1.0
航母,2,2,1.0,2,0.0
舰娘之,2,2,0.5,3,-1.0
船长,2,2,0.5,2,1.0
良人,2,2,1.0,2,0.0
良心,2,2,1.0,2,0.0
良缘,2,2,1.0,2,0.0
艺男神,2,2,0.5,3,-1.0
艾尔登法环,2,2,1.0,5,-1.0
艾露,2,2,0.5,2,1.0
芙莉莲,2,2,0.0,3,-1.0
花的,2,2,0.5,2,1.0
苍天,2,2,0.5,2,-1.0
苍穹之,2,2,1.0,3,0.0
苟仙,2,2,0.5,2,-1.0
苟到,2,2,1.0,2,1.0
苟在仙,2,2,0.5,3,-1.0
苟在修仙界,2,2,0.5,5,-1.0
苟在妖,2,2,0.5,3,-1.0
苟在神诡,2,2,0.5,4,-1.0
苟长生,2,2,0.5,3,-1.0
茅山,2,2,1.0,2,0.0
草根,2,2,1.0,2,0.0
荒不,2,2,0.5,2,1.0
荒野之,2,2,0.5,3,-1.0
荒野求生,2,2,1.0,4,0.0
荒野独居,2,2,1.0,4,0.0
荒野直播之,2,2,0.5,5,-1.0
荣耀,2,2,0.5,2,-1.0
药神,2,2,1.0,2,0.0
药香,2,2,1.0,2,0.0
莲花,2,2,1.0,2,0.0
获得了,2,2,0.5,3,1.0
莽荒纪,2,2,1.0,3,0.0
菩提,2,2,0.5,2,1.0
萧炎穿越成,2,2,0.5,5,-1.0
落天,2,2,0.5,2,1.0
落的,2,2,0.5,2,1.0
葵花宝典,2,2,1.0,4,0.0
蒸汽世界的,2,2,0.5,5,-1.0
藤丸,2,2,0.5,2,-1.0
蘑菇,2,2,0.5,2,1.0
虎贲,2,2,1.0,2,0.0
虐杀原形,2,2,1.0,4,0.0
虫子,2,2,0.5,2,-1.0
虫群,2,2,0.5,2,1.0
蛮荒,2,2,1.0,2,0.0
蜀山游戏,2,2,0.5,4,-1.0
蜀汉,2,2,1.0,2,0.0
融合万,2,2,1.0,3,1.0
行从,2,2,0.5,2,1.0
行政,2,2,0.5,2,1.0
行走诸天,2,2,0.5,4,-1.0
衍生,2,2,1.0,2,0.0
衙内,2,2,1.0,2,0.0
衡山,2,2,1.0,2,0.0
衣冠,2,2,0.5,2,-1.0
补天,2,2,1.0,2,0.0
表哥,2,2,0.5,2,-1.0
袁术,2,2,1.0,2,-1.0
被全网,2,2,0.5,3,1.0
被女儿,2,2,0.5,3,1.0
被小,2,2,0.5,2,-1.0
被废,2,2,1.0,2,0.0
被杀,2,2,1.0,2,1.0
被祖,2,2,0.5,2,1.0
被禁,2,2,1.0,2,1.0
被青梅,2,2,0.5,3,-1.0
裁决,2,2,1.0,2,-1.0
裁员,2,2,0.5,2,-1.0
裂天,2,2,1.0,2,0.0
装成,2,2,0.5,2,1.0
西厂,2,2,0.5,2,1.0
西游之大,2,2,0.5,4,-1.0
要塞,2,2,1.0,2,0.0
要对,2,2,0.5,2,1.0
要成,2,2,0.5,2,1.0
要打,2,2,0.5,2,1.0
要退,2,2,0.5,2,1.0
要逆天,2,2,0.5,3,1.0
覆手,2,2,1.0,2,-1.0
见闻录,2,2,0.5,3,-1.0
规则怪谈,2,2,0.5,4,-1.0
视死如归,2,2,1.0,4,0.0
觉醒每日,2,2,0.5,4,-1.0
觊觎,2,2,0.5,2,1.0
角的,2,2,0.5,2,1.0
角色球员,2,2,0.5,4,-1.0
解说,2,2,1.0,2,0.0
解锁,2,2,0.5,2,1.0
警官,2,2,1.0,2,0.0
认为,2,2,0.5,2,1.0
认识,2,2,1.0,2,1.0
讨厌,2,2,1.0,2,1.0
让你上,2,2,0.5,3,-1.0
让你修,2,2,0.5,3,-1.0
让你拍,2,2,0.5,3,-1.0
让你降魔,2,2,1.0,4,0.0
让我入,2,2,0.5,3,1.0
让我当,2,2,0.5,3,1.0
记录,2,2,1.0,2,1.0
讲道,2,2,0.5,2,1.0
许仙,2,2,0.5,2,-1.0
论坛,2,2,1.0,2,0.0
设定,2,2,1.0,2,1.0
设计的,2,2,1.0,3,1.0
证开始,2,2,0.5,3,-1.0
证道长生,2,2,0.5,4,-1.0
诈骗,2,2,1.0,2,0.0
诊所,2,2,1.0,2,0.0
词条修,2,2,0.5,3,1.0
词条无限,2,2,0.5,4,1.0
试炼,2,2,0.5,2,-1.0
诛仙,2,2,1.0,2,-1.0
诡异游戏,2,2,0.5,4,-1.0
诡道修仙,2,2,0.0,4,-1.0
该怎么办,2,2,0.5,4,-1.0
误入,2,2,1.0,2,0.0
说书,2,2,0.5,2,1.0
说好开发消消乐,2,2,0.0,7,-1.0
说好拿,2,2,0.5,3,-1.0
请上,2,2,0.5,2,1.0
请不,2,2,0.5,2,-1.0
请助我修行,2,2,0.0,5,-1.0
请回答,2,2,1.0,3,0.0
请安分,2,2,0.5,3,-1.0
请陛下称太子,2,2,0.0,6,-1.0
诸天从港综,2,2,0.5,5,-1.0
诸天反,2,2,0.5,3,-1.0
诸天成,2,2,0.5,3,1.0
诸天投影,2,2,0.0,4,-1.0
诸天旅人,2,2,0.0,4,-1.0
诸天无,2,2,1.0,3,0.0
诸天最强大,2,2,1.0,5,-1.0
诸天模拟,2,2,1.0,4,0.0
诸天神话,2,2,0.5,4,-1.0
诸天降临,2,2,1.0,4,-1.0
诸神游戏,2,2,1.0,4,0.0
诸葛,2,2,0.5,2,1.0
读书人,2,2,0.5,3,-1.0
读书成圣,2,2,0.0,4,-1.0
谁与争锋,2,2,1.0,4,-1.0
谁教你这么,2,2,0.5,5,-1.0
谁让他做,2,2,0.5,4,-1.0
谁让他当,2,2,0.5,4,-1.0
谁让你,2,2,0.5,3,-1.0
谁还不,2,2,1.0,3,0.0
谁还当,2,2,1.0,3,1.0
调教大,2,2,1.0,3,0.0
调香师,2,2,0.5,3,-1.0
谈恋爱的我只,2,2,0.5,6,1.0
谋主,2,2,0.5,2,-1.0
谋士,2,2,1.0,2,1.0
谍海,2,2,0.5,2,-1.0
谨慎,2,2,1.0,2,0.0
谱的,2,2,0.5,2,1.0
象不,2,2,0.5,2,1.0
豪开始,2,2,0.5,3,-1.0
贞子,2,2,1.0,2,0.0
贞观第一,2,2,1.0,4,0.0
财务自由,2,2,0.5,4,-1.0
贤者,2,2,1.0,2,0.0
账号,2,2,0.5,2,1.0
质开,2,2,0.5,2,1.0
贯穿,2,2,1.0,2,0.0
贴身高手,2,2,1.0,4,-1.0
贵公子,2,2,0.5,3,-1.0
贷款,2,2,1.0,2,0.0
贼天,2,2,1.0,2,0.0
贼行,2,2,1.0,2,0.0
资本大,2,2,1.0,3,0.0
赚钱,2,2,1.0,2,0.0
赛博精神病,2,2,1.0,5,0.0
走丢,2,2,1.0,2,0.0
走向,2,2,0.5,2,1.0
走在,2,2,0.5,2,1.0
走狗,2,2,1.0,2,0.0
走私,2,2,0.5,2,1.0
走进,2,2,0.5,2,-1.0
赴死,2,2,0.5,2,-1.0
起了,2,2,0.5,2,1.0
起航,2,2,1.0,2,-1.0
超人弟弟的我,2,2,1.0,6,0.0
超凶的,2,2,0.5,3,-1.0
超强却过分,2,2,0.5,5,1.0
超武,2,2,0.5,2,-1.0
超神之我,2,2,0.5,4,-1.0
超级仙,2,2,0.5,3,-1.0
超级位面,2,2,0.5,4,-1.0
超级医,2,2,1.0,3,0.0
超级教,2,2,0.5,3,-1.0
超级玩家,2,2,1.0,4,-1.0
超级神,2,2,0.5,3,-1.0
超级警,2,2,1.0,3,0.0
超脑,2,2,0.5,2,-1.0
超融合,2,2,1.0,3,-1.0
超越,2,2,1.0,2,0.0
超魔,2,2,0.5,2,-1.0
跟我,2,2,0.5,2,1.0
跨界,2,2,1.0,2,0.0
路明非不是,2,2,1.0,5,0.0
路明非的,2,2,0.5,4,-1.0
踏上,2,2,1.0,2,1.0
踏天,2,2,1.0,2,0.0
踢后腰开始,2,2,0.5,5,-1.0
身万,2,2,0.5,2,1.0
身为,2,2,0.5,2,-1.0
身份被曝光,2,2,1.0,5,0.0
身镇,2,2,0.5,2,1.0
躲在,2,2,1.0,2,0.0
躺平了,2,2,0.5,3,-1.0
躺赢,2,2,1.0,2,0.0
车司机,2,2,1.0,3,0.0
车夫,2,2,0.5,2,1.0
转世,2,2,1.0,2,1.0
轮回世界,2,2,1.0,4,-1.0
轮回乐园,2,2,0.0,4,-1.0
辉煌,2,2,0.5,2,1.0
辞职,2,2,1.0,2,0.0
边军一小,2,2,0.5,4,1.0
辽东,2,2,1.0,2,0.0
过时,2,2,1.0,2,0.0
迎娶毁容,2,2,1.0,4,1.0
运动,2,2,0.5,2,1.0
运天,2,2,0.5,2,1.0
运神,2,2,1.0,2,0.0
还俗,2,2,0.5,2,-1.0
还在,2,2,0.5,2,-1.0
还好我是,2,2,0.5,4,-1.0
还能,2,2,0.5,2,-1.0
还说是,2,2,1.0,3,1.0
这一世,2,2,0.0,3,-1.0
这个中洲,2,2,1.0,4,0.0
这个刺客,2,2,0.5,4,-1.0
这个地,2,2,0.5,3,-1.0
这个外,2,2,0.5,3,-1.0
这个巫师,2,2,1.0,4,0.0
这个影帝只想,2,2,0.5,6,-1.0
这个忍者,2,2,0.5,4,-1.0
这个文明,2,2,0.5,4,-1.0
这个日,2,2,1.0,3,0.0
这个明星只想,2,2,0.5,6,-1.0
这个演员,2,2,0.5,4,-1.0
这个皇帝,2,2,0.5,4,-1.0
这个训练家,2,2,0.5,5,-1.0
这个顶流,2,2,0.5,4,-1.0
这个魔,2,2,0.5,3,-1.0
这个鸣人,2,2,0.5,4,-1.0
这主播真,2,2,0.5,4,-1.0
这些妖怪,2,2,0.5,4,-1.0
这才,2,2,0.5,2,-1.0
这是我的,2,2,0.5,4,-1.0
这真,2,2,0.5,2,-1.0
这辈子,2,2,0.5,3,1.0
这选手,2,2,0.5,3,-1.0
这里,2,2,0.5,2,-1.0
进击,2,2,0.5,2,-1.0
进化之,2,2,0.5,3,-1.0
进化成了,2,2,0.5,4,1.0
进化的,2,2,1.0,3,0.0
进度条,2,2,0.5,3,-1.0
远古,2,2,0.5,2,1.0
远征军,2,2,1.0,3,0.0
连接,2,2,0.5,2,1.0
迷失在,2,2,0.5,3,-1.0
迷雾,2,2,1.0,2,0.0
追杀,2,2,0.5,2,-1.0
退休的我,2,2,0.5,4,1.0
退役啊,2,2,0.5,3,-1.0
退隐,2,2,1.0,2,1.0
逃到,2,2,0.5,2,1.0
逃生,2,2,1.0,2,0.0
逆行诸天,2,2,1.0,4,-1.0
逆袭攻略,2,2,0.5,4,-1.0
选手太,2,2,1.0,3,0.0
逍遥小,2,2,0.5,3,-1.0
逐道,2,2,0.5,2,-1.0
通古代,2,2,0.5,3,-1.0
通异,2,2,0.5,2,1.0
通神,2,2,0.5,2,-1.0
造师,2,2,0.5,2,-1.0
造拖拉机,2,2,1.0,4,1.0
造游戏,2,2,0.5,3,1.0
造火箭,2,2,0.5,3,-1.0
造神话,2,2,1.0,3,0.0
造美,2,2,0.5,2,1.0
造超,2,2,0.5,2,1.0
造魔,2,2,0.5,2,1.0
逼我重生,2,2,1.0,4,-1.0
道三,2,2,0.5,2,1.0
道与,2,2,0.5,2,-1.0
道之上,2,2,0.5,3,-1.0
道之主,2,2,0.5,3,-1.0
道仙,2,2,1.0,2,0.0
道友,2,2,0.5,2,-1.0
道图书馆,2,2,1.0,4,0.0
道在,2,2,0.5,2,1.0
道大,2,2,0.5,2,1.0
道尊,2,2,0.5,2,-1.0
道成仙,2,2,0.5,3,-1.0
道我是,2,2,0.5,3,1.0
道果开始,2,2,1.0,4,0.0
道法,2,2,1.0,2,0.0
道爷,2,2,1.0,2,0.0
道理,2,2,0.5,2,-1.0
道神,2,2,0.5,2,1.0
道种,2,2,1.0,2,0.0
道章,2,2,0.5,2,-1.0
道纪,2,2,1.0,2,0.0
道缘,2,2,0.5,2,-1.0
道至,2,2,0.5,2,1.0
道行,2,2,0.5,2,-1.0
道诸天,2,2,1.0,3,0.0
道都,2,2,0.5,2,1.0
道长别装了,2,2,0.0,5,-1.0
道长青,2,2,0.5,3,-1.0
道馆,2,2,1.0,2,0.0
遗言,2,2,0.5,2,1.0
遗迹,2,2,0.5,2,-1.0
遥遥领先,2,2,0.5,4,-1.0
那些事儿,2,2,0.5,4,-1.0
那座韩城,2,2,1.0,4,0.0
邪皇,2,2,1.0,2,0.0
邪神的,2,2,1.0,3,0.0
邻家,2,2,1.0,2,0.0
郡主,2,2,1.0,2,0.0
部落,2,2,0.5,2,-1.0
都下,2,2,0.5,2,1.0
都市至,2,2,0.5,3,-1.0
都市超级,2,2,0.5,4,-1.0
都想杀,2,2,0.5,3,1.0
都成真了,2,2,0.5,4,-1.0
都有,2,2,0.5,2,1.0
都来,2,2,0.5,2,1.0
配角,2,2,1.0,2,0.0
酒剑仙,2,2,1.0,3,-1.0
酒店,2,2,1.0,2,0.0
醉酒,2,2,0.5,2,1.0
里做,2,2,0.5,2,1.0
里全是,2,2,0.5,3,1.0
里开,2,2,0.5,2,1.0
里有,2,2,0.5,2,1.0
里的小,2,2,0.5,3,1.0
重了,2,2,0.5,2,-1.0
重修,2,2,1.0,2,0.0
重八,2,2,1.0,2,0.0
重回年代,2,2,0.0,4,-1.0
重塑,2,2,0.5,2,-1.0
重奏,2,2,0.5,2,-1.0
重度依赖,2,2,0.5,4,-1.0
重生七,2,2,0.5,3,-1.0
重生世,2,2,0.5,3,-1.0
重生东京,2,2,0.5,4,-1.0
重生之实业巨,2,2,0.5,6,-1.0
重生之小,2,2,0.5,4,-1.0
重生之武,2,2,0.5,4,-1.0
重生之激,2,2,0.5,4,-1.0
重生之豪门,2,2,0.5,5,-1.0
重生之资,2,2,0.5,4,-1.0
重生之超级战,2,2,0.5,6,-1.0
重生之足球,2,2,0.5,5,-1.0
重生之逆,2,2,0.5,4,-1.0
重生之金融,2,2,0.5,5,-1.0
重生九十年代,2,2,0.5,6,-1.0
重生俄罗斯,2,2,0.5,5,-1.0
重生傻柱,2,2,1.0,4,-1.0
重生农家,2,2,0.5,4,-1.0
重生啊,2,2,0.5,3,-1.0
重生在火红年代,2,2,1.0,7,-1.0
重生大时代之,2,2,1.0,6,-1.0
重生女配,2,2,1.0,4,0.0
重生我,2,2,0.5,3,-1.0
重生日本当,2,2,0.5,5,-1.0
重生末,2,2,0.5,3,-1.0
重生梦,2,2,0.5,3,-1.0
重生的我只想,2,2,0.5,6,-1.0
重生的我没有,2,2,0.5,6,-1.0
重生真,2,2,1.0,3,0.0
重生空间,2,2,0.5,4,-1.0
重生者,2,2,0.5,3,-1.0
重生过去当,2,2,0.5,5,-1.0
重生锦,2,2,0.5,3,-1.0
重生飞扬年代,2,2,0.0,6,-1.0
重要,2,2,1.0,2,0.0
重走,2,2,1.0,2,0.0
重铸,2,2,1.0,2,0.0
野心勃勃,2,2,0.5,4,-1.0
野蛮,2,2,1.0,2,0.0
金刚不坏,2,2,1.0,4,0.0
金刚狼,2,2,1.0,3,-1.0
金属,2,2,1.0,2,1.0
金色,2,2,0.5,2,1.0
金钱,2,2,0.5,2,1.0
钓鱼佬,2,2,0.5,3,1.0
钱上,2,2,0.5,2,1.0
钱途,2,2,1.0,2,-1.0
铁匠,2,2,0.5,2,1.0
铁王座,2,2,0.5,3,-1.0
铁血大,2,2,0.5,3,-1.0
银龙,2,2,1.0,2,0.0
错练,2,2,0.5,2,-1.0
锦医,2,2,1.0,2,-1.0
锦心,2,2,1.0,2,-1.0
镇万,2,2,0.5,2,1.0
镇世,2,2,1.0,2,0.0
镇妖,2,2,1.0,2,0.0
镇守天牢,2,2,1.0,4,0.0
镇抚,2,2,1.0,2,0.0
镖客,2,2,0.5,2,-1.0
镜面,2,2,0.5,2,-1.0
长城,2,2,0.5,2,1.0
长大,2,2,1.0,2,0.0
长天,2,2,1.0,2,0.0
长孙,2,2,1.0,2,1.0
长安,2,2,1.0,2,0.0
长得太凶,2,2,1.0,4,-1.0
长生不死的我,2,2,0.5,6,-1.0
长生从猎,2,2,0.5,4,-1.0
长生仙族,2,2,0.5,4,-1.0
长生仙缘,2,2,0.0,4,-1.0
长生界,2,2,1.0,3,-1.0
长生者,2,2,0.5,3,-1.0
长生道,2,2,1.0,3,0.0
长空战,2,2,0.5,3,-1.0
门人,2,2,0.5,2,-1.0
门修,2,2,0.5,2,1.0
门医,2,2,0.5,2,1.0
门娇,2,2,0.5,2,-1.0
门混,2,2,0.5,2,1.0
门秀,2,2,1.0,2,0.0
门第,2,2,1.0,2,0.0
门通,2,2,0.5,2,1.0
门道,2,2,1.0,2,0.0
门阀,2,2,0.5,2,-1.0
问仙,2,2,1.0,2,0.0
问剑,2,2,1.0,2,-1.0
问我,2,2,0.5,2,1.0
问鼎,2,2,0.5,2,-1.0
间之,2,2,0.5,2,1.0
间人,2,2,0.5,2,1.0
间小,2,2,0.5,2,1.0
间开始,2,2,1.0,3,0.0
间的,2,2,0.5,2,1.0
间谍,2,2,1.0,2,0.0
阅读,2,2,0.5,2,1.0
防御,2,2,0.5,2,1.0
阳光,2,2,1.0,2,0.0
阳真,2,2,0.5,2,1.0
阴影轨迹,2,2,0.5,4,-1.0
阴间地下,2,2,0.5,4,1.0
阿卡姆,2,2,0.5,3,-1.0
阿尔,2,2,1.0,2,0.0
阿斗,2,2,1.0,2,-1.0
际大,2,2,0.5,2,1.0
降临现实,2,2,0.5,4,-1.0
降临美,2,2,0.5,3,1.0
限开始,2,2,1.0,3,0.0
院士,2,2,0.5,2,-1.0
院的,2,2,0.5,2,1.0
除妖,2,2,1.0,2,0.0
隋唐,2,2,0.5,2,-1.0
随身带着,2,2,0.5,4,-1.0
随身老爷爷,2,2,1.0,5,1.0
隐相,2,2,1.0,2,-1.0
难吧,2,2,0.5,2,-1.0
难度,2,2,0.5,2,-1.0
难求,2,2,0.5,2,-1.0
雄霸天下,2,2,1.0,4,-1.0
集团,2,2,0.5,2,-1.0
雇佣,2,2,0.5,2,1.0
零年,2,2,1.0,2,0.0
雾之,2,2,0.5,2,1.0
需要,2,2,0.5,2,1.0
震惊了,2,2,1.0,3,0.0
霍格沃兹的,2,2,1.0,5,0.0
霍格沃茨的学,2,2,0.5,6,-1.0
霸权,2,2,0.5,2,-1.0
霸气,2,2,1.0,2,0.0
霸王花,2,2,0.5,3,-1.0
霸的黑科技系统,2,2,0.5,7,-1.0
霸道,2,2,1.0,2,0.0
青云,2,2,0.5,2,-1.0
青仙,2,2,1.0,2,0.0
青叶,2,2,1.0,2,0.0
青城山,2,2,1.0,3,1.0
青山,2,2,1.0,2,-1.0
青年,2,2,0.5,2,-1.0
青梅竹马,2,2,1.0,4,1.0
青铜,2,2,1.0,2,0.0
靖难,2,2,0.5,2,-1.0
非人哉,2,2,0.5,3,-1.0
非人类,2,2,0.5,3,-1.0
非洲,2,2,1.0,2,0.0
靠山,2,2,1.0,2,1.0
面壁者,2,2,0.0,3,-1.0
面开始,2,2,0.5,3,-1.0
面板开始,2,2,0.5,4,-1.0
顶流的,2,2,0.5,3,1.0
项全能,2,2,1.0,3,0.0
须弥,2,2,1.0,2,1.0
顾盼,2,2,0.5,2,-1.0
顾道,2,2,1.0,2,0.0
预判,2,2,1.0,2,0.0
预言,2,2,0.5,2,1.0
领主大人,2,2,1.0,4,0.0
领主开始,2,2,0.5,4,-1.0
领养开始,2,2,0.5,4,-1.0
领地,2,2,0.5,2,-1.0
颤栗,2,2,0.5,2,-1.0
风一,2,2,0.5,2,1.0
风云录,2,2,0.5,3,-1.0
风水,2,2,1.0,2,0.0
飘飘,2,2,1.0,2,0.0
食堂,2,2,1.0,2,0.0
食物链顶端的男人,2,2,1.0,8,-1.0
饶命,2,2,0.5,2,-1.0
馆开始,2,2,0.5,3,-1.0
馆馆,2,2,0.5,2,1.0
首辅娇,2,2,0.5,3,-1.0
马甲又,2,2,0.5,3,1.0
马皇后,2,2,1.0,3,0.0
马谡,2,2,0.5,2,1.0
骇客,2,2,1.0,2,0.0
骑士的,2,2,1.0,3,1.0
骗我,2,2,0.5,2,1.0
骷髅岛开始,2,2,1.0,5,0.0
高一,2,2,1.0,2,0.0
高中,2,2,0.5,2,-1.0
高人,2,2,1.0,2,0.0
高冷女,2,2,0.5,3,-1.0
高手在异,2,2,0.5,4,1.0
高手寂寞,2,2,0.0,4,-1.0
高考前,2,2,1.0,3,-1.0
高能,2,2,1.0,2,0.0
高门,2,2,1.0,2,0.0
鬼吹灯,2,2,0.0,3,-1.0
鬼差,2,2,1.0,2,0.0
鬼片,2,2,1.0,2,0.0
魂主,2,2,1.0,2,0.0
魂幡,2,2,0.5,2,1.0
魂技,2,2,1.0,2,1.0
魂环开始的斗罗,2,2,0.5,7,-1.0
魅力,2,2,1.0,2,0.0
魔主,2,2,1.0,2,0.0
魔之,2,2,0.5,2,1.0
魔养,2,2,0.5,2,1.0
魔卡,2,2,1.0,2,0.0
魔天,2,2,1.0,2,0.0
魔女小姐,2,2,1.0,4,-1.0
魔导师,2,2,1.0,3,0.0
魔我,2,2,0.5,2,1.0
魔术,2,2,0.5,2,1.0
魔法与,2,2,1.0,3,0.0
魔法世界,2,2,0.5,4,1.0
魔物,2,2,1.0,2,0.0
魔都,2,2,1.0,2,0.0
鱼开始,2,2,0.5,3,1.0
鸟开始,2,2,0.5,3,-1.0
麻了,2,2,0.5,2,-1.0
黄天,2,2,1.0,2,0.0
黄庭,2,2,0.5,2,-1.0
黄昏,2,2,0.5,2,-1.0
黄皮,2,2,1.0,2,0.0
黄金渔,2,2,0.5,3,-1.0
黄龙,2,2,1.0,2,0.0
黑帆,2,2,1.0,2,-1.0
黑神话,2,2,0.0,3,-1.0
黑科技大,2,2,1.0,4,0.0
黑科技时代,2,2,0.5,5,-1.0
黑铁,2,2,1.0,2,0.0
黑魔法,2,2,0.5,3,1.0
黛玉,2,2,1.0,2,0.0
鼎记,2,2,0.5,2,-1.0
龙只想,2,2,1.0,3,0.0
龙君,2,2,0.0,2,-1.0
龙城,2,2,1.0,2,0.0
龙头,2,2,1.0,2,0.0
龙王之,2,2,0.5,3,-1.0
龙王传说,2,2,1.0,4,-1.0
龙珠之,2,2,0.5,3,-1.0
龙的我,2,2,0.5,3,1.0
龙虎,2,2,1.0,2,0.0
龙蛇,2,2,0.5,2,-1.0
龙道,2,2,0.5,2,-1.0
龙领,2,2,0.5,2,1.0
龙骑,2,2,1.0,2,0.0
龟息,2,2,0.5,2,1.0
