word,count,independent,bind,len,compound_entropy,cohesion
开始,701,196,0.2432,2,5.2186,5.9342
重生,334,120,0.3416,2,5.3918,5.9111
我的,330,123,0.3077,2,1.5561,3.2103
世界,263,34,0.2256,2,5.1029,6.3079
开局,205,99,0.5,2,1.0702,5.8704
我在,201,57,0.2,2,6.077,3.7866
诸天,163,64,0.2338,2,4.6152,6.3812
修仙,141,57,0.1912,2,3.7282,6.1603
游戏,141,49,0.0769,2,5.1267,7.7854
大明,134,72,0.2353,2,4.2231,4.9687
这个,129,50,0.5714,2,5.5982,6.7758
长生,124,47,0.2375,2,3.9087,5.498
系统,121,58,0.1186,2,4.8651,8.324
穿越,111,32,0.2353,2,4.5653,8.4986
我真,98,3,0.5,2,1.0804,3.8074
无限,97,29,0.15,2,4.6578,7.5862
斗罗,96,50,0.5769,2,2.0618,8.3326
重生之,96,53,0.3333,3,5.8282,4.5053
人在,95,31,0.5,2,5.3456,4.1445
人生,91,40,0.2581,2,3.903,3.3959
时代,90,36,0.375,2,2.7339,7.2067
什么,84,20,0.3108,2,3.8003,8.6627
成了,82,13,0.5063,2,3.3332,4.6061
火影,81,41,0.325,2,2.5613,7.3384
华娱,80,57,0.2895,2,3.1699,7.8832
我是,80,37,0.4333,2,2.6602,2.4753
不是,79,13,0.3288,2,3.1659,4.6228
一个,78,20,0.2857,2,3.864,5.2532
我有,78,18,0.6364,2,1.3722,3.2202
超级,76,46,0.2632,2,3.3414,7.0274
第一,75,21,0.1385,2,4.7466,6.8373
三国,71,41,0.2308,2,3.4246,6.7776
最强,65,27,0.3488,2,3.1364,8.0414
木叶,64,35,0.4667,2,2.2864,9.5824
开始的,63,27,0.1111,3,5.2906,2.2376
东京,62,29,0.6061,2,2.2066,9.3137
无敌,61,34,0.2162,2,4.1531,7.5976
神话,60,30,0.1026,2,4.3435,6.3031
怎么,59,8,0.2553,2,3.8601,8.6627
明星,59,6,0.3571,2,2.7909,5.4291
模拟,59,12,0.5714,2,2.6973,9.5588
海贼,59,26,0.3684,2,2.9934,8.6358
生活,59,13,0.3333,2,2.8567,5.6777
科技,57,15,0.5,2,2.987,8.3888
玩家,54,31,0.1304,2,4.0958,7.1228
只想,53,10,0.5652,2,2.7315,7.3004
天下,52,29,0.4375,2,2.2718,5.0383
年代,52,21,0.2,2,2.3645,6.2109
我只,52,1,0.8947,2,1.2629,3.7253
我成,52,10,0.7692,2,1.047,2.2189
美漫,52,22,0.381,2,2.5109,7.3491
娱乐,51,17,0.4419,2,3.1093,7.6903
巫师,49,34,0.2609,2,3.1596,7.0612
我有一,49,10,0.3673,3,3.2429,5.0115
直播,49,21,0.2683,2,3.4236,9.4969
大佬,48,26,0.1087,2,3.6645,6.152
让你,48,23,0.625,2,1.6087,6.9285
万界,47,30,0.2593,2,3.9627,5.2235
全球,47,28,0.2308,2,3.4566,6.8675
大唐,47,34,0.2727,2,3.1887,4.9916
西游,47,23,0.4074,2,2.7529,7.2287
霍格沃茨,47,13,0.4516,4,2.652,10.1059
末世,45,29,0.3125,2,3.1248,5.9095
洪荒,45,31,0.2917,2,3.1347,9.0723
帝国,44,28,0.1389,2,3.9321,5.6366
成为,43,13,0.2121,2,3.7738,5.7163
界的,43,2,0.8605,2,0.8507,2.3618
联盟,43,12,0.84,2,1.4951,9.9776
异界,42,15,0.56,2,2.3517,5.3436
学霸,40,15,0.4,2,3.0615,7.5491
异世,40,5,0.6667,2,1.7352,5.1595
我成了,40,28,0.5,3,0.8743,4.0336
武道,40,12,0.129,2,3.889,4.9484
游之,40,1,0.7,2,1.0054,3.6091
召唤,39,14,0.1622,2,4.2264,10.4744
大师,39,21,0.7,2,1.7807,3.1541
我不,39,7,0.4872,2,2.2051,1.6507
巨星,38,18,0.4615,2,2.5074,7.037
漫威,38,12,0.5294,2,2.2916,9.1369
老婆,38,16,0.4545,2,3.2079,8.7928
进化,38,21,0.2059,2,3.1899,8.3936
一人,37,8,0.7188,2,1.9098,2.9267
世界的,37,15,0.1622,3,4.3038,2.8841
传奇,37,19,0.1538,2,3.6645,8.5593
红楼,37,29,0.2857,2,4.6378,9.1674
崛起,36,20,0.5,2,4.4429,9.635
网游,36,8,0.8235,2,1.5715,6.5841
职业,36,12,0.1562,2,3.9771,8.1602
影帝,35,18,0.2353,2,3.5352,5.6675
恋爱,35,11,0.3462,2,3.5559,9.4019
真不,35,1,0.8571,2,0.9234,4.4877
真的,35,4,0.6857,2,1.7567,2.9664
领主,35,24,0.25,2,2.3301,7.4831
不想,34,6,0.3824,2,3.2411,5.0005
想当,34,4,0.3824,2,2.492,5.8278
聊天群,34,19,0.3333,3,2.1258,9.9588
英雄,34,9,0.5556,2,2.4287,9.4432
魔法,34,11,0.3077,2,3.6645,5.7651
反派,33,10,0.1923,2,3.8731,9.5871
四合院,33,18,0.3158,3,2.4125,10.1059
诡异,33,19,0.2143,2,3.2359,7.3308
里的,33,7,0.2121,2,3.6122,4.6705
日常,32,13,0.5,2,2.064,7.6725
没有,32,10,0.16,2,4.1761,6.2498
港综,32,16,0.5,2,1.6855,9.1948
就是,31,6,0.4483,2,2.8863,5.209
都市,31,18,0.5,2,2.161,8.3813
回到,30,14,0.5,2,4.1944,6.2579
影视,30,10,0.5926,2,2.9934,7.8392
我真不,30,1,1.0,3,0.7219,4.8468
战锤,30,21,0.3636,2,2.1181,8.5696
神豪,30,12,0.5455,2,2.3599,5.2272
之主,29,21,1.0,2,4.6875,3.162
我家,29,14,0.5,2,4.2622,1.7826
星空,29,8,0.8333,2,1.1863,6.289
生从,29,2,0.6552,2,1.2473,1.5059
神级,29,18,0.5455,2,2.1997,4.0458
精灵,29,15,0.2857,2,2.9477,8.2875
美利坚,29,24,0.2727,3,2.9161,8.3766
遮天,29,16,0.4545,2,1.6582,6.4182
吞噬,28,3,0.7692,2,1.3788,10.9846
导演,28,14,0.1538,2,3.2211,9.2878
模拟器,28,19,0.25,3,4.0341,9.34
皇帝,28,16,0.1818,2,3.4183,6.2465
网游之,28,21,0.1071,3,4.4947,5.9414
降临,28,16,0.1818,2,2.9398,9.9038
顶流,28,15,0.1579,2,3.9754,9.1598
之王,27,23,1.0,2,4.72,3.2775
人之,27,4,0.8519,2,0.9015,1.6284
宇智波,27,12,0.2941,3,2.9495,10.1839
成神,27,21,0.1538,2,3.7736,2.8098
文娱,27,15,0.6364,2,1.4911,6.457
文豪,27,13,0.3333,2,1.9502,7.5379
未来,27,19,0.1579,2,3.7736,8.1662
武侠,27,8,0.4762,2,2.6379,6.6941
签到,27,10,0.3636,2,3.1524,7.9388
都是,27,15,0.1852,2,4.1488,4.588
面板,27,13,0.25,2,2.9219,9.0616
龙族,27,21,0.625,2,1.3356,6.8584
传说,26,19,0.5,2,4.4306,7.3961
全能,26,13,0.25,2,2.8554,5.1826
加点,26,9,0.3333,2,2.78,8.077
地球,26,11,0.25,2,3.0778,6.6751
宇宙,26,16,0.2,2,3.7871,10.0264
我只想,26,11,0.8571,3,1.2958,4.0417
我被,26,14,0.8,2,1.4832,2.8748
打造,26,10,0.3684,2,3.1157,7.7078
末日,26,18,0.1429,2,3.3788,6.6262
法师,26,14,0.2273,2,3.0851,4.8467
科学,26,12,0.2632,2,3.5037,6.5857
轮回,26,12,0.3333,2,3.0516,8.8522
不死,25,7,0.5556,2,2.561,5.1509
修行,25,9,0.2174,2,3.0958,5.777
全职,25,9,0.3333,2,3.7534,6.5808
女友,25,10,0.5556,2,2.3943,7.1135
归来,25,7,0.8824,2,0.9142,7.8328
我以,25,12,0.16,2,3.8937,3.8062
真是,25,3,0.64,2,2.0039,3.7903
说好,25,15,1.0,2,3.9501,7.2835
仙界,24,7,0.7222,2,1.0529,2.8388
医生,24,14,0.25,2,2.7516,4.0456
天赋,24,18,0.2667,2,3.4992,6.3517
异世界,24,11,0.3158,3,2.9502,5.2754
我真的,24,4,1.0,3,2.6341,3.6839
日子,24,5,1.0,2,1.4154,5.1743
一人之,23,2,1.0,3,0.8743,5.6181
世之,23,4,0.2609,2,2.5832,1.9358
之下,23,2,0.913,2,0.5132,3.6983
升级,23,6,0.3182,2,2.8074,7.521
完美,23,7,0.2174,2,3.2359,7.8127
属性,23,8,0.2727,2,3.085,9.9116
成仙,23,14,0.5,2,2.161,3.0047
技能,23,6,0.1818,2,3.6169,5.9835
来的,23,5,0.6522,2,1.8886,2.8796
死神,23,13,0.3,2,2.5724,4.4013
绝世,23,5,0.4444,2,2.1468,5.5045
苟在,23,15,1.0,2,4.3158,6.2433
高武,23,17,0.3636,2,1.8541,5.9482
女帝,22,17,0.1875,2,3.0851,4.7415
封神,22,14,0.2857,2,2.0919,5.9776
我真不是,22,18,1.0,4,0.7642,4.9437
星际,22,12,0.2857,2,2.2359,7.6978
是大,22,1,0.3636,2,2.8408,1.8385
有点,22,15,0.1364,2,4.0615,5.8715
生了,22,2,0.9091,2,0.5304,1.6385
男神,22,9,0.5,2,3.2664,5.3647
种田,22,12,0.2,2,3.2516,8.8133
自己,22,7,0.5,2,2.5479,9.4317
超人,22,18,0.1429,2,3.6645,3.2263
一人之下,21,17,1.0,4,1.2415,7.1477
人间,21,13,0.125,2,3.5,4.4577
剑仙,21,15,0.25,2,2.2516,4.1481
十年,21,8,0.5556,2,2.1488,6.2457
成圣,21,5,0.6667,2,3.3826,4.8031
时空,21,11,0.4,2,2.7396,6.2998
超凡,21,13,0.25,2,2.9477,7.0047
超神,21,17,0.25,2,4.0958,3.2565
路明非,21,7,0.6923,3,1.7899,9.6534
主神,20,9,0.2222,2,3.3661,2.9276
古代,20,11,0.4167,2,2.2842,6.2935
吞噬星空,20,9,1.0,4,1.6438,9.431
大明星,20,10,0.4211,3,3.3931,4.7343
她们,20,10,0.3,2,1.6216,8.9209
我真没,20,3,0.75,3,1.1488,4.9317
指南,20,13,0.25,2,3.6414,8.9276
救世,20,2,0.5789,2,1.5738,6.047
极品,20,14,0.3333,2,4.2627,8.7916
江湖,20,16,0.125,2,3.5466,10.1906
觉醒,20,11,0.2143,2,3.086,11.1522
重生了,20,5,0.9091,3,1.1982,2.7375
黑科技,20,7,0.4375,3,2.5218,7.9849
主播,19,9,0.3333,2,2.5654,6.037
之路,19,15,0.5,2,4.2018,4.2665
位面,19,11,0.2727,2,2.8454,9.0338
复苏,19,4,0.3158,2,2.0049,10.0068
大国,19,14,0.5,2,4.0707,2.4607
大秦,19,15,0.2222,2,2.3219,4.9579
太子,19,11,0.2857,2,2.7255,4.9826
娱乐圈,19,10,0.5,3,2.5218,8.5725
御兽,19,13,0.1818,2,3.2776,8.8536
成真,19,6,0.8,2,1.5197,3.7595
我不是,19,15,0.5,3,1.9219,3.0134
我要,19,7,0.6667,2,1.2988,3.0134
明朝,19,8,0.3846,2,2.4416,5.5656
武圣,19,10,0.3333,2,2.5,5.1871
没想,19,1,0.7895,2,0.9133,6.3102
猎人,19,13,0.25,2,1.88,4.7339
电影,19,8,0.2941,2,2.585,7.0062
的日子,19,17,0.1053,3,4.1427,5.3766
逆袭,19,8,0.3333,2,3.1494,9.8204
长生从,19,17,1.0,3,4.2219,3.5619
之上,18,14,0.5,2,1.371,3.031
亮剑,18,10,0.4286,2,1.8424,8.5107
冠军,18,13,0.2857,2,2.6464,8.9647
千年,18,6,0.25,2,2.7255,6.4035
变强,18,4,0.5,2,2.9197,6.8277
可以,18,6,0.4444,2,2.8366,8.1575
在诸天,18,4,0.3333,3,2.6987,3.8263
少女,18,7,0.3,2,2.5949,6.9615
忍界,18,14,0.375,2,2.5221,5.9384
悠闲,18,5,0.6923,2,1.5059,10.0413
我为,18,15,0.1667,2,2.9183,2.1411
我有一个,18,11,0.1765,4,3.6835,4.9172
攻略,18,16,0.3333,2,4.3685,11.257
柯南,18,7,0.5833,2,2.0218,9.6169
次元,18,4,0.6667,2,1.6923,8.7294
正常,18,3,0.2857,2,2.7534,8.0167
百年,18,8,0.2941,2,2.5219,6.4982
万物,17,15,0.2857,2,2.75,6.1421
不对劲,17,13,0.6667,3,1.4591,7.0005
之最,17,1,0.8824,2,0.6402,3.449
你们,17,9,0.25,2,2.4817,5.7689
你管这叫,17,15,0.1176,4,3.9698,7.8514
入侵,17,8,0.2222,2,2.7774,9.464
全民,17,9,1.0,2,3.6819,6.7614
大宋,17,11,0.6667,2,3.9321,4.5751
大道,17,12,0.25,2,2.9477,2.0924
天才,17,15,0.2222,2,3.1219,4.1117
工业,17,6,0.1818,2,3.0958,7.2203
带着,17,11,0.5,2,1.9219,9.5465
日记,17,7,0.25,2,1.88,6.285
正经,17,6,0.4118,2,2.6962,7.9099
生不,17,4,0.7059,2,1.5569,1.7022
的我只,17,1,0.3529,3,1.9831,4.1006
纪元,17,12,1.0,2,0.7219,8.5689
美食,17,15,0.1333,2,3.0,7.3348
能力,17,7,0.5294,2,2.4093,6.2079
荒野,17,6,0.375,2,2.6416,8.193
诡秘,17,17,1.0,2,2.3244,8.1239
重回,17,15,0.5,2,3.1084,4.4022
之旅,16,7,0.1875,2,3.3278,5.0561
今天,16,6,0.3636,2,2.7322,6.0077
修炼,16,12,0.2143,2,3.4677,6.404
全是,16,8,0.2308,2,3.2806,3.4305
同时穿越,16,10,1.0,4,1.5694,8.9615
天庭,16,14,0.1667,2,3.4183,5.6598
娘子,16,10,0.5,2,2.2925,6.5807
影视世界,16,10,0.6667,4,3.7345,6.993
悟性,16,5,0.7,2,1.823,9.8355
情报,16,3,0.3333,2,2.7069,9.4172
我真是,16,12,0.1333,3,3.75,4.4082
战争,16,6,0.2222,2,2.7322,7.6627
是天,16,5,0.1875,2,3.3278,1.5513
最后,16,2,0.5625,2,1.4913,5.6654
来了,16,10,0.5,2,1.5,3.4417
来自,16,12,0.2,2,3.2516,6.1383
气运,16,11,0.2143,2,3.4183,8.7367
界之,16,2,0.375,2,2.0079,1.5259
神明,16,12,0.1429,2,3.0,2.2133
空之,16,1,0.75,2,1.0141,3.7962
竟是,16,5,0.625,2,1.9238,6.1161
获得,16,1,0.4667,2,1.6895,10.0871
词条,16,5,0.3,2,2.6106,10.4172
道长,16,5,0.4615,2,2.2892,3.874
魔女,16,14,0.4,2,2.0588,4.0667
为王,15,12,1.0,2,3.7028,4.9663
之最强,15,7,0.2,3,3.3232,4.1885
乐园,15,11,1.0,2,0.7219,7.8649
从武,15,4,0.5,2,1.1488,2.1527
养成,15,11,0.2857,2,3.2359,5.1452
北宋,15,8,0.4,2,1.9219,8.3104
只是,15,3,0.5385,2,1.9301,3.8854
只有,15,2,0.6667,2,1.5589,4.6669
在斗罗,15,2,0.7143,3,1.3753,4.3271
在美,15,1,0.6154,2,1.5466,3.3498
大亨,15,9,0.5,2,1.9183,6.295
大帝,15,12,0.375,2,2.6416,2.5224
天后,15,10,0.2308,2,3.3347,3.0431
娱之,15,1,0.6667,2,1.3753,2.8446
归来的,15,5,0.4,3,2.5559,4.9766
怎么办,15,5,0.4,3,2.6062,9.8756
我就,15,2,0.8667,2,0.6998,2.2079
我真没想,15,7,0.5333,4,1.371,5.0692
斗破,15,9,0.6667,2,1.875,6.9934
无双,15,11,1.0,2,3.6402,7.1197
曝光,15,7,0.7,2,1.7807,9.4959
满级,15,10,0.3,2,3.0272,6.7554
空间,15,8,0.3846,2,2.6535,6.895
老婆是,15,1,0.5333,3,1.2729,5.6819
英雄联盟,15,6,1.0,4,1.4716,9.332
说我,15,4,0.3333,2,2.8226,2.3912
骑士,15,6,0.2857,2,2.75,8.7783
高手,15,4,0.5,2,1.8366,6.125
世界开,14,3,0.7143,3,1.4345,1.7473
主宰,14,10,1.0,2,3.6402,7.6587
人类,14,6,0.25,2,2.9477,6.0678
修真,14,9,0.5,2,1.5,3.8584
叫我,14,5,0.3077,2,2.7534,3.0186
合成,14,6,0.3333,2,2.9183,4.91
国之,14,5,0.6429,2,1.7695,2.0292
在异界,14,6,0.3846,3,2.6535,5.4202
大圣,14,10,0.3333,2,2.0,3.125
天命,14,10,0.2857,2,2.5216,4.2084
天王,14,9,0.3333,2,3.5778,2.4931
奶爸,14,9,0.5,2,1.7925,11.1612
家族,14,9,0.3,2,2.8464,5.2092
恶魔,14,8,0.2222,2,2.9477,6.3278
我在东京,14,5,0.5,4,2.2608,4.5547
我才,14,2,0.5,2,1.0613,2.4336
手册,14,12,0.1429,2,3.6645,8.6105
木叶之,14,12,1.0,3,3.7736,4.1114
模板,14,10,0.6667,2,3.7345,7.9372
求生,14,11,0.2,2,3.1808,4.5112
海贼之,14,14,1.0,3,3.9069,4.2287
现实,14,5,0.5833,2,1.7807,8.3799
生涯,14,10,0.1429,2,3.5216,6.0385
的黑,14,5,0.5,2,2.4037,3.078
离婚,14,5,0.5385,2,2.0349,10.0915
篮球,14,10,0.3636,2,2.75,8.1278
让我,14,8,0.2222,2,2.8352,2.3688
训练,14,1,0.7143,2,1.0949,9.5926
诸天从,14,12,0.25,3,2.0,2.7268
超能,14,5,0.6667,2,1.4466,4.1405
过去,14,3,0.4286,2,2.217,8.2543
逆天,14,4,0.5385,2,2.0349,4.4931
选手,14,4,0.3077,2,2.5654,7.2694
那些,14,1,0.7857,2,0.9464,10.0844
都重生了,14,5,1.0,4,1.4299,6.7993
锦衣,14,7,0.5385,2,2.1888,9.4794
霍格沃茨的,14,12,0.3333,5,3.9698,3.9664
魔王,14,7,0.5833,2,1.9473,4.07
黄金,14,9,0.2143,2,2.8074,8.044
不想当,13,6,0.3333,3,2.5221,5.8479
之我是,13,6,0.3846,3,2.8074,3.6825
仙子,13,9,0.3333,2,2.25,2.7666
们的,13,5,0.2308,2,2.8151,3.2441
修仙界,13,5,0.7273,3,1.2776,3.7216
分身,13,8,0.4545,2,2.6175,7.5952
卧底,13,11,0.25,2,2.0,11.51
历史,13,11,0.2,2,2.9477,9.6031
变成,13,8,0.2727,2,2.8454,4.7847
基因,13,13,0.1429,2,2.8074,10.5074
外挂,13,6,0.3,2,2.6635,9.1819
天师,13,11,0.1667,2,3.1219,1.7413
天道,13,8,0.4167,2,2.3219,1.8776
妖魔,13,7,0.3333,2,2.8454,4.8496
始皇,13,6,0.5556,2,1.88,3.3212
宗师,13,10,0.5,2,3.5899,5.5691
开始当,13,9,0.1538,3,3.5466,2.3095
忍者,13,7,0.3636,2,2.7774,7.1917
怪谈,13,8,0.4286,2,2.371,9.077
我可,13,1,1.0,2,1.7736,2.7253
我和,13,13,0.0833,2,3.7004,3.3773
我就是,13,13,0.0769,3,3.7004,3.8155
文艺,13,3,0.75,2,1.0613,7.125
斗罗之,13,8,0.3846,3,2.8074,3.4195
武魂,13,7,0.375,2,2.3554,5.9445
深渊,13,9,0.2857,2,2.75,9.925
火影之,13,11,1.0,3,3.6645,3.6646
的小,13,9,0.1538,2,3.5466,2.3055
的超,13,1,0.5385,2,2.1888,1.6726
相亲,13,7,0.3333,2,2.4131,10.0694
神探,13,11,0.25,2,2.2516,5.2186
神秘,13,6,0.3846,2,2.585,4.8467
绝对,13,11,0.25,2,2.0,7.619
谁让,13,1,1.0,2,1.6738,7.3241
这个明星,13,11,0.1538,4,3.5466,6.7454
金手,13,2,0.8182,2,0.684,5.7957
魔人,13,1,0.6923,2,1.1401,2.314
黑暗,13,11,0.3333,2,2.5216,8.5525
万古,12,8,0.2857,2,2.6464,5.7651
万年,12,10,0.5,2,1.0613,4.304
三十,12,3,0.3636,2,2.3554,5.9374
不会,12,5,0.3636,2,2.7255,5.065
不正,12,1,0.5833,2,1.2807,4.6104
世家,12,7,0.2727,2,2.3219,2.4873
两界,12,7,0.2857,2,2.2359,6.3534
之开局,12,8,0.1667,3,3.2516,2.2095
什么叫,12,10,1.0,3,0.8113,7.2735
凶猛,12,12,0.5,2,3.7004,10.1839
到大,12,10,0.1667,2,3.4183,2.125
副本,12,10,0.2,2,2.281,9.2075
在修仙,12,1,0.7273,3,0.8454,3.4505
大汉,12,10,0.2222,2,2.5216,4.3881
岁月,12,12,0.25,2,2.2516,8.6814
师兄,12,3,0.7,2,1.4911,6.7756
幕后,12,4,0.4167,2,2.2213,8.1929
我怎么,12,3,0.4286,3,2.4056,2.7715
我没,12,3,0.6,2,1.8424,2.0996
捡到,12,2,0.5,2,2.2925,6.9109
文明,12,8,0.2222,2,2.9219,4.2611
无上,12,8,0.1667,2,2.585,3.9987
横推,12,5,0.5,2,1.5,10.0319
江山,12,9,0.75,2,0.8113,7.3426
猎魔,12,3,0.8182,2,0.8659,5.6066
秦时,12,5,0.7143,2,1.5,6.4153
继承,12,8,0.25,2,2.7219,11.1575
聊斋,12,8,0.2857,2,2.5216,10.295
至尊,12,12,0.1667,2,2.585,9.3241
警察,12,9,0.375,2,2.6464,9.9388
赛博,12,5,0.4545,2,2.2516,11.044
转生,12,12,0.1667,2,2.5219,5.1487
重启,12,9,0.3333,2,2.0,6.0888
三千,11,6,0.2727,2,2.8454,6.1922
上单,11,7,0.5,2,2.1133,7.0484
不能,11,11,0.1,2,3.3219,2.8302
不要,11,6,0.3,2,2.6464,4.3906
世界大,11,4,0.1818,3,2.914,1.7155
中的,11,8,0.2727,2,3.0272,2.9063
之后,11,11,0.0909,2,3.4594,2.4325
从火影开始,11,6,0.2727,5,2.8454,6.2682
你不,11,7,0.25,2,2.3219,2.6069
你这,11,8,1.0,2,0.971,3.3164
凡人,11,9,0.2857,2,2.3219,4.3828
刷新,11,5,0.3636,2,1.585,8.7835
加入,11,1,0.8182,2,0.8659,7.0584
华娱从,11,11,0.1111,3,3.2776,3.4057
名门,11,7,1.0,2,2.9219,6.3954
吞噬星空之,11,9,0.1818,5,3.2776,5.4415
大学,11,5,0.2222,2,2.9219,2.469
女主,11,9,0.2222,2,2.9477,3.421
女儿,11,2,0.4545,2,2.3685,6.173
子开始,11,9,0.3333,3,1.585,1.9792
开发,11,7,0.25,2,2.75,3.7103
开局一,11,4,1.0,3,0.8631,2.9276
开挂,11,7,0.2857,2,2.2359,4.2288
怪物,11,9,0.2857,2,2.5216,7.0287
恐怖,11,6,0.4286,2,2.1281,12.0319
我们,11,8,0.5,2,1.371,2.3587
我自己,11,2,0.8182,3,0.8659,4.0692
抗战,11,9,0.5,2,2.1258,8.0763
拜师,11,3,0.5,2,1.4056,6.5797
拯救,11,5,0.4,2,2.7322,10.6169
救世主,11,7,0.6667,3,1.5,7.0763
日本,11,1,0.5,2,1.761,5.7857
术士,11,8,0.75,2,1.371,6.8669
机械,11,6,0.2727,2,2.9477,9.5685
枭雄,11,7,0.5,2,1.585,9.8152
武神,11,11,0.2,2,2.585,2.0427
混在,11,7,0.1818,2,3.0958,5.3353
熟练度,11,7,0.4,3,2.2359,10.447
现代,11,6,0.3333,2,2.6416,6.1129
生存,11,6,0.5556,2,2.161,5.778
男人,11,2,0.5,2,1.361,4.2674
疯狂,11,9,0.25,2,2.3219,9.1338
的人生,11,4,0.5,3,2.0,2.6653
盛世,11,11,1.0,2,3.585,5.806
直播之,11,5,0.4,3,1.5219,4.1487
知道,11,3,0.5,2,2.2222,5.8228
祖宗,11,7,0.5,2,1.7925,8.0265
精神,11,3,0.7273,2,1.2776,4.3372
纵横,11,6,0.5,2,2.0,10.3214
美人,11,4,0.5714,2,1.3788,2.4056
肝成,11,5,0.3333,2,2.3219,5.8933
自由,11,4,0.5556,2,1.961,9.3703
融合,11,6,0.2857,2,2.6464,9.1129
西游之,11,9,1.0,3,3.4183,4.2089
设计,11,2,0.5556,2,2.0404,10.758
足球,11,9,1.0,2,2.0349,8.5575
那些年,11,5,0.5455,3,2.0495,7.863
重生之我,11,6,0.4545,4,2.404,1.9437
鉴宝,11,5,0.75,2,1.0613,9.0102
钢铁,11,6,0.3,2,2.75,10.5403
随身,11,4,1.0,2,2.6535,8.3194
青梅,11,5,0.25,2,2.7255,9.9165
魔神,11,8,0.3,2,2.3219,2.1703
一品,10,8,0.6667,2,0.9183,4.9777
不当,10,5,0.3,2,2.8464,2.6803
世界开始,10,8,0.3333,4,2.2516,1.7686
主角,10,10,0.1667,2,2.8074,6.8684
二次元,10,8,0.3333,3,2.2516,9.0685
从零,10,1,1.0,2,1.2075,4.8897
体验,10,3,0.7,2,1.3568,9.3449
你当,10,3,0.8571,2,1.2244,3.2968
冒险,10,6,0.4,2,2.0,11.2055
创业,10,10,0.1429,2,2.9477,7.9667
华娱之,10,10,0.1111,3,3.3219,3.304
卡师,10,1,1.0,2,0.9183,4.9765
发现,10,3,0.5,2,2.1219,7.9479
变身,10,8,0.5,2,3.2776,6.2705
只有我,10,3,0.5,3,1.6577,4.4843
后的,10,5,0.5,2,2.161,1.7046
唐朝,10,4,0.5,2,2.5503,6.1739
国从,10,2,0.6,2,1.571,1.5079
圣人,10,8,0.2222,2,2.585,2.853
在西,10,1,0.7778,2,0.9864,4.0791
大陆,10,2,0.8,2,0.9219,5.295
天灾,10,6,0.5714,2,1.6645,5.3968
奋斗,10,6,0.5714,2,2.0,8.4959
奖励,10,6,0.25,2,2.0,11.0908
奥特曼,10,8,0.4,3,2.0588,11.6909
女友是,10,2,0.4,3,2.3219,5.701
妖女,10,10,0.25,2,2.0,4.3887
学院,10,8,0.3333,2,2.5216,6.1425
弟子,10,5,0.3333,2,2.4194,6.1657
成就,10,2,0.5,2,1.961,3.9418
我一个,10,10,0.5,3,1.585,2.1058
我在大,10,6,0.4,3,2.5219,1.9658
我打,10,3,0.7,2,1.3568,1.852
我独,10,5,0.7143,2,1.6577,3.1058
我老婆,10,2,0.8,3,0.9219,3.1432
才来,10,7,0.375,2,2.3219,5.4603
摆烂,10,10,0.125,2,3.1219,11.1733
教父,10,10,0.1,2,3.3219,6.8944
无尽,10,10,1.0,2,3.4594,6.7192
是个,10,5,0.3,2,2.6464,2.165
是什么,10,2,0.6,3,1.571,3.9526
是真,10,1,0.4,2,2.4464,2.4684
暴君,10,6,1.0,2,3.2516,8.5084
最终,10,10,0.3333,2,1.585,7.3182
武侠世界,10,8,0.3333,4,1.585,6.4669
每日,10,4,0.5,2,2.161,6.877
演员,10,3,0.4444,2,1.7527,8.0247
玄幻,10,7,0.5,2,1.8424,8.9032
的老,10,2,0.8,2,0.9219,2.1652
的诸天,10,5,0.5,3,2.161,1.6868
盘龙,10,10,1.0,2,0.9219,7.3584
综艺,10,4,0.4286,2,1.8424,7.4876
老祖,10,5,0.4286,2,2.1972,6.6625
艺术,10,2,0.8889,2,0.5033,7.295
苍穹,10,4,0.5,2,1.8424,11.5603
被迫,10,3,0.625,2,1.88,8.9065
训练家,10,5,0.3,3,2.6464,7.3087
谁让他,10,6,1.0,3,0.9183,9.994
谁还,10,1,1.0,2,0.7642,7.781
贫道,10,10,0.1,2,3.3219,7.2703
过于,10,8,0.2222,2,3.1219,8.4534
这么,10,5,0.3333,2,2.4194,3.9903
逼我,10,3,0.4,2,2.3219,4.5838
重返,10,7,0.75,2,0.8113,6.5627
长生仙,10,6,0.2857,3,2.2359,3.3997
问道,10,8,0.25,2,2.3219,5.5445
陛下,10,7,0.5,2,2.1133,8.8095
霸主,10,5,0.5,2,1.5,4.8345
霸的,10,1,0.8,2,0.9219,2.6093
风云,10,7,0.4,2,2.2516,8.044
飞升,10,10,0.3333,2,2.0,8.6497
魔头,10,4,0.4,2,2.3219,5.533
龙王,10,6,0.3333,2,1.6645,4.0364
一拳,9,9,0.3333,2,2.0,5.1883
三国之,9,9,0.5,3,3.4594,3.3242
不可,9,3,0.5,2,1.7925,4.3604
不朽,9,9,0.25,2,2.0,7.0829
世界里,9,2,0.7778,3,0.9864,4.9824
为了,9,5,0.5,2,1.5219,2.8712
乱世,9,7,0.4,2,2.2516,5.7575
从小,9,9,0.5,2,1.0613,2.3296
从零开始,9,4,0.375,4,2.1556,6.2682
们都,9,2,0.6667,2,1.4466,5.749
供应商,9,9,0.1111,3,3.1699,10.4794
侦探,9,6,0.3333,2,2.0,10.4363
修仙从,9,9,0.1111,3,3.1699,2.2985
偶像,9,7,0.5,2,1.5,11.7164
光了,9,2,1.0,2,0.9183,3.5263
全网,9,7,0.4,2,2.2359,5.0085
公子,9,5,0.4,2,1.9219,5.3616
制作,9,4,0.3333,2,2.5,8.4363
制卡,9,3,0.75,2,1.0613,7.5783
剑道,9,4,0.5,2,1.5,3.5426
剧本,9,7,0.4,2,2.2516,7.7506
加入聊天群,9,3,0.6667,5,1.5305,9.7689
努力,9,7,0.2222,2,2.9477,9.9846
史上最,9,2,0.5556,3,1.6577,7.9963
史上第一,9,7,0.2222,4,2.9477,7.1477
咸鱼,9,9,0.2,2,2.3219,11.0319
唯一,9,5,0.2222,2,2.7255,6.5102
在漫威,9,1,0.375,3,1.9056,4.9271
女神,9,7,0.2857,2,2.75,1.7983
妖怪,9,5,0.25,2,2.0,6.2366
学生,9,7,0.5,2,1.5,2.2031
家父,9,5,0.2222,2,2.7255,5.1827
寒门,9,7,0.2222,2,2.9477,7.6909
屠龙,9,7,0.2857,2,2.3219,8.0808
崇祯,9,9,0.2,2,2.3219,12.6169
序列,9,9,0.2,2,2.5216,11.3274
废土,9,9,0.3333,2,1.585,10.1604
开始修,9,1,0.4444,3,1.3921,1.6442
开始无限,9,5,0.2222,4,2.7255,3.0556
开局被,9,7,0.2222,3,2.9477,4.5344
快乐,9,3,0.5,2,2.0588,7.3062
成长,9,5,0.2857,2,2.5216,2.7832
我做,9,5,0.5,2,2.0,1.7634
我把,9,9,0.5,2,1.2516,3.2392
我靠,9,9,1.0,2,0.5917,3.6542
抽卡,9,5,0.4,2,2.0588,8.4959
提前,9,3,0.6,2,1.371,8.143
日志,9,7,0.2222,2,2.9477,7.0246
旧日,9,5,0.5,2,1.585,8.0246
时间,9,5,0.5,2,2.0,5.1422
星河,9,6,0.6,2,1.371,5.9795
春秋,9,5,0.2857,2,2.2359,10.1258
最后一,9,2,0.6667,3,1.4466,6.3176
有个,9,9,0.1667,2,2.75,2.7944
有什么,9,3,0.6667,3,1.4466,4.582
有问题,9,5,1.0,3,0.9183,7.5149
术开始,9,9,0.2,3,2.3219,3.3335
某美,9,1,0.8889,2,0.5033,7.5465
武林,9,4,0.2857,2,2.5216,6.3315
求我,9,6,0.2222,2,2.9477,2.6244
没想当,9,1,0.8889,3,0.5033,6.9843
法开始,9,5,0.5,3,1.5,2.2892
港岛,9,5,0.2222,2,2.3219,8.4496
漫威世界,9,3,1.0,4,1.4466,5.8219
猎魔人,9,7,0.3333,3,2.2516,6.0933
王座,9,5,0.2222,2,2.7255,6.042
界当,9,2,0.5556,2,1.6577,2.4542
的自,9,3,0.6667,2,1.4466,2.4406
的路明非,9,2,0.7778,4,0.9864,4.4912
盗墓,9,7,0.3333,2,2.5216,10.558
盛唐,9,9,0.5,2,3.2776,7.5503
直播间,9,7,0.2222,3,2.9477,7.0511
真了,9,1,0.8889,2,0.5033,2.0927
真仙,9,9,0.5,2,3.4594,2.3253
真的不,9,1,0.8889,3,0.5033,5.2756
神通,9,3,0.2857,2,2.5,4.252
稳健,9,4,0.6,2,1.8113,11.8799
穿越的,9,3,0.6667,3,1.4466,2.0891
突击,9,1,0.8889,2,0.5033,10.6493
竟是我自己,9,6,0.3333,5,2.6416,11.0319
笔记,9,7,0.5,2,3.2776,9.2918
篮坛,9,5,1.0,2,2.7219,9.9388
系男神,9,7,0.2222,3,2.9477,6.6057
经验,9,1,0.5556,2,1.5,8.8095
维度,9,6,0.3333,2,2.585,9.0933
缔造,9,5,0.4444,2,2.281,9.5465
老师,9,7,0.2857,2,2.3219,3.8121
肉身,9,3,0.75,2,1.0613,7.8373
艺人,9,1,0.5,2,1.8911,4.0344
英灵,9,7,0.4,2,1.9219,6.6269
英雄联盟之,9,9,0.1111,5,3.1699,5.567
装备,9,6,0.6,2,1.8424,9.3143
谈恋爱,9,4,0.5,3,1.8424,9.3945
豪门,9,5,0.5,2,3.0958,5.5754
贞观,9,7,0.5,2,3.2776,11.0002
超能力,9,3,0.6667,3,1.2516,7.2798
过分,9,6,0.3333,2,2.6416,7.7512
这样,9,2,0.6667,2,1.75,7.414
退休,9,4,0.2857,2,2.5033,10.5465
选择,9,5,0.6667,2,1.6645,10.1604
逍遥,9,7,0.3333,2,1.585,11.9795
道士,9,7,0.3333,2,1.585,4.6093
邪神,9,5,0.5,2,1.5,4.4902
都重生了谁,9,4,0.5556,5,1.88,8.597
金手指,9,7,0.3333,3,2.0,9.1721
长生不死,9,5,0.6667,4,1.5,7.5107
闲人,9,4,0.6667,2,0.9183,4.4688
雨浩,9,4,0.5556,2,1.371,11.6493
一剑,8,4,1.0,2,0.971,2.8715
一只,8,3,0.25,2,2.5,3.1033
不太,8,3,0.375,2,2.1556,2.9965
之光,8,8,0.3333,2,2.0,2.8611
之门,8,8,0.125,2,3.0,2.0561
九叔,8,3,0.5,2,1.7925,8.5594
二代,8,4,0.5,2,1.585,5.216
交易,8,6,0.25,2,2.585,10.9445
人生模拟,8,2,1.0,4,0.8113,6.3384
仙族,8,4,0.5,2,1.585,3.6396
仙武,8,1,0.6,2,1.7925,2.0096
仙道,8,8,0.25,2,2.0,1.7419
做游戏,8,3,0.6667,3,1.4591,5.3235
僵尸,8,6,0.4,2,1.9219,10.7689
兼职,8,8,0.5,2,1.5,9.5294
农家,8,6,0.6667,2,0.9183,5.5847
出的,8,1,0.875,2,0.5436,2.3386
到一,8,1,0.75,2,1.0613,2.3928
北美,8,3,0.8333,2,0.65,5.6487
十二,8,6,0.25,2,2.75,6.5589
南之,8,1,0.875,2,0.5436,3.3971
只好,8,3,0.8,2,1.4056,5.1802
国术,8,8,0.5,2,1.0,4.5347
在修仙界,8,1,0.7143,4,0.8631,6.3047
地狱,8,5,0.4,2,2.2516,7.9206
士兵突击,8,1,0.8333,4,0.65,9.7294
士的,8,3,0.375,2,2.1556,2.5042
大时代,8,6,0.6667,3,1.5,2.8031
大清,8,8,0.5,2,1.5,3.7714
天子,8,6,1.0,2,2.9477,1.5014
天帝,8,8,0.25,2,2.3219,1.7877
夫人,8,6,0.6667,2,1.5,3.7804
婚后,8,1,0.875,2,0.5436,6.6537
学习,8,5,0.5,2,1.5,7.8461
学家,8,3,0.625,2,1.5488,3.5088
学霸的,8,4,0.25,3,2.5,3.3917
小姐,8,3,0.5,2,1.585,6.6604
山海,8,6,0.3333,2,2.2516,5.2651
崩了,8,2,0.5,2,1.75,5.7993
平凡,8,2,0.375,2,2.1556,8.2246
年开始,8,5,0.6,3,1.8113,1.7576
开局签到,8,6,0.6667,4,1.5,5.9788
开局获,8,1,0.875,3,0.5436,5.9788
强化,8,5,0.375,2,2.0,5.4537
当神,8,4,0.25,2,2.5,1.7291
征服,8,3,0.2857,2,2.2359,11.044
律师,8,6,0.5,2,1.2516,6.7052
徒弟,8,4,0.25,2,2.3219,8.452
心声,8,3,1.0,2,0.9183,8.7428
怎么成,8,2,0.6667,3,1.75,4.5054
恋综,8,3,0.5,2,1.4591,7.1657
成真了,8,2,0.25,3,2.25,5.5513
我不想,8,5,0.5,3,1.585,2.9818
我加,8,1,1.0,2,0.9183,1.8993
我只能,8,2,1.0,3,0.5917,5.0692
我可以,8,2,1.0,3,2.5033,3.8993
我的武,8,1,1.0,3,0.971,2.5501
我的老,8,1,0.875,3,0.5436,3.7021
我真没想当,8,8,0.5,5,1.371,5.0692
我真的不,8,3,0.375,4,2.1556,4.8993
我老婆是,8,6,0.25,4,2.75,4.1623
战国,8,8,0.3333,2,1.585,3.5347
战神,8,8,0.3333,2,2.0,2.2837
才是,8,2,0.75,2,1.0613,3.58
掌控,8,3,0.2857,2,2.5,9.286
提取,8,4,0.5,2,2.0,9.369
支配,8,2,0.75,2,1.0613,10.8835
教主,8,2,0.5714,2,1.3788,4.3539
教师,8,8,0.5,2,1.585,3.9276
教授,8,6,0.25,2,2.0,9.1839
斗罗大陆,8,6,1.0,4,0.9183,8.7589
无敌了,8,6,0.25,3,2.75,3.8685
日之,8,2,0.25,2,2.25,1.9203
时光,8,5,0.375,2,2.3219,4.9723
明明,8,3,0.375,2,2.1556,2.1542
明末,8,8,0.3333,2,1.585,3.9171
星球,8,5,0.5,2,1.0,3.9054
是大明星,8,4,1.0,4,2.7255,5.701
是妖,8,1,0.5,2,1.4591,3.1281
末法,8,3,0.6667,2,1.5,4.9431
朱元璋,8,6,0.3333,3,2.0,11.0808
某美漫的,8,8,0.125,4,3.0,5.7136
每天,8,3,0.5,2,1.371,4.4671
没钱,8,8,1.0,2,3.1699,7.43
洪武,8,4,0.4286,2,2.1281,5.0338
灵气,8,3,0.625,2,1.5488,6.2033
特种,8,2,0.75,2,1.0613,7.2664
王之,8,4,0.25,2,2.5,1.5227
生后,8,1,0.875,2,0.5436,1.9877
疯了,8,2,1.0,2,0.7219,4.8924
的地,8,3,0.375,2,2.1556,1.7829
的悠闲生活,8,8,0.125,5,3.0,5.7136
的我被,8,5,0.375,3,2.4056,4.0132
的日常,8,5,0.6,3,1.371,3.7136
的魔法,8,3,0.375,3,2.4056,3.6262
看到,8,2,0.75,2,1.0613,5.9745
看见,8,3,0.625,2,1.5488,9.1444
真不想,8,1,0.875,3,0.5436,5.9748
穿梭,8,8,0.2,2,2.3219,8.6814
精神病,8,2,0.5,3,1.9183,10.2109
系神豪,8,8,0.125,3,3.0,6.5643
美漫世界,8,4,0.5,4,1.0,5.1995
艺术家,8,3,0.375,3,2.1556,7.4722
行者,8,4,1.0,2,1.0,5.0891
要做,8,2,0.75,2,1.0613,6.1593
诸天最强,8,6,0.2857,4,2.75,5.5677
资本,8,6,0.2857,2,2.5216,8.2506
身份,8,1,0.5,2,2.0,9.2523
进入,8,3,0.4286,2,1.8424,6.4835
通天,8,6,0.5,2,1.5,3.9436
道主,8,8,0.125,2,3.0,2.6488
那个,8,6,0.25,2,2.75,5.2671
重生的我,8,4,0.25,4,2.5,4.0794
风流,8,4,1.0,2,2.281,6.6225
骷髅,8,3,0.4286,2,2.1556,12.9388
鸣人,8,4,0.3333,2,1.9183,6.3384
黎明,8,5,0.5,2,1.7925,7.3766
一切,7,3,0.6667,2,1.5,7.1477
一心,7,5,0.3333,2,1.9219,3.8465
一百,7,2,0.4286,2,1.8424,4.0724
万历,7,7,0.5,2,1.0,6.6105
万岁,7,7,0.1429,2,2.8074,6.1669
不正经,7,7,0.5,3,1.585,5.9548
世界里的,7,3,0.2857,4,2.2359,5.351
个世界,7,4,0.5,3,1.9219,2.5273
之剑,7,7,0.3333,2,1.585,1.8352
之巅,7,7,0.1429,2,2.8074,5.2045
之心,7,7,0.1429,2,2.8074,3.0028
亡灵,7,4,0.3333,2,2.2516,7.7949
人设,7,2,0.8333,2,0.65,4.9234
什么体验,7,1,0.8571,4,0.5917,9.0319
从养,7,3,0.3333,2,1.6645,2.9258
从西,7,4,0.4286,2,2.1281,2.8276
从龙,7,2,1.0,2,1.0,1.6326
仙官,7,7,0.5,2,1.0,3.71
仙门,7,7,0.3333,2,1.585,2.5914
你做,7,2,1.0,2,0.65,4.183
修道,7,1,0.5714,2,1.6645,2.4449
光之,7,4,0.4286,2,2.1281,2.6684
公司,7,7,0.3333,2,1.9219,8.4413
军工,7,7,0.1667,2,2.585,6.2896
刘备,7,5,0.5,2,1.9183,10.2543
创造,7,7,0.25,2,2.0,7.599
前世,7,2,0.6,2,1.371,4.2105
剑圣,7,7,0.3333,2,1.585,4.4928
动物,7,3,0.5714,2,1.6645,7.2664
化身,7,7,0.1667,2,2.585,5.5519
半岛,7,7,1.0,2,1.5488,9.3799
原来,7,3,0.5714,2,1.6645,6.6882
古神,7,7,0.25,2,2.3219,3.1462
可能,7,2,0.8333,2,0.65,4.8376
合理,7,1,0.8571,2,0.5917,7.4608
吓哭,7,5,0.2857,2,2.5216,11.3283
听劝,7,2,1.0,2,0.65,11.1168
国家,7,3,0.5,2,1.9219,2.5194
在北,7,1,0.7143,2,1.1488,4.0846
在现实,7,1,0.8333,3,1.1488,6.0051
在西游,7,2,0.7143,3,1.1488,4.2579
地下城,7,7,0.2,3,2.3219,9.0081
大师兄,7,7,0.5,3,1.5,5.5174
大魔王,7,5,0.5,3,1.0,5.295
天下无,7,1,0.5714,3,1.3788,4.9636
天使,7,5,1.0,2,1.0,4.9526
天尊,7,7,0.5,2,1.585,3.4671
太监,7,7,0.5,2,1.5,7.3378
套路,7,1,0.4286,2,1.4488,8.7603
女明星,7,5,0.4,3,1.9219,4.8863
好的,7,1,0.8571,2,0.5917,1.8067
好莱坞,7,7,0.3333,3,1.585,9.2246
妖孽,7,4,0.6,2,1.371,8.6814
姐姐,7,5,0.3333,2,2.0,8.4063
娱乐圈的,7,7,0.5,4,1.585,4.273
宗门,7,7,0.2,2,2.5216,5.8544
宝可梦,7,5,0.3333,3,2.2516,9.8727
实在太,7,7,0.1429,3,2.8074,8.7004
家子,7,3,0.5714,2,1.6645,2.6357
山河,7,7,0.2,2,2.3219,6.862
巅峰,7,7,0.2,2,2.3219,11.2543
巨头,7,5,1.0,2,2.75,6.7635
幻想,7,7,0.2,2,2.3219,6.0667
开始做,7,5,0.2857,3,2.5216,2.8172
开始崛起,7,7,0.1429,4,2.8074,4.123
开始成为,7,7,0.1429,4,2.8074,3.8666
开始的文,7,1,0.5714,4,1.3788,5.2054
开始肝,7,1,0.4286,3,1.8424,4.3387
开局获得,7,7,0.1429,4,2.8074,5.9788
悟性逆天,7,7,1.0,4,0.7219,6.4671
我只是,7,3,1.0,3,0.8113,3.9697
我在东京当,7,7,0.1429,5,2.8074,5.0692
我在修,7,1,0.8571,3,0.5917,3.0839
我在西,7,2,0.7143,3,1.1488,4.5547
我打造,7,3,0.5714,3,1.6645,3.1761
我有一座,7,7,0.1429,4,2.8074,5.0692
我的女,7,1,0.8571,3,0.5917,2.4026
我的老婆,7,1,0.8571,4,0.5917,5.0692
我的超,7,2,0.7143,3,1.1488,2.6384
我的身,7,2,0.4286,3,1.8424,3.6934
我真不想,7,3,0.5714,4,1.6645,4.8766
我真的只,7,1,0.5714,4,1.3788,5.0692
扮演,7,7,0.2,2,2.5216,9.5102
抽奖,7,3,0.5714,2,1.0,9.4063
挂机,7,5,0.4,2,1.9219,7.4074
掌门,7,7,0.2,2,2.3219,6.369
摊牌,7,3,0.8,2,1.2516,10.3799
教练,7,7,0.5,2,1.371,6.0951
斩妖,7,5,0.6667,2,1.5,7.3278
旅行,7,2,0.5,2,1.4591,6.7038
无限进化,7,5,0.3333,4,2.2516,6.8983
日常系,7,7,1.0,3,3.0,6.2786
明第,7,1,0.8571,2,0.5917,3.8147
是正,7,4,0.2857,2,2.5216,3.6208
是魔,7,2,0.4286,2,2.1281,1.9355
曝光了,7,4,0.4286,3,2.1281,5.6997
曹操,7,3,0.5,2,1.5219,10.7518
有毒,7,7,0.1429,2,2.8074,6.2194
朝当,7,1,0.8571,2,0.5917,4.6408
来的路明非,7,1,0.8571,5,0.5917,8.2187
极道,7,7,1.0,2,3.0,4.4789
柯南之,7,4,0.4286,3,2.1281,4.9414
梦境,7,5,0.4,2,1.9219,8.792
欢迎,7,2,0.6667,2,0.9183,10.8393
正义,7,7,1.0,2,1.0,8.0132
没人,7,1,1.0,2,0.9183,2.7611
法则,7,5,1.0,2,2.75,6.9204
洪荒之,7,7,1.0,3,3.0,3.6195
流浪,7,5,0.4,2,1.9219,7.8169
海贼王,7,3,0.5,3,1.9183,5.0822
深海,7,7,0.5,2,1.0,6.5054
火红,7,1,0.8571,2,0.5917,4.9724
灭世,7,4,0.4,2,1.9219,4.81
爆红,7,1,0.7143,2,1.1488,7.1041
牧师,7,7,0.3333,2,2.0,5.998
狠人,7,4,1.0,2,1.0,5.2283
生命,7,5,0.5,2,1.585,3.0599
生模拟器,7,1,0.8571,4,0.5917,4.3186
生活系,7,7,1.0,3,3.0,5.3959
田园,7,7,0.3333,2,1.585,7.7349
白月光,7,5,0.3333,3,2.3219,9.4959
百万,7,4,0.5,2,1.7925,5.3717
的文娱,7,3,0.5714,3,1.0,3.7661
的玩,7,1,0.8571,2,0.5917,2.0947
的那些,7,1,0.8571,3,0.5917,4.7136
的黑科技,7,4,0.4286,4,2.1281,4.199
真实,7,5,0.5,2,1.0,5.0883
离婚后,7,5,0.5,3,1.8424,7.6079
穿越者,7,5,0.6667,3,1.4591,4.8965
系统来,7,3,0.5714,3,1.6645,4.4698
红尘,7,7,0.25,2,2.3219,8.1041
纨绔,7,5,0.5,2,1.5,13.1315
给我,7,7,0.1429,2,2.8074,2.9224
综武,7,4,0.75,2,0.8113,4.5945
网络,7,4,0.3333,2,2.2516,9.431
美女,7,4,0.6,2,1.371,3.2067
能升级,7,3,0.5,3,1.0,6.3584
能变,7,1,0.8571,2,0.5917,4.5782
蜀山,7,5,0.5,2,1.0,8.6694
规则,7,5,0.4,2,1.9219,11.2867
记事,7,7,0.1429,2,2.8074,6.5306
证道,7,5,0.4,2,1.9219,6.1342
诸天万界,7,7,0.3333,4,2.0,5.8429
读书,7,3,0.3333,2,1.9183,8.6587
谍影,7,7,0.3333,2,1.585,6.3812
财阀,7,3,0.5,2,1.585,10.4608
走出的,7,4,0.4286,3,2.1281,5.7136
这是,7,2,1.0,2,1.0,1.8359
造了,7,3,0.5714,2,1.6645,3.2143
道君,7,5,0.4,2,1.9219,4.3476
道门,7,7,0.3333,2,1.585,3.2082
都成,7,2,0.5,2,2.1281,3.0056
重生后,7,7,0.5,3,1.1488,3.0316
重生日,7,2,0.7143,3,1.0,2.9788
金刚,7,1,0.4,2,2.2359,7.4876
锦衣卫,7,3,0.3333,3,2.2359,10.4794
镇守,7,5,0.2857,2,2.5216,9.4063
霍格沃茨之,7,7,1.0,5,3.0,3.5568
香江,7,7,0.3333,2,1.585,8.072
龙珠,7,5,0.5,2,1.585,7.3963
万法,6,4,0.5,2,1.9219,3.6656
三国从,6,4,1.0,3,2.5216,2.7034
上限,6,1,0.8333,2,0.65,4.2105
专家,6,4,1.0,2,1.0,6.4722
世纪,6,4,0.4,2,2.2516,4.3841
么当,6,1,0.8333,2,0.65,3.3711
之名,6,6,0.1667,2,2.585,3.1341
之神级,6,1,0.5,3,1.4591,4.031
了怎么办,6,6,0.1667,4,2.585,5.4773
争霸,6,4,0.5,2,1.585,7.1433
人在东京,6,6,1.0,4,0.65,4.7714
人在木叶,6,6,0.0,4,-1.0,5.9539
人生模拟器,6,2,0.6667,5,1.2516,6.286
从九,6,3,1.0,2,0.65,2.6437
从战,6,2,1.0,2,0.8113,1.5312
仙府,6,6,0.5,2,1.0,5.295
仙者,6,2,1.0,2,1.2516,2.5616
众神,6,6,0.25,2,2.0,5.4902
会穿越的,6,4,0.3333,4,2.2516,5.7136
作死,6,4,0.5,2,1.0,6.7959
你成,6,6,1.0,2,0.65,1.8856
你说,6,3,0.5,2,1.7925,3.8514
佣兵,6,6,0.3333,2,1.585,9.7622
信息,6,4,0.4,2,1.585,10.6169
修改,6,2,0.6667,2,1.2516,6.1906
做人,6,2,0.6667,2,1.0,2.6176
儿子,6,4,0.3333,2,2.2516,5.3101
全世界,6,1,1.0,3,1.4591,2.8924
八零,6,4,0.5,2,1.9219,8.431
公主,6,6,0.25,2,2.0,4.7424
养生,6,3,0.4,2,1.9219,2.7538
冒牌,6,4,0.5,2,1.585,9.369
出来,6,3,0.5,2,1.5,4.7912
别人,6,6,0.3333,2,1.585,3.4786
制卡师,6,6,0.1667,3,2.585,6.9276
前妻,6,4,0.5,2,1.9219,7.3253
剑宗,6,6,0.25,2,2.0,5.6038
加点修,6,1,0.8333,3,0.65,5.8121
加载,6,2,0.6667,2,1.2516,9.1839
十八,6,3,0.6,2,1.371,6.7739
卡牌,6,3,0.6,2,1.371,7.7589
去当,6,2,0.6667,2,1.2516,5.1554
反手,6,4,0.6667,2,1.4591,5.5136
只会,6,2,1.0,2,0.7219,5.7245
召唤师,6,4,0.3333,3,2.2516,4.8121
哈利,6,1,0.75,2,0.8113,9.3639
唐三,6,4,0.4,2,1.9219,4.437
商人,6,6,1.0,2,2.8074,3.6339
四合院之,6,6,1.0,4,2.8074,3.8446
四合院里,6,1,1.0,4,0.65,7.3919
回到过去,6,4,1.0,4,2.5216,9.1059
国王,6,6,0.5,2,1.0,2.6603
在上,6,6,0.1667,2,2.585,2.1471
在火影,6,1,0.6,3,0.971,3.2502
在线,6,4,0.6667,2,1.5,5.0051
在美漫,6,2,0.75,3,0.8113,3.8897
地主,6,4,1.0,2,2.5216,3.593
坏了,6,6,0.5,2,1.5,4.9248
基地,6,2,0.75,2,0.8113,6.5487
塌房,6,4,0.3333,2,2.0,11.3241
大周,6,4,1.0,2,2.5216,4.4205
大哥,6,6,0.25,2,2.3219,3.8799
大罗,6,6,0.25,2,2.0,1.8687
天地,6,6,0.25,2,2.0,2.1214
太上,6,6,0.3333,2,1.585,3.8424
太极,6,4,0.3333,2,2.2516,5.3081
太阳,6,4,0.5,2,1.9219,6.1561
头号,6,3,0.5,2,1.7925,8.2315
她们都,6,2,0.3333,3,1.9183,7.012
妖尾,6,6,1.0,2,0.65,8.307
妹妹,6,4,0.4,2,1.9219,9.2361
宠物,6,6,0.3333,2,1.585,7.672
家娘子,6,1,0.8333,3,0.65,6.3791
小说,6,6,0.1667,2,2.585,4.8303
少年,6,6,0.3333,2,1.585,5.6259
就能变强,6,6,0.1667,4,2.585,8.9615
岳父,6,6,0.5,2,1.0,9.9351
巨星从,6,6,1.0,3,2.8074,3.6052
巫师世界,6,4,0.5,4,1.5,4.8702
幸福,6,1,0.5,2,1.4591,9.779
幸运,6,4,0.3333,2,2.2516,9.5754
幻世,6,2,0.8,2,0.7219,4.2744
庶子,6,4,0.5,2,1.5,6.973
开启,6,6,0.25,2,2.2516,3.9199
归来的路明非,6,6,0.1667,6,2.585,10.2246
很合理,6,2,0.8,3,0.7219,10.7164
德鲁伊,6,4,0.3333,3,1.585,10.9388
忽悠,6,4,0.4,2,1.9219,10.8584
成帝,6,6,0.3333,2,1.585,2.2936
我只想安,6,1,0.8333,4,0.65,5.0692
我在仙,6,2,0.5,3,1.0,1.9658
我在修仙,6,1,0.8333,4,0.65,3.7332
我在异,6,1,0.8333,3,0.65,3.5667
我才是,6,6,1.0,3,0.7219,4.6542
我的女友,6,2,0.6667,4,1.2516,5.0692
我的老婆是,6,6,1.0,5,1.0,5.0692
我能看到,6,6,0.1667,4,2.585,5.0692
我要做,6,6,0.1667,3,2.585,4.6542
我选,6,2,0.6667,2,1.2516,2.4063
手记,6,4,0.3333,2,2.2516,4.9374
拒绝,6,4,0.3333,2,2.2516,9.8727
挂了,6,2,0.3333,2,1.9183,4.1748
挑战,6,6,0.5,2,1.5,8.3945
捡到一,6,2,1.0,3,1.0,6.1477
支配者,6,3,1.0,3,1.0,8.4685
时代的,6,4,0.3333,3,2.2516,1.8067
明朝当,6,2,0.5,3,1.7925,6.3993
明第一,6,1,0.8333,3,0.65,3.9026
是什么体验,6,6,0.1667,5,2.585,6.8005
是剑,6,2,0.3333,2,1.9183,2.3318
最后一个,6,6,0.3333,4,2.0,7.1739
有什么坏心,6,1,0.8333,5,0.65,7.8044
末世之,6,6,0.1667,3,2.585,3.3971
末年,6,2,0.5,2,1.0,4.1665
机甲,6,6,0.25,2,2.0,8.1466
校花,6,6,0.3333,2,2.0,8.3439
梦回,6,6,0.2,2,2.585,5.7367
模拟人,6,1,0.8333,3,0.65,3.2107
武功,6,3,0.6,2,1.371,5.1795
死的,6,1,0.8333,2,0.65,1.5707
水浒,6,6,0.5,2,1.0,10.6169
永恒,6,6,0.5,2,1.0,10.6783
法神,6,6,0.5,2,1.0,1.8243
游戏里,6,2,0.6667,3,1.2516,5.2968
漫威世界的,6,6,0.1667,5,2.585,5.1287
火红年代,6,4,1.0,4,0.8113,8.2384
灵魂,6,6,0.5,2,1.0,6.07
炮灰,6,4,0.5,2,1.0,11.3945
爱的,6,2,0.5,2,1.9183,2.2762
爷爷,6,2,0.4,2,1.9183,8.435
牧场,6,6,0.3333,2,1.585,8.8799
特种兵,6,6,0.5,3,1.0,9.5696
状元,6,2,0.5,2,1.0,8.7294
狂潮,6,6,0.1667,2,2.585,9.7068
狩猎,6,6,0.2,2,2.3219,9.042
独行,6,6,0.3333,2,1.585,6.444
百世,6,4,0.3333,2,2.2516,3.7494
的我却,6,4,0.3333,3,2.2516,5.7136
的我只想,6,4,0.3333,4,2.2516,3.5981
的我只能,6,1,0.5,4,1.7925,5.2986
的文艺,6,1,0.5,3,1.4591,4.5981
的无限,6,2,0.3333,3,2.2516,1.6987
的玩家,6,2,0.6667,3,1.2516,2.5437
的男,6,1,0.8333,2,0.65,2.5981
的自我,6,1,0.8333,3,0.65,4.4843
的诞生,6,6,0.1667,3,2.585,5.7136
的超能力,6,1,0.8333,4,0.65,5.1287
的那些年,6,6,0.1667,4,2.585,4.8391
的霍格沃,6,1,0.8333,4,0.65,2.6262
皇后,6,4,0.4,2,1.9219,4.3727
直播鉴宝,6,6,0.0,4,-1.0,9.4496
知否,6,6,0.5,2,1.0,10.431
砍翻,6,3,0.6667,2,1.4591,10.9165
神功,6,6,0.1667,2,2.585,3.8687
神医,6,6,0.3333,2,1.585,2.3326
神座,6,6,0.2,2,2.3219,3.9052
神豪从,6,6,0.1667,3,2.585,3.9462
离谱,6,4,0.5,2,1.585,9.9165
科研,6,6,0.25,2,2.0,7.8487
秘复苏,6,1,0.8333,3,0.65,8.8164
穿越了,6,4,0.3333,3,2.2516,2.5898
穿越到,6,6,0.3333,3,1.585,3.9745
笑傲,6,4,0.4,2,1.9219,10.3539
简单,6,2,0.3333,2,1.9183,10.6169
精灵之,6,6,1.0,3,2.8074,4.031
级英雄,6,2,0.8,3,1.2516,6.0185
练武,6,6,0.25,2,2.3219,4.4353
终极,6,6,0.1667,2,2.585,7.5465
绝世之,6,4,0.3333,3,2.2516,4.3654
网红,6,6,0.3333,2,1.585,5.4614
美国,6,2,0.8,2,0.7219,2.8794
老朱,6,6,0.2,2,2.585,6.7954
肉身成圣,6,3,1.0,4,1.7925,8.9615
能是,6,1,0.8333,2,0.65,1.7437
能有,6,1,0.8333,2,0.65,2.5252
艾泽拉斯,6,6,0.5,4,1.0,10.9388
血族,6,6,0.3333,2,1.585,6.5168
被动,6,2,0.8,2,0.7219,6.5415
西北,6,2,0.3333,2,1.9183,6.5479
角色,6,4,0.4,2,1.9219,9.3766
让你当,6,6,0.1667,3,2.585,5.0623
诡异世界,6,6,0.5,4,1.0,5.4405
说好的,6,6,1.0,3,2.8074,3.6547
请留步,6,6,0.2,3,2.585,10.2664
诸天世界,6,2,0.8,4,0.7219,3.1361
赘婿,6,6,0.5,2,1.585,11.8233
起源,6,6,0.3333,2,1.585,8.22
超时空,6,6,1.0,3,2.8074,6.39
退役,6,4,0.4,2,2.2516,10.599
速通,6,4,0.4,2,1.9219,9.6783
造化,6,3,1.0,2,2.1281,5.6237
道侣,6,6,0.5,2,1.585,7.6488
道长生,6,2,1.0,3,1.0,3.2796
锦绣,6,6,0.3333,2,1.585,10.0644
锦鲤,6,6,0.25,2,2.0,10.0644
限制,6,1,0.6667,2,0.9183,5.981
风暴,6,6,0.1667,2,2.585,7.7925
飞扬,6,2,0.8,2,0.7219,9.8514
首席,6,3,0.75,2,0.8113,10.8584
驱魔,6,3,0.6,2,1.371,7.8216
高考,6,4,0.4,2,2.0,8.3315
魔门,6,4,0.4,2,1.9219,3.381
黑夜,6,6,0.5,2,1.0,6.7589
黑手,6,1,0.8333,2,0.65,4.852
一万,5,5,0.5,2,1.585,1.9777
一个大,5,3,0.4,3,1.9219,2.3315
一本,5,1,0.8,2,0.7219,3.2408
一枚,5,2,0.6,2,1.371,7.1477
一起,5,5,0.2,2,2.3219,3.1658
上将,5,2,0.75,2,0.8113,5.6885
上班,5,3,1.0,2,0.9183,6.8178
不死的我,5,2,1.0,4,0.9183,5.0692
不科学,5,5,0.5,3,1.0,4.8564
世唐,5,1,0.8,2,0.7219,2.511
世界当,5,5,0.2,3,2.3219,2.3453
东方,5,3,0.5,2,1.5,6.6396
丧尸,5,5,0.3333,2,1.585,10.5059
个修,5,1,0.6,2,1.371,2.0696
中华,5,5,0.3333,2,1.585,4.9827
之资,5,1,0.5,2,1.5219,4.1665
之超级,5,3,0.4,3,1.9219,2.378
之金,5,1,0.4,2,1.5219,2.0112
九天,5,5,0.25,2,2.0,2.5796
了吧,5,1,0.8,2,0.7219,3.6618
五百年,5,5,0.2,3,2.3219,8.2109
人太,5,2,0.6,2,1.371,1.5919
人设崩,5,1,0.8,3,0.7219,6.5084
从一人,5,1,0.4,3,1.5219,3.3806
从今,5,1,0.8,2,0.7219,4.1307
从士兵突击开始,5,2,1.0,7,0.8113,6.2682
从娶,5,1,0.6667,2,1.371,4.6832
从拜,5,1,0.8,2,0.7219,4.1978
从木,5,1,1.0,2,0.7219,2.3422
从每,5,1,0.8,2,0.7219,3.5901
从洪,5,3,0.5,2,1.585,2.7075
从港综,5,2,1.0,3,0.9183,3.5901
从猎,5,1,1.0,2,1.0,2.5677
从获得,5,5,1.0,3,0.7219,4.5901
从金,5,3,0.4,2,1.9219,1.9754
从黑,5,1,1.0,2,1.9183,2.1471
从龙族,5,1,0.8,3,0.7219,3.8352
仙侠,5,1,0.8,2,0.7219,3.3766
仙缘,5,3,0.4,2,1.9219,4.7689
仙途,5,5,0.2,2,2.3219,4.599
传承,5,5,0.5,2,1.0,7.1431
但是,5,5,1.0,2,0.7219,5.3449
你就,5,3,0.4,2,1.9219,3.4051
你把,5,5,0.5,2,1.5,5.1733
俗人,5,5,0.3333,2,1.585,4.7428
修仙世界,5,2,0.6,4,1.0,3.0823
光明,5,5,1.0,2,2.585,3.4255
全家,5,2,0.75,2,0.8113,2.5236
全知,5,2,0.6,2,1.371,5.3829
八十年,5,2,1.0,3,0.8113,8.2109
具现,5,1,0.4,2,1.5219,9.6758
农庄,5,3,0.4,2,1.9219,9.4663
出道,5,3,0.4,2,1.9219,3.5957
刀开始,5,3,0.4,3,1.9219,3.72
列车,5,5,0.5,2,1.0,9.295
初唐,5,5,0.5,2,1.585,7.4028
到中,5,3,0.4,2,1.9219,4.2391
剑出,5,5,0.2,2,2.3219,4.6096
剑开始,5,2,0.6,3,1.371,1.5314
剑豪,5,5,1.0,2,2.585,4.6992
剧情,5,2,0.6667,2,0.9183,7.5168
功法,5,5,0.3333,2,1.9219,5.5725
加点修行,5,3,0.4,4,1.9219,8.8814
加钱,5,2,0.6,2,1.371,7.1366
医圣,5,5,1.0,2,2.585,4.4255
千万,5,3,0.6667,2,1.5,4.7916
危机,5,5,0.5,2,1.0,8.8095
却成了,5,3,0.6667,3,1.5219,6.7993
原始,5,2,0.5,2,1.5,4.0625
厨神,5,5,0.3333,2,1.585,4.6797
去了,5,1,1.0,2,0.9183,3.6293
只有我知道,5,3,0.4,5,1.9219,7.6488
可不,5,1,0.8,2,0.7219,3.5125
可以无限,5,3,0.4,4,1.9219,7.4909
可能是,5,1,0.8,3,0.7219,6.5375
史上最强,5,5,0.2,4,2.3219,8.0685
吃瓜,5,3,0.5,2,1.5,10.8514
吕布,5,5,0.25,2,2.0,11.3539
呼吸,5,1,0.8,2,0.7219,12.2835
命之,5,2,0.6,2,1.371,2.5598
命格,5,1,0.8,2,0.7219,5.8548
唯我独,5,1,0.8,3,0.7219,10.6534
嘉靖,5,5,0.5,2,1.5,11.7689
噩梦,5,5,0.3333,2,1.585,9.7216
四合院里的,5,5,0.2,5,2.3219,5.4506
图书馆,5,3,1.0,3,2.2516,11.1315
土豪,5,5,1.0,2,2.585,7.2749
圣光,5,5,0.3333,2,2.0,4.8405
在古代,5,1,0.8,3,0.7219,5.0051
在末世,5,5,0.25,3,2.0,3.8352
在现实世界,5,1,1.0,5,0.7219,7.0051
在都市,5,5,0.2,3,2.3219,4.3729
地府,5,5,0.5,2,1.0,7.0081
复制,5,5,0.25,2,2.0,7.2664
大反派,5,5,1.0,3,2.585,3.5725
大将,5,5,0.2,2,2.3219,3.4876
大抽,5,1,0.8,2,0.7219,3.862
大明第一,5,5,0.2,4,2.3219,4.9658
大荒,5,5,0.3333,2,1.585,2.1412
大魏,5,5,0.5,2,1.0,5.1575
天罡,5,2,0.75,2,0.8113,6.4671
天道酬勤,5,5,0.5,4,1.0,6.4671
天骄,5,5,0.5,2,1.0,5.6191
太听劝了,5,5,0.2,4,2.3219,6.7993
太稳,5,2,0.6,2,1.371,7.1155
夺嫡,5,2,0.75,2,0.8113,9.9254
奇幻,5,5,0.3333,2,2.0,6.9725
奇迹,5,5,1.0,2,0.8113,8.1601
女儿身,5,1,0.8,3,0.7219,7.9615
好人,5,2,1.0,2,1.7925,2.1161
娱乐之,5,5,1.0,3,2.585,2.9535
子不,5,3,0.4,2,1.9219,1.5911
守则,5,5,0.2,2,2.3219,9.2164
富贵,5,5,0.3333,2,1.585,8.0685
对象,5,2,0.6,2,1.371,8.2191
将军,5,2,0.6,2,1.371,6.9416
就变强,5,5,0.2,3,2.3219,7.3226
尸人,5,5,1.0,2,2.585,3.6604
尽头,5,5,0.2,2,2.3219,7.9684
工厂,5,5,0.2,2,2.3219,8.1866
师妹,5,5,0.5,2,1.585,5.1906
师父,5,3,0.5,2,1.5,4.0531
帝皇,5,3,0.6667,2,1.5,3.7611
幕后黑手,5,2,0.6,4,1.371,8.71
开始成就,5,5,0.2,4,2.3219,5.4856
开始的诸天,5,3,0.5,5,1.5,4.9347
开始长生,5,5,1.0,4,2.585,1.8533
开局一个,5,3,1.0,4,0.9183,4.2959
开局加,5,1,1.0,3,0.7219,4.4113
异世之,5,5,0.2,3,2.3219,3.304
异界之,5,5,0.2,3,2.3219,3.2336
张三丰,5,5,0.3333,3,1.585,12.2384
强国,5,5,0.3333,2,1.585,3.2013
强大,5,1,0.8,2,0.7219,1.6396
强者,5,2,1.0,2,1.7925,4.2282
当文豪,5,5,1.0,3,2.585,5.6293
当老,5,3,0.4,2,1.9219,3.5139
必须,5,3,0.5,2,1.9219,11.8013
怎么了,5,5,0.2,3,2.3219,3.2386
怎么当,5,3,0.4,3,1.9219,4.5016
怪兽,5,5,0.3333,2,2.0,6.3766
成了神,5,3,0.4,3,1.9219,2.57
成仙了,5,5,1.0,3,1.0,4.5976
我叫,5,5,1.0,2,1.0,1.5332
我在修仙界,5,3,0.4,5,1.9219,4.3912
我在异界,5,5,0.2,4,2.3219,3.5838
我在现实,5,1,0.8,4,0.7219,4.5838
我在西游,5,5,0.2,4,2.3219,4.5838
我在诸,5,1,0.8,3,0.7219,3.1432
我家娘子,5,5,0.25,4,2.3219,4.8062
我有无数,5,3,1.0,4,1.0,5.0692
我爆红,5,1,0.8,3,0.7219,4.5838
我的分身,5,5,0.2,4,2.3219,5.0692
我的前,5,2,0.6,3,1.371,4.2506
我的物品,5,2,0.6,4,1.371,5.0692
我的系统,5,5,1.0,4,1.0,2.9756
我的职业,5,3,0.4,4,1.9219,4.7245
我的超能力,5,1,0.8,5,0.7219,4.8062
我真的是,5,3,1.0,4,2.2516,4.7599
我能看见,5,5,0.2,4,2.3219,5.0692
我被迫,5,1,1.0,3,0.8113,4.0692
战场,5,1,1.0,2,0.8113,5.6169
截教,5,5,0.3333,2,2.0,8.5059
手搓,5,2,0.6,2,1.371,8.447
打工,5,5,0.3333,2,1.585,5.4548
打穿,5,3,0.5,2,1.5,4.4642
打职业,5,3,0.6667,3,1.5219,6.5517
执掌,5,3,1.0,2,1.0,9.1315
投影,5,3,0.5,2,1.585,6.7323
抽象,5,3,0.5,2,1.5,9.4184
控制,5,1,0.8,2,0.7219,8.0648
摸鱼,5,3,0.4,2,1.9219,9.9209
操作,5,5,1.0,2,1.0,9.1733
改造,5,5,0.25,2,2.0,7.5465
整个,5,5,0.3333,2,1.9219,6.1739
斗罗之我,5,2,0.6,4,1.371,3.6907
新世,5,1,0.8,2,0.7219,3.5616
旁门,5,2,0.5,2,1.5,8.2055
无间,5,1,0.4,2,1.5219,3.7357
明日,5,3,0.4,2,1.9219,2.4847
是传,5,1,0.8,2,0.7219,2.6867
是大佬,5,5,0.2,3,2.3219,3.7599
是太,5,2,0.6,2,1.371,2.1065
最后的,5,3,1.0,3,1.0,4.0355
朝好,5,1,0.8,2,0.7219,5.3177
术师,5,5,0.3333,2,1.585,3.5126
杀手,5,3,0.4,2,1.585,5.1012
来到,5,2,0.6,2,1.371,3.1483
柯学,5,2,0.75,2,0.8113,6.3904
样子,5,1,0.8,2,0.7219,6.5945
模拟人生,5,5,0.5,4,1.585,5.8703
武世界,5,3,1.0,3,0.9183,2.1995
武当,5,2,0.75,2,0.8113,2.3619
死亡,5,5,0.5,2,1.0,7.3629
毁灭,5,5,0.25,2,2.0,10.409
民俗,5,5,0.5,2,1.0,8.5009
民国,5,5,0.5,2,1.0,4.5062
没有上限,5,3,0.4,4,1.9219,9.0685
没让你,5,5,0.2,3,2.3219,6.1212
治愈系,5,5,1.0,3,2.585,8.4712
法兰西,5,5,0.5,3,1.0,8.5725
法时代,5,1,0.8,3,0.7219,4.4026
海岛,5,1,0.4,2,1.5219,6.2975
深情,5,2,1.0,2,1.0,7.3241
清朝,5,5,0.5,2,1.0,6.5084
游戏世界,5,5,1.0,4,1.0,3.0823
游戏王,5,2,0.6667,3,1.371,3.3398
游戏设计,5,2,1.0,4,0.971,7.6618
演义,5,3,0.4,2,1.9219,7.6711
漫画家,5,5,1.0,3,2.585,7.5311
灵气复苏,5,5,0.3333,4,1.585,9.1575
灾变,5,3,0.6667,2,1.5,7.5647
炼金,5,3,0.4,2,1.585,6.1225
然后,5,3,0.4,2,1.9219,6.0229
爆红了,5,1,0.8,3,0.7219,6.3138
牌了,5,1,0.8,2,0.7219,4.2143
特工,5,5,0.3333,2,1.585,6.3215
狂徒,5,5,1.0,2,0.9183,7.5456
献上,5,3,0.4,2,1.9219,7.4959
玄门,5,5,0.2,2,2.3219,6.0128
王朝,5,3,0.4,2,1.9219,4.2506
王者,5,5,0.5,2,1.0,3.4241
球之,5,1,0.8,2,0.7219,1.5925
球神,5,3,0.5,2,1.5,1.8942
生存指南,5,5,0.2,4,2.3219,6.3186
生活录,5,5,0.2,3,2.3219,6.3186
生物,5,5,0.25,2,2.0,2.2482
生者,5,1,0.4,2,1.5219,1.5852
电子,5,5,0.25,2,2.0,4.8355
电影世界,5,3,0.4,4,1.9219,5.9739
界第一,5,2,0.6,3,1.371,3.2539
界都,5,2,0.6,2,1.371,2.2928
登陆,5,2,0.6,2,1.371,9.295
白蛇,5,5,0.25,2,2.0,9.0464
的宇,5,1,0.8,2,0.7219,2.2807
的年代,5,2,0.6,3,1.371,2.3351
的男人,5,3,0.4,3,1.9219,4.5761
的自我修养,5,5,0.2,5,2.3219,5.7136
的霍格沃茨,5,5,1.0,5,2.585,2.481
的青,5,2,0.4,2,1.9219,2.2542
皇子,5,5,0.25,2,2.0,3.4748
真君,5,5,0.5,2,1.585,4.2757
真有,5,2,0.6,2,1.371,2.2498
祖国,5,1,0.8,2,0.7219,4.4507
神秘复苏,5,5,0.5,4,1.5,6.3426
神空间,5,1,0.8,3,0.7219,5.0207
禁忌,5,1,0.6667,2,0.9183,11.4794
科学家,5,1,0.4,3,1.5219,5.4157
科技帝国,5,5,1.0,4,1.0,6.9684
秦始皇,5,2,0.6,3,1.371,8.9753
秦时明月之,5,5,0.2,5,2.3219,6.304
穿了,5,3,0.5,2,1.585,1.8638
竟然,5,3,0.4,2,1.9219,8.447
系统才,5,2,1.0,3,0.7219,4.8989
练成,5,1,0.8,2,0.7219,3.6439
组织,5,2,0.6,2,1.0,12.2164
经理,5,3,0.5,2,1.5,7.3539
编造,5,3,0.6667,2,1.5,8.409
联网,5,2,0.6,2,1.371,5.9201
肝经验,5,2,0.6,3,1.371,10.1366
能加点,5,5,0.5,3,1.0,5.6961
能提,5,1,0.8,2,0.7219,5.0746
能有什么坏心思,5,5,0.2,7,2.3219,8.0746
节目,5,5,0.3333,2,1.9219,11.753
花开,5,5,0.5,2,1.0,2.9788
苟成,5,5,0.3333,2,1.585,4.4246
荣光,5,5,0.2,2,2.3219,8.0105
药师,5,5,0.3333,2,2.0,4.8803
蒸汽,5,3,0.5,2,1.0,13.3539
蓝星,5,5,0.3333,2,1.9219,6.1733
蜘蛛侠,5,5,1.0,3,0.9183,9.6985
蝙蝠侠,5,5,0.5,3,1.5,9.9615
血条,5,3,0.5,2,1.9219,7.5168
被女,5,3,0.4,2,1.9219,3.3887
计划,5,3,0.4,2,1.9219,11.2055
让你做,5,2,0.6,3,1.371,6.2001
设计师,5,2,1.0,3,1.7925,6.3751
话事人,5,5,0.2,3,2.3219,6.5084
诡道,5,3,1.0,2,2.2516,3.5278
说我是,5,3,0.4,3,1.9219,5.3539
请自重,5,5,0.2,3,2.3219,7.1477
谁说,5,2,0.6,2,1.371,5.8684
调教,5,3,0.5,2,1.5,7.3539
调查,5,2,0.6,2,1.371,10.7689
财富自由,5,5,0.5,4,1.371,11.2384
贼开始,5,2,0.6,3,1.371,2.5407
赛博朋克,5,5,1.0,4,0.8113,11.295
赢家,5,1,0.8,2,0.7219,6.9462
赶山,5,5,0.3333,2,2.0,8.6985
超维,5,5,0.2,2,2.3219,5.9957
身边,5,3,0.4,2,1.585,7.4043
轨迹,5,3,0.4,2,1.9219,11.0908
轮回者,5,5,0.5,3,1.585,6.505
边缘,5,3,0.4,2,1.585,9.5059
还好,5,2,0.75,2,1.371,5.8741
还要,5,5,0.3333,2,1.9219,6.2845
这不是,5,5,1.0,3,0.9183,3.9626
这个医生,5,5,0.2,4,2.3219,6.3186
这个宇智波,5,5,0.25,5,2.3219,6.4946
远征,5,3,0.6667,2,1.5,11.0034
逆流,5,5,1.0,2,2.585,6.2506
逆袭系统,5,2,0.75,4,0.8113,7.094
造者,5,1,1.0,2,1.2516,4.8131
道果,5,3,0.6667,2,0.9183,5.8008
道独,5,2,0.6,2,1.371,4.6853
遮天之,5,5,0.2,3,2.3219,3.768
都不,5,3,0.4,2,1.9219,2.367
都想,5,2,0.4,2,1.9219,3.749
都是我,5,5,0.2,3,2.3219,2.6363
都重生了谁还,5,5,0.2,6,2.3219,8.486
重生之我是,5,5,0.25,5,2.3219,5.3539
重生日本,5,3,1.0,4,2.2516,6.4176
长夜,5,5,0.5,2,1.0,5.164
长子,5,5,1.0,2,1.0,2.5202
长生修,5,1,0.8,3,0.7219,3.2953
长生武,5,2,1.0,3,1.7925,3.2842
门开始,5,5,1.0,3,2.585,1.5596
阴间,5,2,0.5,2,1.5,7.4959
阴阳,5,5,0.3333,2,1.585,8.8095
院开始,5,1,0.5,3,1.0,2.9746
除魔,5,3,0.4,2,1.585,6.9065
霍雨浩,5,3,0.5,3,1.5,9.2579
霸王,5,3,0.4,2,1.9219,4.0531
非人,5,1,0.4,2,1.5219,3.438
风华,5,5,1.0,2,2.585,5.1621
首富从,5,5,1.0,3,2.585,4.8897
骑砍,5,5,0.3333,2,1.585,9.7023
鬼神,5,3,0.5,2,1.0,2.9734
魅魔,5,5,0.3333,2,1.585,7.3659
魔兽,5,5,0.5,2,1.0,4.459
黑粉,5,2,0.75,2,1.0,8.2328
龙族开始,5,1,0.8,4,0.7219,4.0526
一条,4,4,0.3333,2,2.0,4.0184
一点,4,4,0.5,2,1.0,2.7553
一等,4,4,0.5,2,1.0,5.9777
万族,4,4,0.3333,2,2.0,4.0547
三十年,4,4,0.25,3,2.0,6.3177
三年,4,4,1.0,2,0.9183,2.9821
三界,4,4,0.25,2,2.0,1.9319
下第一,4,1,0.75,3,0.8113,4.5807
不可能是,4,1,0.75,4,0.8113,6.913
不装了,4,4,1.0,3,-1.0,6.65
不许,4,4,0.5,2,1.0,6.065
不过,4,4,0.3333,2,1.585,3.2349
专属,4,1,0.75,2,0.8113,9.125
世民,4,1,1.0,2,0.8113,3.3746
世间,4,2,0.6667,2,0.9183,2.6041
个游戏,4,2,0.5,3,1.5,2.6194
个演员,4,2,0.5,3,1.0,6.437
中医,4,4,0.5,2,1.0,4.8141
中单,4,2,0.6667,2,1.5,6.7651
中国,4,4,0.5,2,1.585,3.5899
中奖,4,1,1.0,2,0.9183,7.0871
中年,4,2,1.0,2,0.8113,3.9441
为何,4,4,0.3333,2,2.0,7.3814
为师,4,4,0.5,2,1.585,2.4145
主持,4,2,0.6667,2,0.9183,7.6169
主神空间,4,4,0.5,4,1.0,7.6169
么都,4,1,0.75,2,0.8113,3.4729
之传奇,4,4,0.25,3,2.0,3.0946
之军,4,4,0.25,2,2.0,2.1142
之劫,4,4,0.25,2,2.0,4.3971
之实,4,1,0.75,2,0.8113,2.5227
之无限,4,4,0.25,3,2.0,1.7041
九零,4,4,0.5,2,1.0,7.0289
书生,4,4,0.5,2,1.0,2.3186
乾坤,4,2,0.5,2,1.5,11.9165
了吗,4,4,0.25,2,2.0,3.9413
了游戏,4,1,0.75,3,0.8113,1.6597
争锋,4,2,0.5,2,1.5,8.7367
五五开,4,4,0.3333,3,2.0,5.9788
人在北美,4,4,0.5,4,1.5,6.1864
人在大,4,2,0.5,3,1.5,1.7251
人在诸天,4,4,0.0,4,-1.0,4.0202
人在高,4,1,0.75,3,0.8113,4.8771
人族,4,4,0.3333,2,1.585,2.1161
人生赢家,4,2,0.5,4,1.5,6.5084
人设崩了,4,2,0.5,4,1.5,6.4773
亿万,4,4,0.25,2,2.0,5.589
从今天,4,1,0.75,3,0.8113,4.2682
从吞噬,4,2,0.5,3,1.5,3.4608
从和,4,4,1.0,2,0.9183,2.8758
从山,4,2,1.0,2,1.0,1.5133
从庆余年,4,1,1.0,4,0.8113,5.6832
从成为,4,4,1.0,3,0.8113,2.8419
从打,4,2,1.0,2,0.9183,1.729
从拜师,4,4,0.5,3,1.585,4.8087
从木叶,4,1,0.75,3,0.8113,2.2682
从每日情报,4,1,0.75,5,0.8113,5.9462
从白,4,4,0.25,2,2.0,2.5133
从种,4,4,1.0,2,0.9183,2.2682
从红,4,2,1.0,2,1.0,1.7136
从解,4,4,0.25,2,2.0,3.5677
从龙族开始,4,4,0.25,5,2.0,5.9462
任务,4,2,0.6667,2,0.9183,10.5465
低调,4,4,0.5,2,1.0,9.71
体内,4,1,0.75,2,0.8113,7.7714
体有,4,1,0.75,2,0.8113,4.2808
你怎么,4,4,1.0,3,0.8113,3.9687
使徒,4,4,0.25,2,2.0,8.2593
信仰,4,4,0.5,2,1.0,11.0319
修改器,4,4,0.25,3,2.0,7.9276
俱乐部,4,4,0.25,3,2.0,12.3539
做个,4,1,0.75,2,0.8113,3.2832
做大,4,1,0.75,2,0.8113,1.8192
先生,4,2,0.6667,2,0.9183,3.7336
克苏鲁,4,2,1.0,3,1.0,11.295
入职,4,4,0.5,2,1.0,5.3595
八年,4,1,0.75,2,0.8113,4.8186
兴趣,4,1,0.75,2,0.8113,11.71
养成系,4,1,0.75,3,0.8113,6.5643
养殖,4,1,0.5,2,1.5,9.4671
兽医,4,4,1.0,2,1.0,5.1739
兽师,4,4,0.5,2,1.585,3.6057
写日记,4,4,0.5,3,1.5,9.3919
军之,4,1,0.75,2,0.8113,2.1142
军火,4,2,0.5,2,1.5,4.5298
农场,4,4,0.5,2,1.0,7.4074
冷宫,4,4,0.5,2,1.0,9.6534
准备,4,2,0.6667,2,1.5,10.3539
几个,4,4,0.3333,2,2.0,6.437
凡世,4,1,1.0,2,0.8113,3.4621
出个,4,2,0.5,2,1.5,3.3839
刚成,4,4,0.25,2,2.0,4.7442
别叫我,4,4,1.0,3,0.9183,5.0692
别惹,4,2,0.5,2,1.5,9.5168
到万,4,4,0.25,2,2.0,2.6921
制造,4,2,0.6667,2,0.9183,5.8741
前任,4,4,0.5,2,1.0,8.71
前女友,4,2,0.6667,3,1.5,7.6511
剧透,4,4,1.0,2,1.0,10.4876
功开始,4,2,0.5,3,1.5,3.1636
动物园,4,4,0.25,3,2.0,9.7052
助我,4,2,0.5,2,1.5,3.3688
化龙,4,4,1.0,2,1.0,3.9881
区之,4,1,0.75,2,0.8113,4.8446
十万,4,4,0.5,2,1.585,4.0894
十六,4,4,0.3333,2,1.585,6.6744
千古,4,4,0.3333,2,1.585,5.6948
千金,4,4,0.5,2,1.0,5.3468
千面,4,2,0.5,2,1.0,5.853
华山,4,4,0.5,2,1.0,4.1727
单啊,4,1,0.75,2,0.8113,6.432
南明,4,4,1.0,2,1.0,3.6396
却过,4,1,0.75,2,0.8113,7.5465
原来我,4,2,0.5,3,1.5,4.2619
参加,4,4,0.5,2,1.0,9.1839
合成系,4,4,1.0,3,0.9183,6.6639
合法,4,4,0.25,2,2.0,4.2871
后成,4,2,0.5,2,1.5,2.0572
君子,4,4,0.5,2,1.0,3.8645
吾乃,4,4,1.0,2,1.0,10.8944
告诉,4,1,0.75,2,0.8113,13.1315
呼吸法,4,1,0.75,3,0.8113,8.2506
命格成圣,4,4,0.3333,4,2.0,8.9615
命运,4,4,0.3333,2,1.585,6.6248
品天,4,2,0.5,2,1.5,2.9753
哭什么,4,1,0.75,3,0.8113,7.2986
唐朝好,4,4,0.25,3,2.0,7.9026
唯我独法,4,4,0.0,4,-1.0,8.2506
商店,4,4,1.0,2,1.0,8.3919
喜欢,4,4,0.3333,2,1.585,8.71
四十,4,4,0.5,2,1.0,5.7484
国医,4,4,0.5,2,1.585,2.9987
国战,4,2,0.5,2,1.5,2.5347
国民,4,2,0.5,2,1.0,4.1842
国际,4,4,0.5,2,1.0,5.1562
圆满,4,1,1.0,2,0.8113,9.0965
圣骑,4,2,0.6667,2,1.5,6.1036
在三国,4,2,0.5,3,1.5,2.8554
在下,4,4,0.25,2,2.0,1.8758
在仙界,4,2,0.6667,3,0.9183,4.4202
在手,4,1,0.6667,2,0.9183,1.7763
在神诡,4,1,0.6667,3,1.5,5.4202
在美国,4,1,0.75,3,0.8113,5.9498
在遮天,4,1,1.0,3,0.8113,4.1471
在霍格沃,4,1,0.75,4,0.8113,3.3327
在高武,4,1,1.0,3,0.8113,4.4816
垃圾,4,4,0.25,2,2.0,13.9388
垄断,4,2,0.5,2,1.5,12.4794
型上单,4,1,1.0,3,0.8113,11.02
复活,4,4,0.5,2,1.0,6.0933
外科,4,2,0.5,2,1.0,5.9227
大冒险,4,4,0.25,3,2.0,4.973
大唐第一,4,4,0.25,4,2.0,6.1554
大娱乐,4,1,0.75,3,0.8113,2.6225
大导,4,2,1.0,2,0.9183,2.9026
大抽奖,4,2,0.5,3,1.5,5.4876
大有问题,4,4,0.25,4,2.0,5.125
大玩家,4,4,0.25,3,2.0,2.5401
大穿越,4,2,0.5,3,1.5,1.5005
天下无敌,4,4,1.0,4,1.0,6.3076
天啊,4,1,1.0,2,0.8113,1.8672
天大圣,4,4,0.25,3,2.0,4.6598
天记,4,4,0.25,2,2.0,2.1096
天赋开始,4,4,0.5,4,1.0,3.9006
天降,4,2,0.6667,2,0.9183,3.2972
太凶,4,2,0.5,2,1.5,5.9455
太棒了,4,4,0.3333,3,2.0,6.7993
奋斗在,4,4,0.25,3,2.0,5.6832
契约,4,4,0.3333,2,1.585,12.9388
女仆,4,4,0.3333,2,1.585,7.9615
女孩,4,1,0.75,2,0.8113,6.7916
女尊,4,2,0.6667,2,1.5,4.1542
女王,4,4,0.5,2,1.0,2.1802
如此,4,2,0.5,2,1.5,9.6079
妖皇,4,2,0.6667,2,1.5,4.2238
姑娘,4,4,0.25,2,2.0,9.7391
娇妻,4,4,0.3333,2,1.585,7.43
娶妻,4,1,0.75,2,0.8113,8.4773
嫡长,4,2,0.5,2,1.0,5.9161
子风流,4,2,0.5,3,1.5,6.973
学姐,4,4,1.0,2,1.0,5.4835
学徒,4,1,0.75,2,0.8113,5.2959
孩子,4,4,0.5,2,1.0,6.8031
宇智波的,4,4,1.0,4,1.0,2.9587
完美人生,4,4,1.0,4,1.0,6.3186
宝鉴,4,2,0.6667,2,0.9183,7.5508
实业,4,1,0.75,2,0.8113,5.6183
实录,4,4,0.25,2,2.0,7.1575
家都是,4,2,0.5,3,1.5,5.0393
富二代,4,2,0.5,3,1.5,8.2384
寻宝,4,4,0.5,2,1.0,8.0654
导师,4,2,0.5,2,1.0,4.1202
将门,4,4,0.5,2,1.0,5.5616
小兵,4,2,0.6667,2,0.9183,4.8761
居然,4,4,0.5,2,1.5,8.6396
峡谷,4,4,0.25,2,2.0,12.447
峨眉,4,4,0.3333,2,1.585,13.1315
工开,4,1,0.75,2,0.8113,1.712
工程师,4,4,0.5,3,1.0,6.7052
巨人,4,4,0.5,2,1.585,2.3586
巨擘,4,1,0.75,2,0.8113,9.7891
巫妖,4,4,0.3333,2,1.585,4.9779
希腊,4,4,0.5,2,1.5,13.1315
帝成,4,2,0.5,2,1.5,1.7086
常生,4,1,0.75,2,0.8113,2.436
幻世界,4,2,0.5,3,1.5,4.5424
建立,4,1,0.75,2,0.8113,9.0933
开始修行,4,4,0.25,4,2.0,3.8417
开始变,4,1,0.75,3,0.8113,2.1818
开始成神,4,4,0.25,4,2.0,3.7307
开始的文娱,4,4,0.25,5,2.0,5.6782
开始纵横,4,1,0.75,4,0.8113,5.0261
开局加入聊天群,4,4,1.0,7,0.8113,5.9788
开局就,4,4,1.0,3,1.0,3.4912
开局成为,4,4,0.25,4,2.0,4.8331
开局拜,4,1,0.75,3,0.8113,5.867
异度,4,4,0.25,2,2.0,5.2375
当兵,4,4,0.3333,2,2.0,4.1081
当家,4,2,0.5,2,1.5,1.9176
当明星,4,2,0.5,3,1.0,4.1797
当王,4,2,0.6667,2,0.9183,2.2809
当皇帝,4,4,0.25,3,2.0,5.2549
影帝的,4,4,0.5,3,1.0,2.5843
影忍者,4,1,0.75,3,0.8113,6.5173
彼岸,4,2,0.5,2,1.5,13.295
很合理吧,4,4,0.25,4,2.0,9.8944
得道,4,4,0.5,2,1.0,4.1894
怪猎,4,4,0.0,2,-1.0,5.9392
总裁,4,2,0.5,2,1.0,10.295
情报开始,4,1,0.75,4,0.8113,4.4856
情报王,4,4,0.25,3,2.0,6.1575
惊悚,4,1,0.75,2,0.8113,11.8514
想退,4,2,0.5,2,1.5,5.862
成功,4,2,0.6667,2,0.9183,4.0661
我乃,4,4,0.25,2,2.0,3.4843
我也,4,2,0.5,2,1.5,2.1623
我以女儿身,4,2,0.5,5,1.5,5.0692
我儿,4,2,1.0,2,1.0,1.8213
我加载了,4,4,0.25,4,2.0,5.0692
我去,4,4,0.25,2,2.0,1.5774
我只会,4,4,0.25,3,2.0,4.4843
我只好,4,1,1.0,3,0.8113,4.0692
我只想当,4,4,1.0,4,0.9183,4.7473
我可不,4,1,0.75,3,0.8113,4.7473
我在古代,4,2,0.5,4,1.5,4.7473
我在大明,4,2,0.5,4,1.5,3.2217
我在现实世界,4,4,0.25,6,2.0,4.7473
我在诸天,4,4,0.25,4,2.0,2.8993
我带,4,4,0.25,2,2.0,1.6769
我怎么成,4,2,0.6667,4,1.5,4.0692
我成了女,4,4,0.25,4,2.0,4.6396
我打造了,4,4,0.25,4,2.0,5.0692
我是大,4,4,0.5,3,1.0,1.973
我有一本,4,4,0.25,4,2.0,5.0692
我没有,4,1,1.0,3,0.8113,2.0692
我爆红了,4,1,0.75,4,0.8113,4.7473
我用,4,4,0.25,2,2.0,3.3688
我的修,4,2,0.5,3,1.5,1.5613
我的女友是,4,2,0.5,5,1.5,5.0692
我的技能,4,4,0.25,4,2.0,5.0489
我的文,4,1,0.75,3,0.8113,2.7021
我的玩家,4,4,0.25,4,2.0,3.8176
我的美,4,1,0.75,3,0.8113,2.0103
我的超能力每,4,1,0.75,6,0.8113,5.0692
我真不想当,4,2,0.6667,5,1.5,5.0692
我真的只是,4,4,0.25,5,2.0,5.0692
我竟,4,2,1.0,2,0.8113,2.1623
我选择,4,4,1.0,3,0.8113,3.8993
战斗,4,4,0.3333,2,2.0,3.437
战机,4,4,0.5,2,1.0,4.4876
截胡,4,2,0.6667,2,1.5,12.1839
手游,4,4,0.5,2,1.0,2.6932
才发现,4,2,0.6667,3,1.5,8.1739
技大,4,1,0.75,2,0.8113,1.6803
投资,4,4,0.3333,2,2.0,9.672
拯救世界,4,4,0.25,4,2.0,6.4405
拳开始,4,4,0.5,3,1.0,3.3563
掠夺,4,2,0.6667,2,1.5,11.044
控制你了,4,2,0.5,4,1.5,6.7993
摊牌了,4,4,1.0,3,-1.0,5.9919
收徒,4,4,0.3333,2,2.0,7.6744
收藏,4,4,0.3333,2,1.585,8.277
教教主,4,1,0.75,3,0.8113,7.9388
整活,4,2,0.5,2,1.5,7.5084
文化,4,1,0.75,2,0.8113,4.5607
斗破之,4,4,0.25,3,2.0,4.3971
斗罗绝世,4,4,0.0,4,-1.0,6.8303
新世界,4,4,0.5,3,1.0,4.0925
新做人,4,1,0.75,3,0.8113,6.5084
族之,4,4,0.25,2,2.0,1.9117
无敌从,4,4,0.25,3,2.0,2.3374
无极,4,4,0.5,2,1.0,3.8794
无疆,4,4,0.3333,2,1.585,7.8567
无限提升,4,4,0.25,4,2.0,7.8567
日本当,4,2,0.5,3,1.5,6.6029
星老,4,1,0.75,2,0.8113,3.0685
星辰,4,4,0.3333,2,1.585,6.9388
是传奇,4,1,1.0,3,0.8113,3.8135
是反派,4,2,1.0,3,0.9183,3.9785
是吧,4,4,1.0,2,0.9183,3.5635
是恶,4,2,0.5,2,1.5,3.4994
是游戏,4,4,0.3333,3,1.585,1.8834
是真的,4,4,0.3333,3,2.0,3.8937
是精,4,1,0.5,2,1.5,3.295
是高,4,4,0.25,2,2.0,2.5311
替身,4,1,0.75,2,0.8113,8.2523
最佳,4,4,0.25,2,2.0,7.9963
朋友,4,2,0.5,2,1.5,9.277
朕就是,4,4,0.25,3,2.0,7.0229
木叶的,4,4,0.25,3,2.0,1.7136
未婚妻,4,4,0.5,3,1.585,10.3842
末法时代,4,2,0.6667,4,0.9183,8.2384
本是,4,4,0.3333,2,1.585,2.7941
朱棣,4,4,1.0,2,0.9183,11.0808
杀穿,4,4,0.3333,2,1.585,4.7507
李二,4,4,0.3333,2,2.0,7.216
极限,4,4,0.5,2,1.0,5.0912
果实,4,2,1.0,2,1.0,7.9875
校长,4,4,1.0,2,1.0,5.3061
梦想,4,4,0.5,2,1.0,4.6627
欢喜,4,4,0.5,2,1.0,8.71
歌手,4,2,0.6667,2,1.5,6.3177
正常吧,4,1,0.75,3,0.8113,8.3095
武学,4,4,0.25,2,2.0,2.6311
武者,4,1,0.75,2,0.8113,2.8612
武馆,4,2,0.5,2,1.5,5.457
死了,4,2,1.0,2,0.9183,2.0713
死灵,4,1,0.75,2,0.8113,4.4295
每周刷新,4,1,0.75,4,0.8113,10.1315
比比东,4,4,0.5,3,1.0,9.447
求仙,4,4,0.5,2,1.0,3.4172
求你,4,1,1.0,2,0.9183,4.2366
没人比我更懂,4,4,0.25,6,2.0,9.3842
法医,4,4,0.25,2,2.0,3.7145
法术,4,4,0.3333,2,1.585,4.2506
法爷,4,4,0.5,2,1.585,5.5281
泰坦,4,4,1.0,2,1.0,12.1315
深空,4,1,0.75,2,0.8113,6.1091
渔村,4,4,1.0,2,1.0,9.6396
港综开始,4,2,0.6667,4,0.9183,3.4856
游戏里的,4,1,0.75,4,0.8113,5.1287
湖开始,4,2,0.5,3,1.5,3.8417
漫威的,4,4,0.5,3,1.0,2.4657
火力,4,4,0.5,2,1.0,4.7655
火影世界,4,1,0.75,4,0.8113,3.5601
灵法师,4,1,1.0,3,0.8113,6.457
炼成,4,1,0.75,2,0.8113,3.8645
烽火,4,2,0.6667,2,1.5,8.3977
父是,4,2,0.5,2,1.5,3.2416
版本,4,2,0.5,2,1.5,8.2506
状态,4,2,0.5,2,1.5,10.8944
狩魔,4,2,0.5,2,1.5,6.5846
独尊,4,2,0.5,2,1.5,6.8461
猴子,4,4,0.25,2,2.0,6.6511
玩游戏,4,4,0.3333,3,1.585,4.373
生香,4,4,0.25,2,2.0,3.0707
画皮,4,2,0.5,2,1.0,9.8095
疯了吧,4,4,0.0,3,-1.0,9.4794
的人生模拟器,4,4,0.25,6,2.0,5.1287
的修道,4,1,0.5,3,1.5,4.9063
的军,4,2,0.5,2,1.5,1.5238
的召唤,4,2,0.5,3,1.5,2.4282
的哈,4,1,0.75,2,0.8113,4.0132
的宇智波,4,4,0.5,4,1.0,2.9587
的巫,4,2,0.6667,2,1.5,1.6475
的快乐,4,1,0.5,3,1.5,4.5437
的我不,4,2,0.5,3,1.5,2.4282
的战锤,4,2,0.5,3,1.5,2.8067
的旅,4,2,0.5,2,1.5,2.4657
的武道,4,2,0.5,3,1.5,2.3917
的生活,4,2,0.5,3,1.0,1.831
的白,4,2,0.5,2,1.5,1.9587
的身份,4,2,0.5,3,1.5,4.7136
的阿,4,4,0.25,2,2.0,3.0698
真理,4,4,0.25,2,2.0,5.0623
研究,4,4,0.25,2,2.0,11.0319
神传,4,2,0.5,2,1.5,1.9475
神君,4,4,0.5,2,1.585,2.4971
神宠,4,4,0.5,2,1.0,4.1462
神捕,4,4,0.25,2,2.0,4.9052
科技之,4,4,0.25,3,2.0,2.4711
究极,4,2,0.5,2,1.0,8.9615
第九,4,4,0.5,2,1.0,5.1902
第四天灾,4,4,0.5,4,1.585,9.3997
算命,4,4,1.0,2,0.9183,7.9658
粉碎,4,1,0.75,2,0.8113,10.7689
精灵世界的,4,4,0.25,5,2.0,5.7136
系统提,4,1,1.0,3,0.8113,5.698
系统来了,4,1,1.0,4,0.8113,5.9919
红楼之,4,4,0.25,3,2.0,3.0946
纯阳,4,4,0.5,2,1.585,9.2246
绑定,4,4,0.5,2,1.0,10.6909
绝不,4,2,0.6667,2,1.5,3.1688
绝世唐门,4,2,1.0,4,0.9183,8.6909
综世界,4,1,0.75,3,0.8113,3.7706
综网,4,4,0.5,2,1.5,5.3017
缔造者,4,4,0.25,3,2.0,7.7136
网球,4,2,0.6667,2,0.9183,4.3976
罗斯,4,1,0.75,2,0.8113,5.9276
罗马,4,4,0.3333,2,1.585,6.2837
美好,4,4,0.3333,2,1.585,3.6623
美少,4,1,0.75,2,0.8113,5.2067
翻身,4,4,0.5,2,1.0,7.3454
老板,4,4,0.25,2,2.0,5.5449
职业选手,4,2,0.5,4,1.5,8.71
能提取,4,1,0.75,3,0.8113,7.0746
能无限,4,2,0.5,3,1.5,3.4747
能穿,4,2,0.5,2,1.5,2.8172
能进,4,1,0.75,2,0.8113,3.7892
自律,4,4,0.3333,2,1.585,7.6885
舰队,4,4,1.0,2,1.0,9.5465
芳华,4,4,0.25,2,2.0,7.9276
英雄无敌之,4,4,0.25,5,2.0,6.304
莽夫,4,4,1.0,2,1.0,9.041
萧炎,4,2,0.6667,2,0.9183,12.6169
蓝银,4,1,0.75,2,0.8113,9.7639
血脉,4,4,0.5,2,1.0,9.7391
表白,4,4,0.5,2,1.0,9.014
被动技,4,4,0.5,3,1.0,8.7391
要当,4,1,0.75,2,0.8113,3.7585
视频,4,2,0.5,2,1.5,10.0685
解析,4,4,0.3333,2,2.0,11.2384
警探,4,4,1.0,2,1.0,7.2664
诸界,4,4,0.25,2,2.0,1.7261
谁都,4,4,0.5,2,1.585,4.9416
败家子,4,4,0.3333,3,1.585,7.973
起来,4,4,0.3333,2,2.0,4.2775
超强,4,1,0.75,2,0.8113,3.2201
超神之,4,2,0.5,3,1.5,3.9117
超级电,4,4,0.25,3,2.0,6.2315
超级英雄,4,2,0.6667,4,0.9183,6.6034
超脱,4,4,0.5,2,1.0,7.1974
路人,4,4,0.3333,2,1.585,2.223
踢球,4,4,0.5,2,1.585,8.098
躺平,4,2,0.6667,2,1.5,9.8095
辅助,4,4,0.3333,2,1.585,10.6534
还不,4,2,0.5,2,1.5,3.5625
这个武,4,1,0.75,3,0.8113,2.9052
这个男人,4,1,0.75,4,0.8113,6.5084
这样子,4,1,0.75,3,0.8113,6.8031
逆转,4,4,0.5,2,1.0,7.4026
选项,4,4,0.3333,2,1.585,10.1059
造反,4,4,0.5,2,1.585,5.7651
逼我做,4,4,0.25,3,2.0,8.1412
道世界,4,1,0.75,3,0.8113,1.6099
道祖,4,4,0.5,2,1.585,3.9209
道观,4,4,1.0,2,1.0,5.1252
避难所,4,4,0.5,3,1.0,11.4794
那座,4,2,0.5,2,1.5,7.1616
邻居,4,2,0.5,2,1.5,10.9615
重工,4,4,0.25,2,2.0,2.8809
重活,4,4,0.3333,2,1.585,2.6241
重生之大,4,4,0.25,4,2.0,1.71
重生之最,4,1,0.75,4,0.8113,4.4113
重生九,4,2,0.5,3,1.5,3.3457
重生八,4,4,0.25,3,2.0,4.1628
野心,4,2,0.5,2,1.5,6.4727
金时代,4,1,0.75,3,0.8113,4.8323
金融,4,2,0.5,2,1.5,7.3241
钓鱼,4,2,0.6667,2,1.5,9.862
长别,4,1,0.75,2,0.8113,4.5493
长津湖,4,2,0.6667,3,0.9183,8.164
长生修仙,4,4,0.0,4,-1.0,3.8451
门派,4,4,0.3333,2,1.585,5.0762
降魔,4,2,0.5,2,1.5,4.8741
隐藏,4,4,0.25,2,2.0,8.862
雄霸,4,2,0.5,2,1.0,5.6299
震惊,4,2,1.0,2,1.0,10.6814
霍格沃兹,4,2,0.6667,4,1.0,9.6814
霸天,4,1,0.75,2,0.8113,2.0409
非正常,4,4,0.25,3,2.0,8.3766
面之,4,2,0.5,2,1.5,2.1955
革命,4,4,0.25,2,2.0,9.0654
飞刀,4,2,0.6667,2,1.5,7.7639
飞扬年代,4,2,0.6667,4,0.9183,8.2384
饲养,4,2,0.6667,2,0.9183,9.7891
马甲,4,2,0.5,2,1.5,9.047
驾到,4,4,0.25,2,2.0,7.3766
高冷,4,2,0.5,2,1.5,7.862
高手在,4,2,0.5,3,1.5,5.0982
高校,4,4,0.3333,2,1.585,6.589
鬼灭,4,4,1.0,2,0.8113,6.9402
魔世界,4,1,0.75,3,0.8113,2.0051
魔修,4,4,0.5,2,1.0,2.0328
魔教,4,1,0.75,2,0.8113,3.459
魔法少女,4,4,0.5,4,1.0,7.9615
一个修,3,1,0.6667,3,0.9183,3.2272
一亿,3,3,0.5,2,1.0,3.8746
一刀,3,3,0.5,2,1.0,3.6452
一口,3,3,0.5,2,1.0,5.7326
一块,3,3,0.5,2,1.585,6.7326
一张,3,1,0.6667,2,0.9183,5.0322
一扇,3,1,0.6667,2,0.9183,6.7326
一把,3,3,0.5,2,1.585,3.7326
一方,3,3,0.5,2,1.0,3.6033
一次,3,1,0.6667,2,0.9183,3.5627
一气,3,3,0.5,2,1.0,2.7784
一百万,3,3,1.0,3,1.0,5.9253
万事,3,3,0.5,2,1.0,4.1739
万亿,3,3,0.5,2,1.0,5.1739
万妖,3,1,0.6667,2,0.9183,3.1371
万象,3,3,0.5,2,1.0,5.9445
三代,3,1,0.6667,2,0.9183,2.5945
三十岁,3,3,1.0,3,1.0,8.71
上古,3,3,0.5,2,1.585,3.8141
上将军,3,3,0.3333,3,1.585,7.7589
上恋综,3,3,0.5,3,1.0,7.0808
上门,3,3,0.3333,2,1.585,2.8329
下一,3,1,0.6667,2,0.9183,1.6033
下乡,3,1,0.6667,2,0.9183,6.1466
下围棋,3,1,0.6667,3,0.9183,7.8095
不会真有人,3,1,0.6667,5,0.9183,6.5084
不住,3,1,0.6667,2,0.9183,5.498
不做,3,3,0.3333,2,1.585,2.3441
不太对劲,3,3,0.5,4,1.585,7.2349
不按套路,3,1,0.6667,4,0.9183,7.2349
不是大,3,1,0.6667,3,0.9183,1.5761
不是妖,3,3,0.5,3,1.0,4.3252
不是魔,3,3,0.3333,3,1.585,3.3252
不死于,3,3,0.3333,3,1.585,7.2349
不知,3,1,0.6667,2,0.9183,3.5345
不起,3,3,0.5,2,1.0,2.5161
与天,3,3,0.3333,2,1.585,3.0077
与魔,3,1,0.6667,2,0.9183,4.5846
业啊,3,1,0.6667,2,0.9183,4.3847
业巨擘,3,1,0.6667,3,0.9183,8.9846
业时代,3,1,0.6667,3,0.9183,4.4928
东京生活,3,1,0.6667,4,0.9183,5.6869
个位面,3,1,0.6667,3,0.9183,5.0959
个修仙,3,1,0.6667,3,0.9183,2.2043
个系统,3,3,0.3333,3,1.585,2.425
个综,3,1,0.6667,2,0.9183,3.2146
个顶流,3,1,0.6667,3,0.9183,4.5365
临异,3,1,0.6667,2,0.9183,4.6419
主到,3,3,0.3333,2,1.585,1.7689
主啊,3,1,0.6667,2,0.9183,2.9239
主大人,3,1,0.6667,3,0.9183,6.0644
主播开始,3,3,0.3333,4,1.585,3.8226
之中,3,3,0.5,2,1.0,1.6222
之全球,3,3,0.3333,3,1.585,2.3344
之夜,3,3,1.0,2,1.0,2.567
之天王,3,1,0.6667,3,0.9183,4.0816
之父,3,3,0.3333,2,1.585,2.1076
之胜,3,1,0.6667,2,0.9183,4.567
之荒野,3,1,0.6667,3,0.9183,3.8015
之虫,3,3,0.3333,2,1.585,4.304
之血,3,3,0.3333,2,1.585,2.2743
之铁,3,1,0.6667,2,0.9183,3.031
之雷,3,3,0.5,2,1.0,3.4295
九八,3,1,0.6667,2,0.9183,5.922
九叔世界,3,1,0.6667,4,0.9183,6.4849
九重,3,1,0.6667,2,0.9183,2.5232
也不想,3,1,0.6667,3,0.9183,7.5294
也是,3,3,1.0,2,1.0,3.701
乡人,3,3,0.5,2,1.0,3.8454
乡村,3,3,0.5,2,1.0,8.8835
书人,3,1,0.6667,2,0.9183,2.0933
书成圣,3,1,1.0,3,0.9183,7.1315
书香,3,3,0.5,2,1.0,6.2759
了游戏里的,3,1,0.6667,5,0.9183,5.7136
了科,3,1,0.6667,2,0.9183,1.616
了还,3,3,0.3333,2,1.585,2.7118
争之,3,1,0.6667,2,0.9183,2.9348
于人,3,1,1.0,2,0.9183,3.286
亏成,3,3,0.5,2,1.0,6.973
互联网,3,3,0.5,3,1.0,9.431
五千年,3,3,0.3333,3,1.585,7.71
五年,3,1,0.6667,2,0.9183,4.152
五雷,3,3,0.3333,2,1.585,7.4205
亮剑之,3,3,0.3333,3,1.585,3.719
人只想,3,1,0.6667,3,0.9183,2.3654
人在漫威,3,3,0.5,4,1.585,4.9234
人在遮天,3,3,0.0,4,-1.0,6.0933
人在高武,3,3,0.0,4,-1.0,6.0933
人竟,3,1,0.6667,2,0.9183,3.1864
今天不,3,1,0.6667,3,0.9183,4.8199
从九龙,3,1,1.0,3,0.9183,6.2682
从五,3,3,0.5,2,1.585,2.2093
从亮剑开始,3,3,0.3333,5,1.585,6.2682
从今天开始,3,3,0.3333,5,1.585,6.0705
从分,3,1,1.0,2,0.9183,2.4956
从升,3,1,1.0,2,0.9183,2.3296
从只狼,3,1,0.6667,3,0.9183,6.2682
从四,3,3,0.3333,2,1.585,2.0202
从基础,3,3,1.0,3,1.0,6.2682
从士兵突击开始的,3,3,0.3333,8,1.585,4.9766
从家族,3,3,0.3333,3,1.585,4.0458
从巨,3,3,0.5,2,1.0,1.7034
从平,3,3,1.0,2,1.0,2.7238
从忍,3,1,0.6667,2,0.9183,2.4608
从手搓,3,3,1.0,3,1.0,5.5312
从摸,3,1,0.6667,2,0.9183,4.2682
从新,3,3,0.5,2,1.585,2.0458
从晋,3,1,0.6667,2,0.9183,4.5312
从木叶开始,3,3,0.3333,5,1.585,6.0705
从武道,3,3,0.3333,3,1.585,2.5312
从武魂,3,3,0.3333,3,1.585,4.1527
从每日情报开始,3,3,0.0,7,-1.0,6.0705
从民,3,3,0.3333,2,1.585,2.1807
从水,3,3,0.3333,2,1.585,2.5312
从流,3,3,0.3333,2,1.585,1.6243
从火影开始的,3,3,0.3333,6,1.585,3.8391
从照顾,3,3,1.0,3,0.9183,6.2682
从破,3,3,1.0,2,1.0,2.1807
从笑,3,1,0.6667,2,0.9183,3.6832
从综艺,3,1,0.6667,3,0.9183,4.5312
从药,3,1,1.0,2,0.9183,2.8989
从西游,3,1,0.6667,3,0.9183,2.2985
从选,3,1,0.6667,2,0.9183,2.6052
从铁,3,3,1.0,2,0.9183,2.9951
从阿,3,1,0.6667,2,0.9183,3.2093
从零开始的,3,3,0.3333,5,1.585,4.1287
从霍格沃茨,3,1,0.6667,5,0.9183,2.2985
他们,3,3,1.0,2,1.0,5.8303
他做,3,1,0.6667,2,0.9183,5.5245
仗剑,3,3,0.5,2,1.0,8.6627
仙不是,3,3,0.5,3,1.0,2.3131
仙古,3,3,0.5,2,1.0,2.3501
仙子的,3,1,0.6667,3,0.9183,3.5981
仙武大,3,3,0.5,3,1.585,4.8799
代当,3,1,0.6667,2,0.9183,1.9468
以为,3,1,0.6667,2,0.9183,4.5189
以剑,3,1,0.6667,2,0.9183,4.3408
们都是,3,1,0.6667,3,0.9183,5.438
伙伴,3,3,0.5,2,1.0,13.9388
会开,3,1,0.6667,2,0.9183,1.8089
传统,3,3,0.3333,2,1.585,3.7995
但不,3,3,1.0,2,0.9183,4.8199
体坛,3,1,0.6667,2,0.9183,7.4153
你们的,3,3,0.5,3,1.0,3.2111
你别,3,1,0.6667,2,0.9183,3.8216
你却,3,3,0.3333,2,1.585,5.044
你去,3,3,0.3333,2,1.585,3.9445
你哭什么,3,3,0.3333,4,1.585,7.4363
你好,3,3,1.0,2,0.9183,2.7221
你拍,3,1,1.0,2,0.9183,5.2664
你真,3,1,1.0,2,0.9183,1.5598
你给,3,3,0.3333,2,1.585,4.4821
你说我,3,3,0.3333,3,1.585,4.0692
侠客,3,3,0.5,2,1.0,6.7916
俗世,3,3,0.5,2,1.0,4.5445
保护,3,3,0.5,2,1.0,9.8799
修仙游戏,3,1,0.6667,4,0.9183,3.2447
俺寻思,3,1,0.6667,3,0.9183,12.1315
倍返,3,1,0.6667,2,0.9183,10.8095
倒追,3,3,0.5,2,1.0,9.6534
做个好人,3,1,0.6667,4,0.9183,6.5084
做幕后黑手,3,3,1.0,5,0.9183,8.71
做神,3,1,0.6667,2,0.9183,1.7149
偷听,3,1,0.6667,2,0.9183,8.6049
偷看我,3,1,1.0,3,0.9183,5.0692
傀儡,3,1,0.6667,2,0.9183,13.9388
傻柱,3,1,1.0,2,0.9183,12.3945
元开始,3,1,0.6667,3,0.9183,1.8611
先知,3,3,0.3333,2,1.585,7.6534
先锋,3,3,0.5,2,1.0,8.6909
光影,3,3,0.5,2,1.585,3.3597
克斯,3,1,0.6667,2,0.9183,7.8799
全世界都,3,3,0.3333,4,1.585,7.749
全是大,3,1,0.6667,3,0.9183,3.8799
全民领主,3,3,1.0,4,-1.0,7.9388
全球进,3,1,0.6667,3,0.9183,5.6838
全知全能,3,3,0.5,4,1.0,8.0746
全职法师,3,3,0.0,4,-1.0,7.5126
全职高手,3,1,1.0,4,-1.0,8.3464
八十年代,3,3,0.5,4,1.0,7.5014
六年,3,3,0.3333,2,1.585,4.889
关于我,3,3,0.3333,3,1.585,5.0692
关系,3,3,0.5,2,1.585,6.0562
兵传,3,1,0.6667,2,0.9183,4.9114
兵到,3,3,0.3333,2,1.585,3.8147
兵开始,3,3,0.5,3,1.0,2.1163
养猫,3,3,0.3333,2,1.585,7.2866
再次,3,1,0.6667,2,0.9183,8.5465
军师,3,3,0.5,2,1.0,2.9077
冠军之,3,3,0.3333,3,1.585,3.719
决斗,3,1,0.6667,2,0.9183,7.1739
凤凰,3,3,0.5,2,1.0,10.3539
凭什么,3,3,1.0,3,0.9183,8.6627
出名,3,3,0.5,2,1.0,5.3939
击之,3,1,0.6667,2,0.9183,3.4295
分解,3,1,0.6667,2,0.9183,7.4658
到一个,3,1,0.6667,3,0.9183,3.4835
到三,3,1,0.6667,2,0.9183,2.5401
到十,3,1,0.6667,2,0.9183,3.4113
到巨星,3,3,0.3333,3,1.585,4.521
到战,3,1,0.6667,2,0.9183,2.447
到武,3,1,0.6667,2,0.9183,1.7465
到超,3,1,0.6667,2,0.9183,2.0274
到首席,3,1,0.6667,3,0.9183,7.1839
剑道独,3,1,0.6667,3,0.9183,7.9257
力了,3,1,0.6667,2,0.9183,2.43
力的我,3,3,0.3333,3,1.585,5.0692
功德,3,3,0.5,2,1.585,7.2019
加点升级,3,3,0.3333,4,1.585,8.2998
加点开始,3,1,0.6667,4,0.9183,3.3701
勇者,3,3,0.5,2,1.0,8.1466
化开始,3,3,0.3333,3,1.585,1.5627
十亿,3,3,0.5,2,1.0,6.3083
十倍,3,3,0.5,2,1.585,8.3589
十八年,3,3,1.0,3,1.0,7.2109
华夏,3,3,0.5,2,1.0,6.8121
协会,3,3,0.3333,2,1.585,8.9615
卡牌系统,3,3,0.3333,4,1.585,8.02
原著,3,3,1.0,2,0.9183,10.8233
去的,3,3,1.0,2,0.9183,1.8067
县城,3,3,0.5,2,1.585,9.71
又不,3,1,0.6667,2,0.9183,4.2349
友们,3,1,0.6667,2,0.9183,5.862
反派女,3,3,0.5,3,1.0,4.5021
反派的,3,3,0.3333,3,1.585,2.2542
发明家,3,3,0.3333,3,1.585,7.7942
发现我,3,1,1.0,3,0.9183,3.3323
变异,3,1,0.6667,2,0.9183,4.0105
变时,3,1,0.6667,2,0.9183,3.6964
古董,3,1,0.6667,2,0.9183,9.257
只想修仙,3,3,0.5,4,1.585,4.6563
只是个,3,1,0.6667,3,0.9183,5.437
只是想,3,1,0.6667,3,0.9183,6.295
同学,3,3,0.5,2,1.0,5.1091
名师,3,3,0.5,2,1.0,3.3426
听心声,3,1,0.6667,3,0.9183,10.0644
听说我,3,1,0.6667,3,0.9183,5.0692
启明,3,3,1.0,2,-1.0,4.4876
告诉我,3,1,0.6667,3,0.9183,4.6542
呼吸法开始,3,3,0.5,5,1.0,6.0705
和尚,3,3,0.5,2,1.0,9.8095
品修,3,1,0.6667,2,0.9183,4.0207
哥哥,3,3,1.0,2,1.0,7.5238
哥布林,3,3,0.5,3,1.0,10.9388
哥斯拉,3,3,0.5,3,1.585,10.9388
哪里,3,3,0.5,2,1.0,8.8514
哭了,3,3,0.3333,2,1.585,4.1363
喜剧,3,3,0.3333,2,1.585,7.7506
四合院开,3,1,0.6667,4,0.9183,2.5194
回到明朝当,3,3,0.3333,5,1.585,7.3253
回档,3,3,0.5,2,1.0,7.2315
团宠,3,3,0.5,2,1.0,8.7424
国产,3,3,0.5,2,1.0,5.8567
国士,3,1,0.6667,2,0.9183,3.2322
国崛起,3,3,0.3333,3,1.585,4.2717
国当,3,3,0.3333,2,1.585,1.5651
国舅,3,3,0.3333,2,1.585,6.2717
国风,3,1,0.6667,2,0.9183,3.3542
图谱,3,3,0.3333,2,1.585,8.8095
圆梦,3,1,0.6667,2,0.9183,8.3997
在仙武,3,3,0.5,3,1.585,5.5901
在修仙世界,3,3,0.5,5,1.0,5.8999
在大唐,3,1,0.6667,3,0.9183,3.0355
在异世,3,3,0.5,3,1.0,3.2682
在战锤,3,1,0.6667,3,0.9183,3.6832
在晚,3,3,0.3333,2,1.585,4.5026
在柯学世界,3,3,0.3333,5,1.585,7.0051
在洪武,3,3,0.5,3,1.585,5.5901
在洪荒,3,3,1.0,3,1.0,3.0982
在港综,3,3,0.5,3,1.0,3.5901
在游戏王,3,1,1.0,4,0.9183,6.2682
在综武,3,1,0.6667,3,0.9183,5.7827
在美利坚,3,1,0.6667,4,0.9183,3.7321
在阳,3,1,0.6667,2,0.9183,3.4608
在霍格沃茨,3,3,0.3333,5,1.585,3.0355
地成,3,1,0.6667,2,0.9183,2.0423
地球上,3,1,0.6667,3,0.9183,5.3804
地球第一,3,3,0.3333,4,1.585,6.5945
型上单啊,3,3,0.5,4,1.585,8.9239
型中,3,1,0.6667,2,0.9183,7.7976
城市,3,3,0.5,2,1.0,6.71
培育,3,1,0.6667,2,0.9183,12.0644
基地车,3,3,0.3333,3,1.585,10.295
大乘,3,1,0.6667,2,0.9183,5.295
大器晚成,3,3,0.5,4,1.585,6.295
大圆满,3,3,1.0,3,1.0,5.8799
大宗师,3,3,0.5,3,1.585,4.1795
大文豪,3,3,0.5,3,-1.0,3.125
大明当,3,1,0.6667,3,0.9183,2.5812
大明王,3,1,0.6667,3,0.9183,2.6763
大筒木,3,1,0.6667,3,0.9183,6.295
大闹,3,1,0.6667,2,0.9183,5.0726
大鳄,3,3,0.3333,2,1.585,5.8799
天启,3,1,0.6667,2,0.9183,3.4083
天命之,3,1,0.6667,3,0.9183,4.0816
天宫,3,1,0.6667,2,0.9183,3.3517
天机,3,3,0.5,2,1.0,1.9228
天罡地煞,3,3,1.0,4,-1.0,6.4671
太宗,3,3,0.5,2,1.0,4.6415
太快,3,1,0.6667,2,0.9183,5.0375
太想,3,1,0.6667,2,0.9183,2.9635
太正,3,3,0.3333,2,1.585,4.0759
太稳健了,3,3,0.5,4,1.585,6.7993
太过,3,1,0.6667,2,0.9183,4.2854
失联,3,1,0.6667,2,0.9183,7.784
头号黑粉,3,1,0.6667,4,0.9183,10.1059
夺舍了,3,1,0.6667,3,0.9183,6.7993
女们,3,1,0.6667,2,0.9183,3.3766
女友是大,3,1,0.6667,4,0.9183,4.558
奶爸的,3,3,0.3333,3,1.585,3.4912
好圣孙,3,3,0.3333,3,1.585,9.2246
好好,3,3,0.5,2,1.0,4.0953
好当,3,3,0.5,2,1.0,2.933
如何,3,3,0.3333,2,1.585,9.5408
妖孽人生,3,3,0.3333,4,1.585,6.3186
妖师,3,3,0.3333,2,1.585,2.2027
妖魔世界,3,1,0.6667,4,0.9183,5.7844
妻是,3,1,0.6667,2,0.9183,3.0533
婆的,3,1,0.6667,2,0.9183,1.775
婴儿开,3,1,1.0,3,0.9183,5.9788
子修,3,1,0.6667,2,0.9183,1.5468
子别,3,1,0.6667,2,0.9183,3.9433
子到,3,3,0.3333,2,1.585,1.8031
子啊,3,3,0.3333,2,1.585,2.9581
学徒到,3,3,0.3333,3,1.585,7.7689
学霸到,3,1,0.6667,3,0.9183,4.447
安静的,3,1,0.6667,3,0.9183,4.7136
宋时,3,3,0.3333,2,1.585,4.1929
完蛋,3,3,0.0,2,-1.0,10.1144
宗的,3,3,0.5,2,1.585,1.6547
官开始,3,3,0.3333,3,1.585,1.9412
宙斯,3,3,0.5,2,1.585,7.6658
宝藏女孩,3,3,0.5,4,1.0,9.8727
实力,3,3,0.5,2,1.0,5.7882
害了,3,1,0.6667,2,0.9183,5.0623
家后,3,1,0.6667,2,0.9183,2.0482
家小,3,3,0.3333,2,1.585,2.2706
宿主,3,3,0.5,2,-1.0,6.3539
寂寞,3,1,0.6667,2,0.9183,13.3539
小心,3,1,0.6667,2,0.9183,4.3067
小时,3,3,0.5,2,1.0,2.8917
小镇,3,3,0.3333,2,1.585,5.6604
小鲜肉,3,3,1.0,3,0.9183,8.8303
少女的,3,3,0.3333,3,1.585,3.1287
少林,3,3,0.5,2,1.0,7.599
就无敌,3,3,0.5,3,1.0,4.8249
就有,3,1,0.6667,2,0.9183,2.6212
山中,3,3,0.5,2,1.585,4.5021
崩坏,3,3,1.0,2,1.0,9.0644
工大,3,3,0.5,2,1.0,1.6131
巨龙,3,3,0.3333,2,1.585,3.9311
巫师不,3,3,0.5,3,1.0,3.2052
布局,3,3,0.5,2,1.0,5.414
师叔,3,3,0.5,2,1.0,4.9276
师尊,3,3,0.5,2,1.0,3.2902
带刀,3,3,0.3333,2,1.585,7.044
带娃,3,1,0.6667,2,0.9183,9.8095
幕后大佬,3,1,0.6667,4,0.9183,8.3539
年世家,3,1,0.6667,3,0.9183,6.2109
年代了,3,1,0.6667,3,0.9183,2.6838
年才,3,3,0.3333,2,1.585,3.3529
幸福生活,3,1,0.6667,4,0.9183,9.0562
建了,3,1,0.6667,2,0.9183,3.8607
建筑,3,3,0.5,2,1.0,10.0002
开了外挂,3,3,0.3333,4,1.585,5.9788
开创,3,3,0.3333,2,1.585,2.8089
开始建立,3,3,0.3333,4,1.585,5.9788
开始打卡,3,3,0.3333,4,1.585,5.9788
开始横,3,3,0.5,3,1.585,2.9006
开始爆,3,3,0.3333,3,1.585,2.9831
开始纵横诸天,3,3,0.3333,6,1.585,5.9788
开始肉身成圣,3,3,0.3333,6,1.585,5.4856
开始肝经验,3,3,0.3333,5,1.585,5.7486
开始进,3,1,0.6667,3,0.9183,1.7851
开始重新做人,3,3,0.3333,6,1.585,5.9788
开宝箱,3,3,0.3333,3,1.585,5.9788
开局拜师,3,3,0.3333,4,1.585,5.9788
开局收,3,3,1.0,3,0.9183,4.9374
开局满级,3,3,0.3333,4,1.585,5.9374
开局相亲女,3,3,0.3333,5,1.585,5.9788
异游戏,3,1,0.6667,3,0.9183,3.1748
异能,3,3,0.3333,2,1.585,2.4501
弃妇,3,1,0.6667,2,0.9183,10.4794
弑神,3,3,0.3333,2,1.585,6.1906
弟子全是,3,1,0.6667,4,0.9183,7.0229
强却过分,3,1,0.6667,4,0.9183,8.9615
归来的哈利,3,3,0.3333,5,1.585,10.4794
当主,3,3,0.3333,2,1.585,1.6473
当传,3,3,0.3333,2,1.585,2.9891
当剑,3,1,0.6667,2,0.9183,2.3711
当大佬,3,1,0.6667,3,0.9183,4.0623
当太,3,1,0.6667,2,0.9183,2.4089
当女,3,3,0.3333,2,1.585,1.67
当妖,3,3,0.3333,2,1.585,2.7524
当导演,3,3,0.3333,3,1.585,4.8399
当教,3,1,0.6667,2,0.9183,3.0623
当海,3,1,0.6667,2,0.9183,2.7284
当舔狗,3,3,0.5,3,1.0,8.0623
当警察,3,3,0.3333,3,1.585,6.0623
当训练家,3,3,0.5,4,1.0,6.3253
形态,3,3,1.0,2,1.0,10.7424
很正常吧,3,3,0.3333,4,1.585,10.4794
得加钱,3,3,1.0,3,0.9183,9.7424
御医,3,3,0.5,2,-1.0,5.2395
心修仙,3,1,0.6667,3,0.9183,4.2757
忍术,3,1,0.6667,2,0.9183,5.8095
忍界开,3,1,0.6667,3,0.9183,3.3939
志异,3,3,0.3333,2,1.585,5.6139
忠诚,3,3,0.5,2,1.0,13.1315
快递,3,3,1.0,2,1.0,10.2759
怎么全,3,3,1.0,3,0.9183,4.0487
怎么都,3,3,1.0,3,0.9183,4.4513
怒火,3,3,0.5,2,1.585,7.4973
怪盗,3,3,1.0,2,1.0,6.9026
恋爱日常,3,3,0.3333,4,1.585,7.3945
恋爱游戏,3,3,0.3333,4,1.585,5.2549
恋爱脑,3,3,1.0,3,1.0,8.307
恒星,3,3,1.0,2,0.9183,6.2019
恶人,3,3,0.5,2,1.0,2.5698
恶龙,3,3,0.5,2,-1.0,4.5573
悄悄,3,3,1.0,2,0.9183,12.3539
悠然,3,3,0.5,2,1.0,7.7589
悠闲人,3,1,0.6667,3,0.9183,3.9234
惊悚游戏,3,3,1.0,4,1.0,8.3842
想当影帝,3,3,0.3333,4,1.585,7.307
想杀,3,1,0.6667,2,0.9183,4.2711
想被,3,3,0.3333,2,1.585,3.307
愿望,3,3,0.5,2,1.0,10.7164
戏不,3,1,0.6667,2,0.9183,1.5438
戏太,3,1,0.6667,2,0.9183,3.0093
成为人,3,1,0.6667,3,0.9183,2.6671
成为传说,3,3,0.3333,4,1.585,7.3881
成了一,3,1,0.6667,3,0.9183,2.3751
成了魔,3,3,0.3333,3,1.585,3.2714
我不可能是,3,3,0.5,5,1.585,4.6542
我为王,3,3,0.5,3,-1.0,2.7473
我举世,3,1,1.0,3,0.9183,5.0692
我于,3,1,0.6667,2,0.9183,1.8468
我以武道,3,3,0.3333,4,1.585,5.0692
我体内有,3,3,0.3333,4,1.585,5.0692
我修炼,3,3,0.3333,3,1.585,2.6542
我全家都,3,1,0.6667,4,0.9183,5.0692
我写,3,3,1.0,2,1.0,2.1948
我变成了,3,3,0.3333,4,1.585,5.0692
我只想安静地,3,3,0.3333,6,1.585,5.0692
我可不是,3,3,0.3333,4,1.585,5.0692
我同时穿越,3,1,1.0,5,0.9183,2.6542
我在末,3,3,0.3333,3,1.585,3.2434
我在火影,3,3,0.3333,4,1.585,3.5329
我在现代,3,1,0.6667,4,0.9183,5.0692
我在美国,3,3,0.3333,4,1.585,4.6542
我在美漫,3,3,0.3333,4,1.585,4.0692
我抢,3,1,0.6667,2,0.9183,4.0692
我是一,3,3,1.0,3,1.0,2.4107
我是传奇,3,1,1.0,4,-1.0,4.6542
我是神,3,3,0.5,3,1.0,1.8687
我有一个异世界,3,3,0.0,7,-1.0,5.0692
我有一卷,3,3,0.3333,4,1.585,5.0692
我有一枚,3,3,0.3333,4,1.585,5.0692
我每,3,1,0.6667,2,0.9183,1.6542
我没想,3,3,0.3333,3,1.585,2.4063
我的专属,3,3,0.3333,4,1.585,5.0692
我的前世,3,3,0.3333,4,1.585,5.0692
我的夫,3,1,0.6667,3,0.9183,3.4295
我的年代,3,3,0.5,4,-1.0,3.457
我的忍,3,1,0.6667,3,0.9183,3.7651
我的文艺,3,1,0.6667,4,0.9183,4.0692
我的梦,3,1,0.6667,3,0.9183,3.2033
我的武功,3,3,0.3333,4,1.585,5.0692
我的物品能,3,1,0.6667,5,0.9183,5.0692
我的美女,3,3,0.3333,4,1.585,5.0692
我的身体有,3,3,0.5,5,1.585,5.0692
我的重返,3,3,1.0,4,0.9183,5.0692
我真得,3,1,0.6667,3,0.9183,5.0692
我真的不想,3,3,0.3333,5,1.585,5.0692
我能听到,3,3,0.3333,4,1.585,5.0692
我能回,3,1,0.6667,3,0.9183,4.8083
我能提取,3,3,0.3333,4,1.585,4.6542
我能进入,3,3,0.3333,4,1.585,5.0692
我被迫成,3,1,1.0,4,0.9183,4.3323
我要当,3,3,1.0,3,1.0,4.6542
我觉醒,3,1,0.6667,3,0.9183,2.3323
我都成,3,3,0.3333,3,1.585,3.8468
战场捡,3,1,0.6667,3,0.9183,8.2019
战士,3,3,0.3333,2,1.585,3.9924
战记,3,3,0.3333,2,1.585,3.8443
扇门,3,1,0.6667,2,0.9183,8.2759
手机,3,3,0.5,2,1.0,4.1657
才不要,3,1,0.6667,3,0.9183,7.6214
才子,3,3,0.3333,2,1.585,3.1151
打下,3,1,1.0,2,0.9183,3.8553
打野啊,3,1,0.6667,3,0.9183,9.3389
承包,3,1,0.6667,2,0.9183,9.257
抗日,3,1,0.6667,2,0.9183,6.1401
报国,3,1,1.0,2,0.9183,4.5347
报警,3,3,1.0,2,0.9183,7.0319
拉满,3,3,0.5,2,1.0,7.1509
拜入,3,3,0.3333,2,1.585,6.9615
拥有,3,3,0.3333,2,1.585,7.8044
振兴,3,3,0.3333,2,1.585,11.295
捉妖,3,3,0.5,2,1.0,8.307
捡了,3,1,0.6667,2,0.9183,3.5263
捡漏,3,3,0.5,2,1.585,10.6658
推演,3,3,0.5,2,1.0,7.1358
提前登陆,3,3,0.3333,4,1.585,10.6169
摄影,3,3,0.3333,2,1.585,6.3433
摄政,3,1,0.6667,2,0.9183,11.4794
摆摊,3,3,1.0,2,0.9183,10.0644
操控,3,3,1.0,2,1.0,8.9128
支教,3,3,0.5,2,1.0,7.1315
改变,3,1,0.6667,2,0.9183,6.8981
放纵,3,1,0.6667,2,0.9183,10.0319
救命,3,3,1.0,2,1.0,6.1358
敕封,3,3,0.5,2,1.585,10.8514
教书,3,3,0.5,2,1.585,4.9388
教皇,3,3,0.5,2,1.0,4.1186
数据化,3,1,0.6667,3,0.9183,8.431
文化入侵,3,3,1.0,4,1.0,9.0685
文艺人生,3,1,1.0,4,-1.0,6.3186
文艺生活,3,3,0.5,4,-1.0,7.9407
斗罗之我的,3,1,0.6667,5,0.9183,4.9766
方知,3,1,0.6667,2,0.9183,7.1091
旅行家,3,3,0.3333,3,1.585,6.5718
族长,3,3,0.5,2,1.0,3.3567
无罪,3,3,1.0,2,1.0,5.8567
无耻,3,3,1.0,2,1.0,7.8567
无边,3,1,0.6667,2,0.9183,5.2717
无限世界,3,3,0.5,4,1.0,2.885
无限升级,3,3,0.3333,4,1.585,6.4003
无限强化,3,3,0.3333,4,1.585,7.8567
无限恐怖,3,1,1.0,4,-1.0,7.4644
无限模拟,3,1,0.6667,4,0.9183,5.0412
时光之,3,3,1.0,3,1.0,4.889
时空穿,3,1,0.6667,3,0.9183,5.8741
明明超,3,1,0.6667,3,0.9183,6.7823
明星们,3,1,0.6667,3,0.9183,5.4712
明星老,3,1,0.6667,3,0.9183,4.7708
昏君,3,3,0.5,2,-1.0,9.0933
星传,3,1,0.6667,2,0.9183,2.8656
星卡师,3,3,0.3333,3,1.585,6.2019
星河之,3,3,0.3333,3,1.585,4.719
星海,3,3,0.5,2,1.0,2.6049
星际之,3,3,0.3333,3,1.585,3.4295
星际战,3,1,0.6667,3,0.9183,5.7424
春归,3,3,0.3333,2,1.585,6.6079
是一个,3,1,0.6667,3,0.9183,2.3225
是吗,3,3,0.3333,2,1.585,3.7499
是地,3,1,0.6667,2,0.9183,1.6772
是天后,3,3,1.0,3,1.0,4.701
是康熙,3,1,0.6667,3,0.9183,5.8005
是怪,3,1,0.6667,2,0.9183,2.6306
是文,3,1,0.6667,2,0.9183,1.7375
是禁,3,3,0.3333,2,1.585,4.1485
是这么,3,3,0.3333,3,1.585,5.286
是这样子的,3,1,0.6667,5,0.9183,5.7136
是邪,3,1,0.6667,2,0.9183,3.3225
暗黑,3,3,0.5,2,1.0,6.437
最强剑,3,3,0.3333,3,1.585,4.2253
最狠,3,1,0.6667,2,0.9183,6.4938
有亿,3,1,0.6667,2,0.9183,4.5314
有兴趣,3,1,0.6667,3,0.9183,7.3894
有妖,3,1,0.6667,2,0.9183,2.4945
有救,3,1,0.6667,2,0.9183,4.0674
有点怪,3,3,0.3333,3,1.585,7.0871
朕的,3,3,0.3333,2,1.585,2.775
木匠,3,1,0.6667,2,0.9183,7.5754
术士的,3,3,0.5,3,1.0,3.8391
机缘,3,3,0.5,2,1.0,6.8095
杀猪,3,1,0.6667,2,0.9183,8.7857
杂役,3,3,0.3333,2,1.585,11.5465
权柄,3,3,0.5,2,-1.0,11.8514
权游,3,3,1.0,2,0.9183,5.4195
李世民,3,3,0.3333,3,1.585,10.2664
柯南之我,3,3,0.3333,4,1.585,3.8468
校开始,3,3,0.3333,3,1.585,3.2125
格斗,3,3,0.5,2,1.0,4.004
概念,3,1,1.0,2,0.9183,12.7689
横扫,3,3,0.5,2,1.0,10.0319
横推武道,3,3,0.0,4,-1.0,7.6488
欢迎来到,3,3,0.5,4,1.585,8.1839
歌坛,3,3,0.3333,2,1.585,8.5465
歌王,3,3,0.5,2,-1.0,5.3501
正在,3,3,0.3333,2,1.585,2.3806
正常的,3,1,0.6667,3,0.9183,3.1287
武侠之,3,3,0.3333,3,1.585,3.1341
武大郎,3,1,0.6667,3,0.9183,7.9165
武夫,3,3,0.3333,2,1.585,3.7735
武极,3,3,0.3333,2,1.585,3.5241
武道世界,3,3,0.5,4,1.0,4.1629
死如,3,1,0.6667,2,0.9183,6.2723
每天一,3,3,0.3333,3,1.585,5.7326
水群,3,1,0.6667,2,0.9183,6.3439
永不,3,3,0.5,2,1.585,4.2963
求求,3,1,0.6667,2,0.9183,6.2944
汉末,3,3,0.5,2,1.0,5.4026
江山美,3,1,0.6667,3,0.9183,6.3766
没上,3,3,0.3333,2,1.585,3.5263
没有格局,3,1,0.6667,4,0.9183,8.1509
法典,3,3,0.3333,2,1.585,6.3501
法无,3,1,0.6667,2,0.9183,2.0753
活人,3,3,1.0,2,1.0,1.5698
活在,3,3,0.3333,2,1.585,2.0665
流量,3,3,0.5,2,1.585,8.125
浪潮,3,3,0.5,2,1.585,9.3639
深空之,3,3,0.3333,3,1.585,5.889
混元,3,3,0.3333,2,1.585,6.185
混子,3,3,0.3333,2,1.585,4.4287
渔猎,3,3,0.3333,2,1.585,7.5945
港综世界,3,3,0.5,4,1.0,4.4849
港综从,3,3,0.3333,3,1.585,2.8531
游之一,3,1,0.6667,3,0.9183,3.4107
游之大,3,1,0.6667,3,0.9183,2.558
游戏制作,3,3,1.0,4,0.9183,7.2143
游戏成真,3,1,1.0,4,0.9183,6.1363
满唐,3,3,0.3333,2,1.585,4.9934
漩涡,3,1,0.6667,2,0.9183,13.9388
火爆,3,3,0.5,2,1.0,5.2172
火球,3,3,0.5,2,1.585,3.2712
火龙,3,3,0.3333,2,1.585,2.8617
灭了,3,3,1.0,2,1.0,3.3398
炸了,3,3,0.3333,2,1.585,5.3842
点强,3,3,0.3333,2,1.585,4.1542
点点,3,1,0.6667,2,0.9183,4.7391
炼气,3,3,0.5,2,1.585,6.046
烬之,3,3,0.3333,2,1.585,5.304
爆星,3,3,1.0,2,1.0,4.4363
爱上我,3,3,0.3333,3,1.585,5.0692
爱好,3,3,0.5,2,1.0,4.7872
爷开始,3,1,0.6667,3,0.9183,3.0261
爸爸,3,3,1.0,2,1.0,8.3539
片开始,3,1,0.6667,3,0.9183,3.3701
特摄,3,3,1.0,2,0.9183,8.3919
特效,3,3,0.5,2,1.0,9.044
狂魔,3,1,0.6667,2,0.9183,4.2714
狐狸,3,3,0.5,2,1.0,11.5238
狗官,3,3,1.0,2,1.0,7.307
独断,3,1,0.6667,2,0.9183,8.779
独步,3,3,0.5,2,-1.0,8.0685
独自,3,3,1.0,2,0.9183,5.7954
猎杀,3,3,0.5,2,1.0,5.5707
王国,3,3,0.5,2,1.0,1.6603
玩转,3,3,0.5,2,1.0,6.3426
球啊,3,1,0.6667,2,0.9183,3.8904
球游戏,3,1,0.6667,3,0.9183,3.3508
理人,3,1,0.6667,2,0.9183,3.0933
璀璨,3,3,0.3333,2,1.585,14.3539
生东京,3,1,0.6667,3,0.9183,1.9494
生种,3,3,0.3333,2,1.585,1.9036
甲子,3,3,0.3333,2,1.585,5.3101
电竞,3,1,1.0,2,0.9183,9.7424
画风,3,3,0.5,2,1.585,6.629
界中,3,3,0.3333,2,1.585,2.4789
界之旅,3,1,0.6667,3,0.9183,4.7457
界做,3,1,0.6667,2,0.9183,2.27
界只有,3,1,0.6667,3,0.9183,4.8388
界归来,3,3,1.0,3,1.0,4.1019
界生活,3,1,0.6667,3,0.9183,2.8631
留过学,3,1,0.6667,3,0.9183,8.6534
疯子,3,3,0.3333,2,1.585,4.6511
登神,3,1,1.0,2,-1.0,3.5468
百亿,3,3,0.5,2,1.585,6.7832
百鬼,3,1,0.6667,2,0.9183,5.6869
的假,3,3,0.3333,2,1.585,2.775
的副,3,1,0.6667,2,0.9183,3.2111
的地球,3,1,0.6667,3,0.9183,2.5981
的外,3,3,0.3333,2,1.585,2.0506
的学霸,3,3,0.5,3,1.0,1.9766
的影帝,3,3,0.5,3,1.0,2.1693
的御,3,1,0.6667,2,0.9183,1.8723
的恶,3,3,0.3333,2,1.585,1.775
的情报,3,1,0.6667,3,0.9183,3.2986
的我只好,3,3,0.3333,4,1.585,5.2986
的我只能去,3,3,0.3333,5,1.585,5.7136
的我怎么,3,1,0.6667,4,0.9183,3.7136
的我爆红了,3,3,0.3333,5,1.585,5.2986
的我终,3,1,0.6667,3,0.9183,5.2986
的我被迫,3,1,0.6667,4,0.9183,4.9766
的文艺时代,3,1,0.6667,5,0.9183,5.2986
的日常生活,3,3,0.3333,5,1.585,5.7136
的替身,3,3,0.5,3,1.0,5.2986
的末世,3,1,0.6667,3,0.9183,1.8067
的死神,3,3,0.3333,3,1.585,2.775
的火影忍者,3,3,0.3333,5,1.585,5.7136
的精,3,1,0.6667,2,0.9183,1.5707
的艺人,3,1,0.6667,3,0.9183,4.1287
的词条,3,3,0.3333,3,1.585,3.2986
的邪,3,1,0.6667,2,0.9183,2.0132
的魔法师,3,3,0.3333,4,1.585,4.9766
监国,3,3,1.0,2,0.9183,5.2717
直接,3,1,0.6667,2,0.9183,7.9165
相信,3,1,0.6667,2,0.9183,7.6909
相师,3,1,0.6667,2,0.9183,3.8496
真是太,3,3,0.3333,3,1.585,5.6415
真要,3,1,0.6667,2,0.9183,3.3435
眼中的火影世界,3,3,0.3333,7,1.585,7.1607
着一,3,1,0.6667,2,0.9183,3.6452
知是,3,1,0.6667,2,0.9183,3.3225
知青,3,1,0.6667,2,0.9183,6.457
祖了,3,1,0.6667,2,0.9183,2.6563
神之我,3,1,0.6667,3,0.9183,2.7473
神奇,3,3,1.0,2,1.0,2.2599
神竟是我自己,3,3,0.3333,6,1.585,5.0207
神纹,3,3,0.3333,2,1.585,6.1906
神经,3,1,0.6667,2,0.9183,2.2837
神话纪元,3,3,1.0,4,-1.0,6.6057
神降临,3,3,0.3333,3,1.585,3.3833
禁区之,3,3,0.3333,3,1.585,5.889
福运,3,3,0.5,2,1.0,7.2315
科学的,3,1,0.6667,3,0.9183,2.5981
科幻,3,3,0.5,2,1.585,5.398
科技大,3,1,0.6667,3,0.9183,2.047
科技系统,3,1,0.6667,4,0.9183,4.772
秘之,3,1,0.6667,2,0.9183,2.4295
第一人,3,3,0.3333,3,1.585,1.8645
第一深情,3,3,0.3333,4,1.585,8.973
第一狠人,3,3,0.3333,4,1.585,6.5084
第一玩家,3,3,0.5,4,-1.0,5.5401
第二,3,3,0.5,2,1.0,4.9623
粉碎星球,3,3,0.3333,4,1.585,8.9054
系巨星,3,3,0.3333,3,1.585,4.8083
系统什么鬼,3,3,0.3333,5,1.585,6.0814
系统才来,3,3,1.0,4,0.9183,7.283
红温,3,1,1.0,2,0.9183,7.7993
红色,3,3,1.0,2,1.0,6.2143
红警,3,1,0.6667,2,0.9183,5.3842
红龙,3,3,0.3333,2,1.585,3.5263
级学霸,3,1,0.6667,3,0.9183,4.784
级工,3,1,0.6667,2,0.9183,3.8391
级玩家,3,1,0.6667,3,0.9183,4.351
纪事,3,3,0.3333,2,1.585,6.4179
纲手,3,3,0.5,2,1.585,8.295
练级,3,3,0.5,2,1.0,4.0398
终于,3,3,0.5,2,1.585,7.7164
终成,3,1,0.6667,2,0.9183,3.973
经纪,3,1,0.6667,2,0.9183,6.369
绑架,3,1,1.0,2,0.9183,12.2019
给你,3,3,0.5,2,1.0,4.4821
维度魔神,3,3,0.5,4,1.0,6.6057
绿茵,3,3,0.3333,2,1.585,12.2019
网游之神,3,1,0.6667,4,0.9183,3.3833
美剧,3,3,0.5,2,1.0,4.8323
美少女,3,3,0.3333,3,1.585,5.7916
美漫之,3,1,0.6667,3,0.9183,2.1885
美漫大,3,3,0.3333,3,1.585,2.1795
老祖宗,3,3,0.3333,3,1.585,7.194
而已,3,3,0.3333,2,1.585,10.9388
职业面板,3,1,0.6667,4,0.9183,7.599
职艺术家,3,1,0.6667,4,0.9183,7.7942
能修,3,3,0.3333,2,1.585,1.6484
能处,3,3,0.3333,2,1.585,5.8522
能点,3,1,1.0,2,0.9183,3.2673
能量,3,1,0.6667,2,0.9183,6.4897
脱下,3,1,0.6667,2,0.9183,7.3945
致命,3,3,0.5,2,1.0,7.9983
良医,3,3,0.3333,2,1.585,6.0219
艾尔登,3,1,1.0,3,0.9183,11.295
花宝,3,1,0.6667,2,0.9183,6.1358
荒岛,3,3,0.5,2,1.585,6.0037
药了,3,3,1.0,2,0.9183,3.43
药铺,3,1,0.6667,2,0.9183,9.9846
莽荒,3,1,1.0,2,0.9183,7.8781
落网,3,1,1.0,2,0.9183,6.4924
蓝银草,3,3,1.0,3,1.0,11.6169
虚空,3,1,0.6667,2,0.9183,7.6941
行天下,3,3,0.3333,3,1.585,5.0289
被全,3,1,0.6667,2,0.9183,3.0365
被唐,3,1,0.6667,2,0.9183,3.771
被曝光了,3,1,0.6667,4,0.9183,6.3842
被迫成为,3,3,0.5,4,1.585,8.1038
装备栏,3,1,0.6667,3,0.9183,10.7294
西游开,3,1,0.6667,3,0.9183,2.0092
观众,3,3,0.5,2,1.0,9.2998
警事,3,3,0.3333,2,1.585,6.0808
让你做游戏,3,3,0.0,5,-1.0,8.0623
训练师,3,3,0.3333,3,1.585,5.2902
记忆,3,3,0.5,2,1.0,9.1662
说你,3,3,0.5,2,1.0,2.8514
请叫我,3,3,0.3333,3,1.585,5.0692
请陛下称,3,1,0.6667,4,0.9183,10.2664
谁把,3,3,0.3333,2,1.585,6.7164
谁教你这,3,1,0.6667,4,0.9183,7.9445
谁说我,3,3,0.3333,3,1.585,4.3323
谁谈恋爱啊,3,1,0.6667,5,0.9183,9.3389
调查员,3,3,0.3333,3,1.585,10.0319
走出的强者,3,1,0.6667,5,0.9183,8.8835
起家,3,1,0.6667,2,0.9183,3.0753
超凡世界,3,3,0.5,4,1.0,5.0925
超凡大,3,3,0.3333,3,1.585,3.4876
超品,3,3,0.3333,2,1.585,4.2905
超市,3,3,0.5,2,1.0,4.4604
超有,3,3,0.3333,2,1.585,1.6479
跑出,3,3,0.5,2,1.0,7.6893
身份被,3,1,0.6667,3,0.9183,7.629
运之,3,1,0.6667,2,0.9183,2.641
还好我,3,1,0.6667,3,0.9183,4.3323
还是,3,3,0.5,2,1.0,2.9355
这个世界,3,3,0.5,4,1.585,2.4736
这个中,3,1,1.0,3,0.9183,4.2458
这个主,3,3,0.3333,3,1.585,2.5126
这个导演,3,3,0.3333,4,1.585,5.7052
这个影帝,3,1,0.6667,4,0.9183,5.3833
这个文,3,1,0.6667,3,0.9183,3.6422
这个武圣,3,3,0.3333,4,1.585,6.2646
这个男人太,3,3,0.3333,5,1.585,7.9445
这个皇,3,1,0.6667,3,0.9183,3.6924
这个选手,3,3,0.3333,4,1.585,6.7052
这主播,3,1,0.6667,3,0.9183,5.2815
这位,3,3,0.3333,2,1.585,4.485
这只,3,3,1.0,2,1.0,2.485
这是我,3,1,0.6667,3,0.9183,3.8468
这顶流,3,3,1.0,3,1.0,4.7221
迹之,3,1,0.6667,2,0.9183,3.719
追求,3,3,0.5,2,1.0,7.7391
逆天啊,3,3,0.3333,3,1.585,7.1165
逆袭系统来了,3,3,0.5,6,1.585,6.7993
通古,3,1,0.6667,2,0.9183,5.7334
造化之,3,3,0.3333,3,1.585,5.304
逮捕,3,3,0.5,2,1.585,11.8233
遍地,3,3,0.5,2,1.0,8.0081
道证,3,1,0.6667,2,0.9183,4.9118
道长别,3,1,0.6667,3,0.9183,7.2338
那就,3,3,1.0,2,1.0,5.2637
邪修,3,3,0.5,2,1.585,4.2272
邪恶,3,1,0.6667,2,0.9183,6.7148
邪魔,3,3,1.0,2,0.9183,4.3436
都别,3,3,0.5,2,1.585,4.7192
都是真,3,1,0.6667,3,0.9183,4.8924
酒剑,3,1,1.0,2,0.9183,6.2477
醉枕,3,3,0.3333,2,1.585,12.2019
里的大,3,3,0.3333,3,1.585,2.8355
重启人生,3,3,1.0,4,-1.0,6.3186
重生之实业,3,1,0.6667,5,0.9183,7.1477
重生之最强,3,3,0.3333,5,1.585,4.9165
重生之神级,3,3,0.3333,5,1.585,6.0808
重生小,3,3,0.3333,3,1.585,2.0316
重生过去,3,1,0.6667,4,0.9183,5.3327
金丹,3,3,0.5,2,1.0,6.7391
钢铁侠,3,3,0.3333,3,1.585,8.0871
长河,3,3,0.5,2,1.585,4.6197
长生武道,3,3,0.0,4,-1.0,5.2477
长生路,3,1,0.6667,3,0.9183,4.2842
闺蜜,3,3,0.3333,2,1.585,11.8233
阎王,3,1,0.6667,2,0.9183,7.1575
队友,3,3,0.5,2,1.585,7.6396
阳间,3,1,1.0,2,0.9183,5.9516
阴影,3,1,0.6667,2,0.9183,5.4808
阿斯,3,3,0.5,2,1.0,7.8799
限制级,3,3,0.3333,3,1.585,7.521
陪练,3,3,0.5,2,1.0,9.4577
随机,3,3,0.5,2,1.0,7.0022
随身带个,3,3,0.3333,4,1.585,7.0219
隐秘,3,3,0.3333,2,1.585,7.7424
零后,3,1,0.6667,2,0.9183,5.4924
霍格沃茨开,3,1,0.6667,5,0.9183,2.0092
霸天下,3,1,0.6667,3,0.9183,5.3971
青城,3,1,0.6667,2,0.9183,6.2506
非常,3,1,0.6667,2,0.9183,6.2488
韩娱之,3,3,0.3333,3,1.585,6.304
顶流了,3,3,0.3333,3,1.585,3.5769
飞行,3,3,0.3333,2,1.585,5.6419
餐厅,3,3,0.5,2,1.0,13.2019
骷髅兵,3,3,0.5,3,1.0,8.5696
魔教教主,3,1,0.6667,4,0.9183,7.629
鹰犬,3,1,0.6667,2,0.9183,11.9388
黄金时代,3,3,0.5,4,1.585,7.2246
黑魔,3,1,0.6667,2,0.9183,3.186
龙皇,3,3,0.5,2,1.0,3.2607
一个修仙,2,2,0.5,4,1.0,3.5139
一个星,2,2,0.5,3,1.0,2.6534
一个武道,2,2,0.5,4,1.0,5.3315
一个魔,2,2,0.5,3,1.0,2.7586
一人之下的,2,2,0.5,5,-1.0,2.3213
一六,2,2,0.5,2,1.0,3.2408
一切从,2,2,0.5,3,-1.0,4.4608
一剑斩,2,2,0.5,3,-1.0,7.1477
一句,2,2,0.5,2,-1.0,6.5627
一只猫,2,2,0.5,3,-1.0,7.1477
一号,2,2,0.5,2,-1.0,3.6882
一夕,2,2,0.5,2,-1.0,6.1477
一心修仙,2,2,0.0,4,-1.0,6.5627
一百年,2,2,0.5,3,-1.0,3.9777
一笑,2,2,0.5,2,-1.0,3.9777
一线,2,2,0.5,2,-1.0,3.5627
一群,2,2,0.5,2,1.0,2.2897
一面,2,2,0.5,2,1.0,2.0391
万古最强,2,2,0.5,4,-1.0,7.3315
万妖之祖,2,2,1.0,4,-1.0,8.447
万寿,2,2,1.0,2,1.0,7.862
万法道君,2,2,1.0,4,-1.0,8.447
万物信息,2,2,0.5,4,-1.0,8.447
万界武侠,2,2,0.5,4,-1.0,6.6293
丈夫,2,2,0.5,2,-1.0,8.6259
三十而立,2,2,0.0,4,-1.0,8.71
三千万,2,2,0.5,3,-1.0,5.9875
三国从救曹操,2,2,0.5,6,-1.0,8.71
三国演义,2,2,0.5,4,-1.0,8.4671
三眼,2,2,0.5,2,-1.0,5.4621
上下,2,2,0.5,2,1.0,2.3666
上台,2,2,1.0,2,1.0,6.0364
上大学,2,2,1.0,3,1.0,6.0364
上帝之,2,2,0.5,3,-1.0,6.304
上海,2,2,0.5,2,1.0,2.577
下围棋啊,2,2,0.5,4,-1.0,8.7539
不下去了,2,2,0.5,4,-1.0,6.7993
不为妃,2,2,0.5,3,-1.0,7.2349
不二,2,2,0.5,2,-1.0,2.2126
不会真有人觉得,2,2,0.5,7,-1.0,7.2349
不住了,2,2,0.5,3,-1.0,6.2143
不养,2,2,0.5,2,1.0,2.0852
不凡,2,2,0.5,2,-1.0,2.65
不削能玩,2,2,0.0,4,-1.0,7.2349
不务正业,2,2,0.5,4,-1.0,7.2349
不可名状的,2,2,0.5,5,-1.0,5.7136
不太冷,2,2,0.5,3,-1.0,7.2349
不对劲啊,2,2,0.5,4,-1.0,6.2514
不小心,2,2,0.5,3,1.0,6.65
不打,2,2,1.0,2,1.0,1.6958
不放纵能叫,2,2,0.5,5,-1.0,7.2349
不易,2,2,0.5,2,-1.0,4.328
不是文,2,2,0.5,3,1.0,3.7647
不是精,2,2,0.5,3,1.0,4.9071
不是龙,2,2,0.5,3,1.0,3.1921
不用,2,2,0.5,2,1.0,4.5345
不相信,2,2,0.5,3,1.0,6.65
不知道我,2,2,0.5,4,1.0,5.0692
不群,2,2,0.5,2,-1.0,2.3769
不该,2,2,0.5,2,1.0,4.5345
不配,2,2,0.5,2,-1.0,3.987
世之召唤,2,2,0.5,4,1.0,6.047
世书,2,2,0.5,2,-1.0,2.047
世界之旅,2,2,0.5,4,-1.0,4.8999
世界做,2,2,0.5,3,1.0,2.4242
世界大抽奖,2,2,0.5,5,-1.0,6.8999
世界大穿越,2,2,0.5,5,-1.0,6.685
世界开始当,2,2,0.5,5,1.0,5.1995
世界的武,2,2,0.5,4,1.0,3.707
业大亨,2,2,0.5,3,-1.0,6.4928
业巨头,2,2,0.5,3,-1.0,7.5923
业狂魔,2,2,0.5,3,-1.0,8.044
业者,2,2,0.5,2,-1.0,3.3444
东京文,2,2,0.5,3,-1.0,4.1143
两万,2,2,0.5,2,1.0,5.0547
两千年,2,2,0.5,3,-1.0,8.2109
个小,2,2,0.5,2,1.0,1.6504
个我同时穿越,2,2,0.5,6,-1.0,7.1739
个沙,2,2,0.5,2,1.0,5.9516
个综艺,2,2,0.5,3,1.0,5.437
个网,2,2,0.5,2,1.0,2.2511
个老,2,2,0.5,2,1.0,1.8885
个都,2,2,0.5,2,1.0,1.5691
个高武,2,2,0.5,3,1.0,4.2354
中奖一,2,2,0.5,3,1.0,6.1477
中走出的强者,2,2,0.5,6,-1.0,8.8835
临异世,2,2,0.5,3,-1.0,5.9445
临渊,2,2,0.5,2,-1.0,6.8741
临诸天,2,2,0.5,3,-1.0,3.9177
临门,2,2,0.5,2,-1.0,4.0185
丹开始,2,2,0.5,3,-1.0,3.3156
丹朱,2,2,1.0,2,-1.0,7.9109
为贵,2,2,0.5,2,-1.0,5.1403
为锋,2,2,0.5,2,-1.0,5.5929
主之路,2,2,0.5,3,-1.0,4.6909
主持人,2,2,0.5,3,1.0,5.5084
主神挂了,2,2,1.0,4,-1.0,6.7993
主饲养,2,2,0.5,3,1.0,6.9388
之亡灵,2,2,0.5,3,1.0,4.4967
之全民,2,2,0.5,3,1.0,3.2165
之内,2,2,0.5,2,1.0,2.6602
之刃,2,2,0.5,2,-1.0,4.9821
之剧,2,2,0.5,2,1.0,2.1747
之召唤猛将,2,2,0.5,5,-1.0,6.304
之商,2,2,0.5,2,1.0,1.8446
之大道,2,2,0.5,3,1.0,3.2165
之妖皇,2,2,0.5,3,1.0,5.304
之崛起,2,2,0.5,3,-1.0,2.1341
之平,2,2,0.5,2,1.0,2.1747
之幸福日常,2,2,0.5,5,-1.0,6.304
之开局一个,2,2,0.5,5,1.0,4.9821
之开局签到,2,2,0.5,5,1.0,4.304
之我只,2,2,0.5,3,1.0,1.6036
之我是传奇,2,2,0.5,5,-1.0,5.719
之我真不是,2,2,0.5,5,1.0,2.8446
之我要,2,2,0.5,3,1.0,3.0561
之文豪崛起,2,2,0.5,5,-1.0,6.304
之日月,2,2,0.5,3,1.0,5.719
之暗,2,2,0.5,2,1.0,2.6602
之最强大,2,2,0.5,4,1.0,3.3881
之死神,2,2,0.5,3,1.0,2.7804
之深渊,2,2,0.5,3,1.0,3.6036
之狐,2,2,0.5,2,-1.0,3.304
之狩,2,2,0.5,2,1.0,3.8446
之男,2,2,0.5,2,1.0,1.6036
之祸害,2,2,0.5,3,-1.0,5.719
之绝世,2,2,0.5,3,1.0,2.7804
之职业,2,2,1.0,3,1.0,2.1341
之胜者,2,2,0.5,3,1.0,5.719
之花,2,2,0.5,2,1.0,1.9821
之虚空,2,2,0.5,3,1.0,5.719
之财,2,2,0.5,2,1.0,2.6036
之问道,2,2,0.5,3,1.0,3.9821
之霍雨浩,2,2,0.5,4,1.0,4.9821
之黑暗,2,2,0.5,3,1.0,3.6036
乘龙,2,2,1.0,2,-1.0,6.9109
九二,2,2,0.5,2,1.0,4.707
九六,2,2,0.5,2,-1.0,5.8225
九重天,2,2,0.5,3,-1.0,5.8822
也太,2,2,0.5,2,1.0,4.7935
也能,2,2,0.5,2,1.0,4.1677
书里,2,2,0.5,2,1.0,4.8514
乱臣贼子,2,2,0.5,4,-1.0,7.973
乾隆,2,2,1.0,2,-1.0,11.2384
了一切,2,2,0.5,3,-1.0,4.9919
了一只,2,2,0.5,3,1.0,4.7993
了一座,2,2,0.5,3,1.0,4.3398
了救世,2,2,0.5,3,1.0,3.4773
了时间线,2,2,0.5,4,-1.0,5.7993
了最强,2,2,0.5,3,1.0,1.7769
了灭世,2,2,0.5,3,1.0,4.9919
了灭霸,2,2,0.5,3,1.0,6.7993
了百,2,2,0.5,2,1.0,1.9166
了神话,2,2,0.5,3,1.0,1.8924
了诡异,2,2,0.5,3,1.0,2.7549
了谁谈恋爱啊,2,2,0.5,6,-1.0,6.2143
了谁还打,2,2,0.5,4,1.0,6.7993
了过,2,2,0.5,2,1.0,1.7993
了魔皇,2,2,0.5,3,-1.0,6.7993
了魔门,2,2,0.5,3,1.0,5.2143
事就,2,2,0.5,2,1.0,4.3127
二十,2,2,0.5,2,1.0,4.5589
二郎,2,2,0.5,2,1.0,7.0096
云之,2,2,0.5,2,1.0,2.1747
互穿了,2,2,0.5,3,-1.0,6.7993
五代,2,2,0.5,2,-1.0,3.5945
五影,2,2,1.0,2,1.0,3.5739
五老,2,2,1.0,2,1.0,4.4246
京都,2,2,0.5,2,-1.0,3.6615
亲爱的,2,2,0.0,3,-1.0,5.7136
人体,2,2,0.5,2,1.0,1.9848
人到中年,2,2,0.0,4,-1.0,6.5084
人在吞噬,2,2,0.0,4,-1.0,5.5616
人在大唐,2,2,1.0,4,-1.0,4.8144
人在封神,2,2,0.0,4,-1.0,5.9095
人在异界,2,2,0.5,4,-1.0,3.701
人在洪,2,2,0.5,3,-1.0,4.4863
人在海贼,2,2,1.0,4,-1.0,4.4863
人在火影,2,2,0.0,4,-1.0,4.0291
人在秦时,2,2,0.0,4,-1.0,6.5084
人在美,2,2,0.5,3,-1.0,2.8067
人杀,2,2,1.0,2,1.0,1.5776
人深,2,2,0.5,2,1.0,2.1864
人生路,2,2,0.5,3,-1.0,4.1456
人的悠闲,2,2,0.5,4,1.0,4.3384
人竟是,2,2,0.5,3,1.0,3.5084
人类的,2,2,0.5,3,1.0,2.9063
人过于,2,2,0.5,3,1.0,4.1864
人间立,2,2,0.5,3,1.0,6.5084
亿年,2,2,0.5,2,-1.0,4.3529
什么年代了,2,2,0.0,5,-1.0,6.7993
什么意思,2,2,0.5,4,-1.0,9.5465
今天不上班,2,2,0.5,5,-1.0,11.4794
今来,2,2,0.5,2,1.0,5.1218
从一人之下开始,2,2,0.5,7,-1.0,6.2682
从一人开始,2,2,0.5,5,-1.0,5.1636
从三国开始,2,2,0.0,5,-1.0,5.6832
从下乡,2,2,0.5,3,-1.0,5.6832
从两界,2,2,0.5,3,-1.0,3.6832
从九龙夺嫡开始,2,2,0.0,7,-1.0,6.2682
从八,2,2,0.5,2,-1.0,1.8758
从养殖,2,2,0.5,3,-1.0,5.2682
从养生,2,2,1.0,3,1.0,4.5112
从冒,2,2,0.5,2,-1.0,3.0202
从决,2,2,0.5,2,-1.0,4.0982
从分手,2,2,0.5,3,-1.0,5.6832
从刷,2,2,0.5,2,-1.0,2.4608
从前,2,2,0.5,2,-1.0,1.6243
从加点开始,2,2,0.5,5,-1.0,5.6832
从北,2,2,0.5,2,1.0,1.5402
从升级,2,2,1.0,3,1.0,2.7446
从只狼归来的,2,2,0.5,6,-1.0,5.7136
从吞噬开始,2,2,1.0,5,-1.0,5.4856
从囚徒到,2,2,0.5,4,-1.0,6.2682
从大学,2,2,0.5,3,-1.0,3.8087
从天师,2,2,0.5,3,-1.0,3.5677
从婴儿开始,2,2,0.5,5,-1.0,6.2682
从封神,2,2,0.5,3,-1.0,2.8087
从山寨,2,2,0.5,3,-1.0,6.2682
从废,2,2,0.5,2,-1.0,3.0202
从当爷爷开始,2,2,0.0,6,-1.0,6.2682
从忍界开始,2,2,0.5,5,-1.0,6.2682
从恋综开始,2,2,1.0,5,-1.0,6.2682
从战场捡属性开,2,2,0.5,7,-1.0,5.9788
从战锤,2,2,0.5,3,-1.0,2.3613
从截胡,2,2,0.5,3,-1.0,5.2682
从打造,2,2,0.5,3,-1.0,2.5677
从折纸,2,2,0.5,3,-1.0,6.2682
从抽卡,2,2,0.5,3,-1.0,4.0982
从拉,2,2,1.0,2,1.0,2.5677
从挖,2,2,0.5,2,1.0,3.8087
从捡到,2,2,1.0,3,1.0,3.6832
从掌,2,2,0.5,2,-1.0,2.1389
从掠夺,2,2,1.0,3,1.0,5.2682
从摆,2,2,1.0,2,1.0,3.2682
从摸尸,2,2,0.5,3,-1.0,6.2682
从收,2,2,0.5,2,-1.0,2.3613
从改变,2,2,1.0,3,1.0,5.6832
从数据化,2,2,0.5,4,-1.0,5.6832
从斗罗开始的,2,2,0.5,6,-1.0,4.7136
从旁门,2,2,0.5,3,-1.0,4.9462
从晋西北,2,2,0.5,4,-1.0,6.2682
从杀手,2,2,0.5,3,-1.0,4.9462
从杀猪,2,2,0.5,3,-1.0,5.6832
从杂,2,2,0.5,2,-1.0,4.4608
从武馆,2,2,0.5,3,-1.0,5.2682
从死神,2,2,0.5,3,-1.0,2.7446
从洪荒,2,2,0.5,3,-1.0,1.7763
从海岛,2,2,1.0,3,1.0,4.9462
从港综开始,2,2,1.0,5,-1.0,5.1636
从游戏开始,2,2,0.5,5,-1.0,5.6832
从满,2,2,0.5,2,-1.0,1.5957
从火影开始做,2,2,0.5,6,-1.0,6.2682
从炼,2,2,1.0,2,1.0,1.7446
从独,2,2,0.5,2,-1.0,1.9828
从猎魔人,2,2,0.5,4,-1.0,4.0982
从献,2,2,0.5,2,1.0,3.9462
从笑傲开始,2,2,0.5,5,-1.0,6.2682
从精,2,2,0.5,2,-1.0,1.5402
从艺,2,2,0.5,2,1.0,1.6243
从药铺,2,2,0.5,3,-1.0,5.6832
从行星总督开始,2,2,0.0,7,-1.0,6.2682
从西游开始,2,2,0.5,5,-1.0,5.9006
从觉醒,2,2,1.0,3,1.0,2.9462
从迪迦,2,2,1.0,3,1.0,4.9462
从送,2,2,0.5,2,-1.0,3.8087
从选秀,2,2,0.5,3,-1.0,6.2682
从采,2,2,0.5,2,-1.0,5.2682
从金刚,2,2,0.5,3,-1.0,4.4608
从锁龙井开始,2,2,0.5,6,-1.0,6.2682
从长津湖开始,2,2,1.0,6,-1.0,6.2682
从长生开始,2,2,1.0,5,-1.0,5.9006
从阿兹卡班,2,2,0.5,5,-1.0,6.2682
从零开始打造,2,2,0.5,6,-1.0,6.2682
从雷欧,2,2,0.5,3,-1.0,6.2682
从霍格沃茨开始,2,2,0.5,7,-1.0,5.9006
从骷髅,2,2,0.5,3,-1.0,4.2682
从黑袍开始,2,2,0.5,5,-1.0,6.2682
他不,2,2,0.5,2,1.0,2.7114
他人,2,2,0.5,2,1.0,1.9848
他怎么,2,2,0.5,3,-1.0,5.5326
他来,2,2,0.5,2,-1.0,4.0577
他真,2,2,1.0,2,1.0,3.5387
仙人只想,2,2,0.5,4,-1.0,6.447
仙列传,2,2,0.5,3,-1.0,7.0319
仙吏,2,2,0.5,2,-1.0,6.447
仙庭,2,2,0.5,2,-1.0,3.2246
仙归来,2,2,0.5,3,1.0,3.3881
仙葫,2,2,1.0,2,-1.0,6.447
仙记,2,2,0.5,2,-1.0,1.6744
仙路,2,2,0.5,2,-1.0,1.7465
仙难,2,2,0.5,2,1.0,3.6396
代僵尸,2,2,0.5,3,1.0,6.2384
代练,2,2,0.5,2,1.0,3.1723
代艺术家,2,2,0.5,4,-1.0,6.2384
以符,2,2,1.0,2,1.0,7.447
们不,2,2,0.5,2,1.0,2.065
们真,2,2,0.5,2,1.0,2.8924
们逼我,2,2,0.5,3,1.0,5.0692
仰大,2,2,0.5,2,1.0,4.973
任务日志,2,2,0.5,4,-1.0,11.2384
伊塔,2,2,0.5,2,-1.0,10.295
伏地魔,2,2,1.0,3,1.0,8.044
众生,2,2,1.0,2,1.0,3.6182
会开始,2,2,0.5,3,-1.0,1.7307
会挂机,2,2,0.5,3,-1.0,8.3766
会穿越的道,2,2,0.5,5,-1.0,6.0638
传人在,2,2,0.5,3,1.0,3.7108
传奇人生,2,2,1.0,4,-1.0,5.2216
似水,2,2,0.5,2,1.0,8.447
位大,2,2,0.5,2,1.0,2.2506
位面交易,2,2,0.5,4,1.0,9.6909
低武世界,2,2,1.0,4,1.0,6.8999
低维,2,2,0.5,2,-1.0,8.5084
住口,2,2,1.0,2,-1.0,10.6169
住手,2,2,0.5,2,-1.0,6.3881
体坛之,2,2,0.5,3,-1.0,5.719
体术,2,2,0.5,2,1.0,5.0933
余晖,2,2,0.5,2,-1.0,11.8514
你不会,2,2,1.0,3,1.0,5.2664
你也不想,2,2,0.5,4,-1.0,7.2664
你人设崩了,2,2,1.0,5,-1.0,6.7993
你们修仙,2,2,1.0,4,-1.0,5.7118
你养,2,2,0.5,2,-1.0,2.7016
你听我解释,2,2,0.0,5,-1.0,7.8514
你告诉我,2,2,0.5,4,-1.0,5.0692
你咋,2,2,0.5,2,-1.0,6.2664
你塑造,2,2,1.0,3,1.0,7.8514
你就是,2,2,0.5,3,-1.0,3.8972
你带,2,2,1.0,2,1.0,3.459
你当律师,2,2,1.0,4,-1.0,7.5126
你搁这,2,2,0.5,3,-1.0,7.8514
你真是,2,2,0.5,3,-1.0,4.2075
你管这叫正,2,2,0.5,5,-1.0,6.6419
你还说,2,2,0.5,3,-1.0,7.2664
你钓,2,2,1.0,2,1.0,5.5294
佳人,2,2,0.5,2,-1.0,4.5084
使者,2,2,0.5,2,-1.0,5.5616
侠世界的,2,2,0.5,4,1.0,2.9063
侠世界里的,2,2,0.5,5,1.0,5.7136
侯门,2,2,0.5,2,-1.0,6.369
侵入,2,2,0.5,2,-1.0,6.3766
俄罗斯当寡头,2,2,0.5,6,-1.0,10.1059
保镖,2,2,0.5,2,-1.0,10.6169
信条,2,2,0.5,2,-1.0,7.2246
修仙小,2,2,0.5,3,1.0,2.6907
修仙就是这,2,2,0.5,5,-1.0,7.9276
修仙靠,2,2,0.5,3,-1.0,5.2143
修行笔记,2,2,0.5,4,-1.0,7.9276
修道人生,2,2,0.5,4,-1.0,6.3186
修道者,2,2,0.5,3,-1.0,7.0762
俺寻思这挺,2,2,0.5,5,-1.0,13.9388
倾天下,2,2,0.5,3,-1.0,7.9165
假成真,2,2,0.5,3,-1.0,8.0623
做到极致,2,2,0.5,4,-1.0,9.4631
做游戏是,2,2,0.5,4,1.0,5.0229
做男神,2,2,1.0,3,-1.0,6.0037
做皇帝,2,2,0.5,3,-1.0,5.6557
做神豪,2,2,0.5,3,-1.0,5.5562
做财阀,2,2,0.5,3,-1.0,7.6557
做起,2,2,0.5,2,-1.0,4.1593
做道,2,2,0.5,2,1.0,2.1731
偷听心声,2,2,0.5,4,-1.0,10.8944
偷看我日记,2,2,1.0,5,-1.0,9.5813
傀儡皇,2,2,0.5,3,1.0,8.5337
僧不想,2,2,0.5,3,1.0,8.6169
儒道,2,2,0.5,2,-1.0,6.0638
儿杨,2,2,0.5,2,1.0,8.8835
元真,2,2,0.5,2,1.0,2.8529
先生开始,2,2,0.5,4,-1.0,5.4856
光宝鉴,2,2,0.5,3,-1.0,8.4959
兔子,2,2,0.5,2,-1.0,7.973
入了,2,2,0.5,2,1.0,1.6293
入侵现,2,2,0.5,3,1.0,7.2664
入神话,2,2,0.5,3,1.0,4.862
全世界只有我,2,2,0.5,6,-1.0,5.0692
全人类,2,2,0.5,3,-1.0,5.539
全是病娇,2,2,0.5,4,-1.0,8.3464
全是真,2,2,0.5,3,1.0,5.0623
全民星,2,2,0.5,3,-1.0,4.8514
全民逃荒,2,2,0.0,4,-1.0,8.3464
全球流行,2,2,0.5,4,-1.0,8.3464
全球游戏,2,2,0.5,4,-1.0,4.2447
全球神祇,2,2,0.5,4,-1.0,8.3464
全球觉醒,2,2,0.0,4,-1.0,7.0623
全球诡异,2,2,0.0,4,-1.0,6.3398
全球进化,2,2,0.0,4,-1.0,6.1363
全职艺术家,2,2,1.0,5,-1.0,7.7614
全职高手之,2,2,0.5,5,-1.0,5.719
全联盟,2,2,0.5,3,-1.0,3.9201
全被,2,2,0.5,2,1.0,2.4515
全靠,2,2,1.0,2,1.0,4.7614
八一,2,2,0.5,2,1.0,2.7553
八八,2,2,1.0,2,1.0,6.1542
八百,2,2,0.5,2,1.0,5.6639
八零后,2,2,0.5,3,-1.0,7.0229
公务员,2,2,0.5,3,-1.0,10.1575
公子别,2,2,0.5,3,-1.0,8.1542
公敌,2,2,0.5,2,-1.0,4.9676
六迹之,2,2,0.5,3,-1.0,6.304
兰若,2,2,0.5,2,-1.0,10.1315
关注,2,2,0.5,2,1.0,10.9388
兵了,2,2,1.0,2,1.0,1.8451
兵团,2,2,0.5,2,-1.0,6.6627
典狱长,2,2,0.5,3,-1.0,8.164
养全,2,2,0.5,2,1.0,3.1966
养指南,2,2,0.5,3,-1.0,6.4671
养活,2,2,0.5,2,1.0,4.2655
养猪,2,2,0.5,2,1.0,7.9817
再也不,2,2,0.5,3,1.0,7.2349
再次伟大,2,2,0.5,4,-1.0,6.295
冒充,2,2,0.5,2,1.0,9.8835
写了,2,2,0.5,2,1.0,3.3398
写的,2,2,0.5,2,1.0,2.2542
军团,2,2,0.5,2,-1.0,6.4271
军校,2,2,1.0,2,1.0,5.891
军火商,2,2,0.5,3,1.0,9.4794
军途,2,2,1.0,2,-1.0,5.9941
军阀,2,2,0.5,2,-1.0,7.164
农民,2,2,0.5,2,-1.0,6.0569
冠王,2,2,0.5,2,-1.0,4.2033
冠盖,2,2,0.5,2,-1.0,9.3997
冥河,2,2,1.0,2,1.0,9.2246
净化,2,2,0.5,2,1.0,8.431
凛冬领主,2,2,1.0,4,-1.0,7.9388
凡人修仙,2,2,0.5,4,-1.0,6.3398
凤华,2,2,0.5,2,-1.0,5.9276
凯多,2,2,1.0,2,1.0,10.8095
出一个,2,2,0.5,3,1.0,4.2784
出击,2,2,0.5,2,-1.0,6.1044
出山,2,2,0.5,2,-1.0,3.8089
出手,2,2,1.0,2,1.0,3.335
出身,2,2,1.0,2,1.0,3.8773
击碎,2,2,0.5,2,-1.0,8.8944
刃里,2,2,0.5,2,-1.0,8.5294
分解大师,2,2,1.0,4,-1.0,7.5126
刑侦,2,2,0.5,2,-1.0,9.3539
刑官,2,2,0.5,2,-1.0,6.8095
刘备种,2,2,0.5,3,1.0,8.1315
则莱茵,2,2,0.5,3,1.0,11.4794
刚准备,2,2,0.5,3,-1.0,10.295
刚被,2,2,0.5,2,-1.0,5.4001
创建,2,2,0.5,2,1.0,7.6604
判官,2,2,0.5,2,-1.0,8.4876
别再,2,2,0.5,2,-1.0,7.5168
别回,2,2,0.5,2,1.0,4.4912
别怂,2,2,1.0,2,-1.0,9.7391
别急,2,2,1.0,2,-1.0,8.7391
别惹我,2,2,1.0,3,-1.0,4.0692
到八,2,2,0.5,2,1.0,3.7916
到十年,2,2,1.0,3,1.0,4.7916
到地,2,2,0.5,2,1.0,2.2532
到小,2,2,0.5,2,1.0,2.0754
到山,2,2,0.5,2,1.0,2.429
到工业,2,2,1.0,3,1.0,5.0965
到帝,2,2,0.5,2,1.0,1.5045
到影帝,2,2,0.5,3,-1.0,4.0547
到总,2,2,0.5,2,1.0,4.862
到战争之王,2,2,0.5,5,-1.0,8.1575
到文娱,2,2,0.5,3,1.0,4.429
到武林,2,2,0.5,3,1.0,6.014
到游戏,2,2,0.5,3,1.0,2.0444
到科,2,2,0.5,2,1.0,2.4157
到系,2,2,0.5,2,1.0,1.7163
到红,2,2,0.5,2,1.0,2.6293
到自己,2,2,0.5,3,1.0,4.7245
到账,2,2,0.5,2,-1.0,6.862
到超级,2,2,0.5,3,1.0,2.936
到隐,2,2,0.5,2,1.0,4.862
制作人,2,2,0.5,3,-1.0,4.3384
制大师,2,2,0.5,3,-1.0,5.981
制片,2,2,0.5,2,1.0,6.566
制造商,2,2,0.5,3,-1.0,9.4794
制霸,2,2,0.5,2,1.0,4.8401
刷满,2,2,1.0,2,1.0,6.459
刷经验,2,2,0.5,3,1.0,8.9615
前世成真,2,2,0.0,4,-1.0,8.0623
前女友们,2,2,0.5,4,1.0,8.7689
剑主,2,2,0.5,2,-1.0,1.6627
剑道独尊,2,2,0.0,4,-1.0,8.6627
剑问,2,2,1.0,2,1.0,4.2364
剑魂,2,2,0.5,2,1.0,3.9903
剧开始,2,2,0.5,3,-1.0,2.3563
剧里的,2,2,0.5,3,1.0,5.7136
剩女,2,2,0.5,2,-1.0,7.9615
力加,2,2,1.0,2,1.0,4.8147
功力,2,2,0.5,2,-1.0,5.6627
加班,2,2,0.5,2,-1.0,6.7689
动乾坤,2,2,0.5,3,-1.0,9.8514
努力了,2,2,0.5,3,-1.0,4.6293
励精图治,2,2,1.0,4,1.0,12.3539
劳是,2,2,0.5,2,1.0,6.438
勒斯,2,2,1.0,2,1.0,10.9388
包围了,2,2,0.5,3,-1.0,6.7993
包大,2,2,0.5,2,1.0,3.4876
化系统,2,2,0.5,3,-1.0,3.5122
北大,2,2,0.5,2,1.0,1.567
北宋大,2,2,0.5,3,-1.0,3.3881
北宋小,2,2,0.5,3,-1.0,5.9234
北宋当,2,2,0.5,3,1.0,5.1554
北电,2,2,1.0,2,1.0,5.7515
匹夫,2,2,0.5,2,-1.0,10.2109
医生太,2,2,0.5,3,1.0,5.1155
医院,2,2,0.5,2,1.0,4.248
医馆,2,2,0.5,2,-1.0,5.6214
医香,2,2,1.0,2,-1.0,4.8329
医高,2,2,0.5,2,1.0,3.589
十三,2,2,0.5,2,1.0,3.3525
十二翼天使,2,2,0.5,5,-1.0,9.5813
十五年,2,2,0.5,3,-1.0,8.2109
十年代小,2,2,0.5,4,1.0,7.5084
十方,2,2,0.5,2,-1.0,5.452
十连,2,2,1.0,2,1.0,7.9963
千年世家,2,2,0.5,4,-1.0,7.7942
千年我,2,2,0.5,3,1.0,1.8993
千面影帝,2,2,0.5,4,-1.0,8.2593
半仙,2,2,1.0,2,-1.0,3.71
华彩,2,2,0.5,2,-1.0,7.9276
单机,2,2,0.5,2,-1.0,5.9026
卖盒饭,2,2,0.5,3,1.0,11.9388
卖罐子,2,2,0.5,3,-1.0,7.973
南宋,2,2,0.5,2,-1.0,5.2246
南枝,2,2,0.5,2,-1.0,8.2246
博物馆,2,2,0.5,3,-1.0,11.4794
卡卡,2,2,0.5,2,1.0,5.2229
卡徒,2,2,1.0,2,-1.0,5.7233
卡皇,2,2,0.5,2,-1.0,4.2607
印度当,2,2,0.5,3,1.0,8.0623
即是,2,2,0.5,2,1.0,5.0229
却被,2,2,1.0,2,1.0,5.6517
卷成,2,2,0.5,2,1.0,4.5807
原始人,2,2,0.5,3,-1.0,5.1864
原来我是,2,2,0.5,4,-1.0,6.0229
原谅,2,2,0.5,2,-1.0,10.6534
厨师,2,2,0.5,2,-1.0,4.2646
去修仙,2,2,0.5,3,-1.0,4.3074
去做,2,2,0.5,2,1.0,4.9712
去种田,2,2,0.5,3,-1.0,6.9875
参军,2,2,0.5,2,1.0,8.164
又不是,2,2,0.5,3,1.0,6.0501
又掉,2,2,0.5,2,1.0,8.7689
友不,2,2,0.5,2,1.0,2.7431
友你,2,2,0.5,2,1.0,3.3595
反了,2,2,1.0,2,1.0,2.0179
反派模,2,2,1.0,3,1.0,5.609
反派皇,2,2,0.5,3,-1.0,5.0742
叔叔,2,2,0.5,2,1.0,8.599
取经,2,2,1.0,2,1.0,6.784
受欢迎,2,2,0.5,3,1.0,12.1315
变异了,2,2,0.5,3,-1.0,6.2143
变身之,2,2,0.5,3,-1.0,3.9821
变革,2,2,0.5,2,-1.0,7.8277
叠加,2,2,0.5,2,-1.0,9.1839
古玩,2,2,0.5,2,1.0,4.2458
古龙世界里的,2,2,0.5,6,-1.0,5.7136
只好自己,2,2,1.0,4,1.0,8.8944
只想做,2,2,0.5,3,1.0,4.7352
只想刷,2,2,0.5,3,1.0,6.4035
只想水群,2,2,1.0,4,-1.0,8.8944
只想种田,2,2,0.5,4,-1.0,6.7515
只想躺,2,2,0.5,3,1.0,8.2109
只是一个,2,2,0.5,4,1.0,6.7465
只有我知道剧情,2,2,1.0,7,-1.0,8.8944
只龟,2,2,0.5,2,-1.0,7.3095
叫一,2,2,0.5,2,1.0,2.2897
叫朱,2,2,0.5,2,1.0,6.2229
召唤万,2,2,0.5,3,-1.0,4.1616
召唤之,2,2,0.5,3,1.0,2.0186
召唤系,2,2,0.5,3,1.0,4.1858
可以变成,2,2,0.5,4,1.0,7.3881
可升级,2,2,0.5,3,-1.0,6.3709
可敌国,2,2,0.5,3,-1.0,7.8567
可是,2,2,0.5,2,1.0,1.9785
史上最牛,2,2,0.5,4,-1.0,10.5465
史上第一混,2,2,0.5,5,-1.0,8.6396
史蒂夫,2,2,0.5,3,-1.0,10.2109
史记,2,2,1.0,2,-1.0,5.189
合体,2,2,0.5,2,-1.0,5.1299
吉时,2,2,0.5,2,-1.0,6.2453
同居,2,2,0.5,2,1.0,7.4172
同时穿越万界,2,2,0.0,6,-1.0,7.1607
同时穿越了,2,2,1.0,5,-1.0,3.7993
名不,2,2,0.5,2,1.0,2.48
名门正,2,2,0.5,3,-1.0,7.2699
名门闺,2,2,0.5,3,-1.0,9.779
后变,2,2,0.5,2,1.0,3.3041
后才发现我,2,2,0.5,5,1.0,5.0692
吐槽,2,2,1.0,2,1.0,13.3539
吓哭周姐,2,2,1.0,4,-1.0,10.7689
君主,2,2,0.5,2,-1.0,2.8303
君王,2,2,0.5,2,-1.0,3.0489
吞噬星空之太,2,2,0.5,6,-1.0,6.241
听说我是,2,2,0.5,4,-1.0,6.438
吹牛,2,2,1.0,2,1.0,11.3539
员工,2,2,0.5,2,-1.0,5.5021
员开始,2,2,0.5,3,-1.0,2.3156
味记,2,2,0.5,2,-1.0,7.7739
命令,2,2,1.0,2,1.0,6.8727
咋就,2,2,1.0,2,1.0,7.5857
咋成,2,2,1.0,2,1.0,5.8031
和他的,2,2,0.5,3,1.0,5.7136
和仙子,2,2,0.5,3,1.0,7.8461
和女,2,2,0.5,2,1.0,3.5692
和她,2,2,0.5,2,1.0,6.3766
和宝,2,2,0.5,2,1.0,5.4804
咒禁,2,2,0.5,2,-1.0,9.672
品女,2,2,0.5,2,1.0,3.4697
哈利波特,2,2,0.5,4,-1.0,10.2664
唐三藏,2,2,0.5,3,-1.0,9.0808
唐太,2,2,0.5,2,1.0,2.8424
唐当,2,2,0.5,2,1.0,2.2043
唐朝小,2,2,0.5,3,-1.0,6.5084
唢呐,2,2,0.5,2,-1.0,14.9388
唯一的,2,2,0.5,3,1.0,3.5437
囚笼,2,2,0.5,2,-1.0,11.6169
四万年,2,2,0.5,3,-1.0,7.521
四代,2,2,0.5,2,1.0,3.4055
四小,2,2,0.5,2,1.0,3.9974
回到九,2,2,0.5,3,-1.0,5.8225
回到古代当,2,2,0.5,5,-1.0,8.0623
回到明朝做,2,2,0.5,5,-1.0,8.1412
回到过去当,2,2,0.5,5,-1.0,6.4773
回大明,2,2,0.5,3,1.0,3.0398
回来,2,2,0.5,2,1.0,2.7484
因为,2,2,0.5,2,-1.0,5.7533
团的,2,2,0.5,2,1.0,2.3917
团长,2,2,1.0,2,-1.0,4.8421
国士无双,2,2,1.0,4,-1.0,7.8567
国家队,2,2,0.5,3,-1.0,7.8567
国搞,2,2,0.5,2,1.0,5.5347
国足,2,2,0.5,2,-1.0,5.0493
国野,2,2,0.5,2,1.0,3.4991
国风云,2,2,0.5,3,1.0,5.5347
图录,2,2,0.5,2,-1.0,7.1315
图谋不轨,2,2,0.5,4,-1.0,11.1315
圆梦师,2,2,0.5,3,-1.0,6.9276
圈第一,2,2,0.5,3,1.0,6.0096
土边,2,2,0.5,2,1.0,8.0685
圣杯战争,2,2,1.0,4,-1.0,8.9615
圣母,2,2,0.5,2,-1.0,6.2611
圣皇,2,2,0.5,2,-1.0,3.1414
圣骑士,2,2,0.5,3,-1.0,6.0547
在两界,2,2,0.5,3,1.0,4.4202
在中,2,2,0.5,2,1.0,1.7383
在公门,2,2,0.5,3,1.0,7.0051
在北美当,2,2,0.5,4,1.0,6.7404
在大宋,2,2,1.0,3,1.0,3.9177
在巫师世界,2,2,0.5,5,1.0,5.4202
在异界当,2,2,0.5,4,1.0,5.2549
在手术室,2,2,0.5,4,1.0,7.0051
在末日,2,2,1.0,3,1.0,3.3047
在末法,2,2,0.5,3,1.0,5.0051
在武道,2,2,0.5,3,1.0,2.6832
在聊斋,2,2,1.0,3,1.0,4.4202
在荒,2,2,0.5,2,1.0,1.5294
在诸天的,2,2,0.5,4,1.0,2.5437
在阳间,2,2,1.0,3,1.0,6.4202
地卖,2,2,0.5,2,1.0,6.0081
地师,2,2,1.0,2,-1.0,1.5818
地狱开,2,2,1.0,3,1.0,3.9788
地球上最后一,2,2,0.5,6,-1.0,7.1477
地球成,2,2,1.0,3,1.0,3.6876
地球战,2,2,1.0,3,1.0,4.9165
地真,2,2,0.5,2,1.0,2.1316
场主,2,2,0.5,2,-1.0,3.6169
场当,2,2,0.5,2,1.0,3.7404
坦途,2,2,0.5,2,-1.0,9.1839
型中单,2,2,1.0,3,1.0,10.447
型打野啊,2,2,0.5,4,-1.0,9.3389
域苍穹,2,2,0.5,3,-1.0,10.0319
培育魂,2,2,0.5,3,1.0,9.6814
塌房的我,2,2,0.5,4,-1.0,5.0692
填非常简单,2,2,0.5,5,-1.0,11.0319
士兵突击之,2,2,0.5,5,-1.0,4.304
声大,2,2,0.5,2,1.0,3.2075
壶中仙,2,2,0.5,3,-1.0,7.0319
处处,2,2,0.5,2,1.0,9.3241
处开,2,2,0.5,2,1.0,3.1715
备案,2,2,0.5,2,-1.0,9.0319
复出,2,2,1.0,2,1.0,5.2419
多子多福,2,2,0.0,4,-1.0,10.8095
多才多,2,2,0.5,3,1.0,10.8095
夜之,2,2,0.5,2,1.0,1.9821
夜君,2,2,0.5,2,1.0,5.5084
夜天子,2,2,1.0,3,-1.0,7.973
夜游,2,2,0.5,2,1.0,3.6001
大主播,2,2,0.5,3,-1.0,3.047
大乾武圣,2,2,1.0,4,-1.0,6.295
大亨传说,2,2,0.0,4,-1.0,6.295
大劫主,2,2,1.0,3,-1.0,6.295
大厨,2,2,0.5,2,-1.0,3.047
大周仙,2,2,0.5,3,-1.0,5.447
大唐小,2,2,0.5,3,-1.0,4.2757
大唐李,2,2,0.5,3,-1.0,6.295
大国军,2,2,0.5,3,-1.0,6.295
大学开始,2,2,0.5,4,-1.0,4.0261
大宋的,2,2,0.5,3,-1.0,2.6262
大宋神探,2,2,0.5,4,-1.0,6.295
大导演,2,2,0.5,3,-1.0,2.4876
大帝之资,2,2,0.5,4,-1.0,6.295
大当家,2,2,1.0,3,-1.0,5.295
大数据,2,2,0.5,3,-1.0,4.71
大明国,2,2,0.5,3,-1.0,1.7906
大明太,2,2,0.5,3,-1.0,2.6343
大明嫡,2,2,0.5,3,-1.0,5.6248
大明官,2,2,1.0,3,-1.0,3.7434
大明春,2,2,1.0,3,-1.0,4.3492
大明王朝,2,2,0.0,4,-1.0,6.295
大枭雄,2,2,0.5,3,-1.0,3.8355
大汉帝国,2,2,1.0,4,-1.0,6.295
大洪水,2,2,1.0,3,1.0,6.295
大炮,2,2,0.5,2,1.0,3.4876
大爆炸,2,2,0.5,3,-1.0,5.295
大玄,2,2,0.5,2,-1.0,2.295
大画家,2,2,1.0,3,-1.0,4.4876
大相师,2,2,0.5,3,-1.0,5.71
大科学家,2,2,0.5,4,-1.0,4.973
大秦之,2,2,0.5,3,-1.0,3.0561
大秦从,2,2,0.5,3,-1.0,3.0202
大筒木血,2,2,0.5,4,1.0,6.295
大蛇丸,2,2,1.0,3,-1.0,6.295
大道朝,2,2,0.5,3,-1.0,6.295
大道韶华,2,2,1.0,4,-1.0,6.295
大闲人,2,2,0.5,3,-1.0,4.125
大限将至,2,2,0.5,4,-1.0,6.295
天下无双,2,2,1.0,4,-1.0,6.4671
天启之,2,2,0.5,3,-1.0,5.719
天命之子,2,2,1.0,4,1.0,6.4671
天啦,2,2,0.5,2,-1.0,4.6598
天字,2,2,0.5,2,-1.0,4.6598
天宗,2,2,0.5,2,1.0,1.8233
天改,2,2,0.5,2,1.0,3.1452
天狂,2,2,0.5,2,1.0,2.1096
太受,2,2,0.5,2,-1.0,7.7004
太子的,2,2,0.5,3,1.0,2.4657
太平,2,2,0.5,2,-1.0,4.5711
太强了,2,2,1.0,3,-1.0,6.7993
太快乐,2,2,0.5,3,1.0,6.5305
太想进步了,2,2,0.5,5,-1.0,6.7993
太懂,2,2,0.5,2,1.0,6.3785
太极端了,2,2,0.5,4,-1.0,6.7993
太能,2,2,0.5,2,1.0,1.8362
太虚,2,2,0.5,2,-1.0,6.3785
太过正经,2,2,0.5,4,-1.0,8.7004
太难,2,2,1.0,2,1.0,5.3081
头发,2,2,0.5,2,1.0,5.378
头条,2,2,0.5,2,-1.0,5.9766
夺冠,2,2,1.0,2,1.0,7.8972
夺取,2,2,1.0,2,1.0,8.6034
奇才,2,2,0.5,2,-1.0,4.5651
奉为,2,2,0.5,2,1.0,7.0334
女主播,2,2,0.5,3,-1.0,4.7136
女们的,2,2,0.5,3,1.0,5.1287
女友是大明星,2,2,0.5,6,-1.0,7.9388
女如,2,2,0.5,2,1.0,4.438
女尊世界的,2,2,0.5,5,-1.0,5.7136
女帝成,2,2,0.5,3,-1.0,3.9286
女明星们,2,2,0.5,4,-1.0,7.3766
女朋友,2,2,1.0,3,1.0,6.9615
女知青,2,2,0.5,3,1.0,7.3766
女神的,2,2,0.5,3,1.0,3.5437
女诡,2,2,1.0,2,1.0,2.5186
女请,2,2,0.5,2,1.0,3.2891
女频,2,2,0.5,2,1.0,6.3766
女魔头,2,2,0.5,3,1.0,5.6396
她们对我,2,2,0.5,4,-1.0,5.0692
她们献上,2,2,1.0,4,1.0,8.4959
她们都想,2,2,0.5,4,-1.0,7.0319
她们都是真,2,2,0.5,5,-1.0,8.0623
好多,2,2,0.5,2,1.0,5.0953
好时代,2,2,0.5,3,-1.0,3.7327
如意,2,2,0.5,2,-1.0,7.9558
如此简单,2,2,0.5,4,-1.0,11.0319
妃的,2,2,0.5,2,1.0,3.3917
妹子,2,2,0.5,2,1.0,4.3292
妻子,2,2,0.5,2,1.0,3.4184
妻是大,2,2,0.5,3,1.0,5.71
妻有,2,2,0.5,2,1.0,3.2498
姐她,2,2,0.5,2,1.0,6.599
姿物语,2,2,0.5,3,-1.0,12.9388
娱之天,2,2,0.5,3,1.0,3.5603
娱之我,2,2,0.5,3,1.0,2.1623
娱乐圈里的,2,2,0.5,5,-1.0,5.7136
娱乐大亨,2,2,1.0,4,-1.0,7.3595
娱乐时代,2,2,0.5,4,-1.0,4.7745
娱时代,2,2,0.5,3,-1.0,3.0806
嫁到,2,2,0.5,2,-1.0,5.277
嫂开始,2,2,1.0,3,1.0,5.9006
嫡长女,2,2,1.0,3,-1.0,6.9615
子不类父,2,2,0.0,4,-1.0,7.973
子哥,2,2,0.5,2,-1.0,3.973
子孙,2,2,0.5,2,-1.0,4.8031
子就是,2,2,0.5,3,1.0,4.0188
子弟,2,2,0.5,2,-1.0,3.8438
子很凶,2,2,0.5,3,-1.0,7.973
存在的,2,2,1.0,3,1.0,5.7136
季汉,2,2,0.5,2,-1.0,8.862
学修,2,2,0.5,2,1.0,1.6422
学教,2,2,0.5,2,1.0,3.0685
学校,2,2,0.5,2,1.0,4.7954
学派的,2,2,0.5,3,1.0,5.7136
学的我,2,2,0.5,3,1.0,3.1777
学者,2,2,1.0,2,1.0,2.5981
学院开始,2,2,0.5,4,-1.0,4.1636
学霸到首席科学家,2,2,0.5,8,-1.0,7.7942
学霸的科,2,2,0.5,4,-1.0,7.1706
学霸的黑科技,2,2,0.5,6,-1.0,8.0685
学面板,2,2,0.5,3,-1.0,4.8985
宇宙时代,2,2,0.5,4,-1.0,5.7465
守夜人,2,2,0.5,3,-1.0,6.5084
宋生活顾问,2,2,0.5,5,-1.0,10.1315
宋青书,2,2,1.0,3,1.0,9.9388
完了,2,2,0.5,2,-1.0,2.7118
完美世界之,2,2,0.5,5,-1.0,4.9821
完美家,2,2,0.5,3,1.0,4.2706
完美开,2,2,1.0,3,1.0,2.4553
定了,2,2,1.0,2,1.0,3.5513
定制大,2,2,0.5,3,1.0,6.295
定天,2,2,0.5,2,1.0,3.2192
宝瞳,2,2,1.0,2,-1.0,8.8727
宝石,2,2,0.5,2,1.0,7.0654
宝贝,2,2,1.0,2,1.0,9.2878
实习,2,2,0.5,2,1.0,7.3501
宠了,2,2,0.5,2,-1.0,3.3398
宣传片,2,2,0.5,3,-1.0,11.2384
室友,2,2,0.5,2,1.0,8.447
宫开,2,2,0.5,2,1.0,2.2784
家丁,2,2,0.5,2,-1.0,6.7942
家兄,2,2,0.5,2,-1.0,4.4722
家园,2,2,0.5,2,-1.0,3.3679
家族修仙,2,2,0.0,4,-1.0,5.9919
家有田,2,2,0.5,3,-1.0,7.7942
家欢,2,2,0.5,2,1.0,4.2092
家父李,2,2,0.5,3,-1.0,7.7942
家父汉,2,2,0.5,3,-1.0,7.7942
家老大,2,2,0.5,3,-1.0,5.295
容公,2,2,0.5,2,1.0,7.8355
寂静,2,2,0.5,2,-1.0,10.6534
寄生,2,2,0.5,2,-1.0,5.7336
密探,2,2,0.5,2,-1.0,8.3919
富甲,2,2,0.5,2,1.0,7.199
寒门崛起,2,2,0.0,4,-1.0,8.599
导演之王,2,2,0.0,4,-1.0,7.3766
导演的快乐,2,2,0.5,5,-1.0,9.3842
封神之,2,2,0.5,3,-1.0,2.8446
尊开始,2,2,0.5,3,-1.0,1.6782
小事,2,2,0.5,2,-1.0,3.9723
小云,2,2,0.5,2,1.0,4.701
小兵传奇,2,2,1.0,4,-1.0,8.8303
小农女,2,2,0.5,3,-1.0,6.9615
小农庄,2,2,0.0,3,-1.0,7.5084
小地主,2,2,1.0,3,-1.0,7.2453
小富,2,2,0.5,2,1.0,4.3384
小山村,2,2,1.0,3,-1.0,8.8303
小李飞刀开始,2,2,1.0,6,-1.0,6.441
小树,2,2,0.5,2,1.0,5.5084
小海岛,2,2,0.0,3,-1.0,7.5084
小游戏,2,2,0.5,3,-1.0,2.6907
小男,2,2,0.5,2,1.0,4.1299
小郎,2,2,0.5,2,1.0,5.9234
小金,2,2,0.5,2,1.0,3.2156
小闲,2,2,0.5,2,1.0,4.6208
小阁老,2,2,0.0,3,-1.0,8.8303
尘埃,2,2,0.5,2,-1.0,11.8514
就会,2,2,0.5,2,1.0,4.4157
就想,2,2,0.5,2,1.0,2.8487
就是天,2,2,0.5,3,1.0,2.5129
就是这样子的,2,2,0.5,6,-1.0,5.7136
就没,2,2,0.5,2,1.0,3.616
就要,2,2,0.5,2,1.0,3.8669
就该,2,2,0.5,2,1.0,6.4702
尸体,2,2,0.5,2,1.0,6.2453
尸变,2,2,0.5,2,-1.0,5.4651
尽妖,2,2,0.5,2,1.0,5.5846
尾之,2,2,0.5,2,1.0,3.9821
局要,2,2,0.5,2,1.0,2.8471
居一品,2,2,0.5,3,-1.0,9.2246
居开始,2,2,0.5,3,-1.0,3.0932
属性修,2,2,1.0,3,1.0,4.404
属性面板,2,2,0.5,4,-1.0,7.6604
屠夫,2,2,0.5,2,-1.0,7.6259
山修,2,2,0.5,2,1.0,2.1727
山剑,2,2,0.5,2,1.0,2.9078
山海经,2,2,0.5,3,-1.0,8.0319
山猎,2,2,0.5,2,1.0,4.1616
山野,2,2,0.5,2,-1.0,4.8264
岁大,2,2,1.0,2,1.0,2.2075
崩溃了,2,2,0.5,3,-1.0,6.2143
工业克苏鲁,2,2,1.0,5,-1.0,9.672
工业大,2,2,0.5,3,-1.0,3.2075
工业巨擘,2,2,0.5,4,-1.0,9.0871
工业时代,2,2,0.5,4,-1.0,6.3595
工业霸主,2,2,1.0,4,-1.0,7.9388
工作,2,2,0.5,2,1.0,5.672
工匠大师,2,2,0.5,4,-1.0,7.5126
工资到位,2,2,1.0,4,-1.0,9.672
巨匠,2,2,0.5,2,-1.0,7.0886
巫之主,2,2,0.5,3,-1.0,6.0148
巫师从,2,2,0.5,3,-1.0,1.6535
巫师日,2,2,0.5,3,1.0,3.9404
已经,2,2,0.5,2,1.0,7.447
师亚,2,2,0.5,2,1.0,5.1906
师他,2,2,0.5,2,1.0,2.989
师传,2,2,0.5,2,1.0,1.8543
师啊,2,2,0.5,2,-1.0,1.9126
师娘,2,2,1.0,2,1.0,3.1202
师日记,2,2,0.5,3,-1.0,4.4251
帝们,2,2,0.5,2,1.0,3.0894
帝君,2,2,1.0,2,1.0,3.1508
帝国从,2,2,0.5,3,1.0,1.8087
帝国重,2,2,0.5,3,-1.0,2.6882
帝求我,2,2,0.5,3,1.0,5.0692
带回,2,2,1.0,2,1.0,4.7136
带娃开,2,2,0.5,3,1.0,5.3939
带着一扇门,2,2,0.5,5,-1.0,8.6909
带着系统,2,2,0.5,4,-1.0,5.9325
帮你,2,2,0.5,2,1.0,6.8514
干嘛,2,2,0.5,2,-1.0,12.4794
平凡生活,2,2,0.5,4,-1.0,8.0562
平天下,2,2,0.5,3,-1.0,6.1091
平行,2,2,0.5,2,1.0,5.0151
年突然发现是,2,2,0.5,6,1.0,7.0229
幸运星,2,2,0.5,3,-1.0,6.3539
幻模拟,2,2,0.5,3,1.0,5.6986
幼儿园,2,2,0.5,3,1.0,10.5126
庄稼,2,2,0.5,2,1.0,12.3539
店开始,2,2,0.5,3,-1.0,3.3981
度乐园,2,2,0.5,3,-1.0,7.5401
庶子风流,2,2,1.0,4,-1.0,9.71
康熙末年,2,2,0.5,4,-1.0,8.2109
建了一,2,2,0.5,3,1.0,6.5627
开发大西北,2,2,1.0,5,-1.0,5.9788
开始东京,2,2,0.5,4,1.0,1.5314
开始当大佬,2,2,0.5,5,-1.0,5.9006
开始成圣,2,2,0.5,4,-1.0,3.0932
开始打穿,2,2,0.5,4,1.0,5.1636
开始掌控,2,2,0.5,4,1.0,4.4856
开始无限模拟,2,2,0.5,6,-1.0,5.9006
开始无限进化,2,2,0.5,6,-1.0,4.6782
开始武道,2,2,0.5,4,1.0,2.1636
开始的东京生活,2,2,0.5,7,-1.0,5.9788
开始的军,2,2,0.5,4,1.0,4.7717
开始的影,2,2,0.5,4,1.0,3.2404
开始的文豪,2,2,0.5,5,-1.0,5.9788
开始的无限,2,2,0.5,5,1.0,4.3616
开始的诸天之旅,2,2,0.5,7,-1.0,5.9788
开始签,2,2,0.5,3,1.0,2.4856
开始肝成,2,2,0.5,4,1.0,4.0261
开始进化,2,2,0.5,4,-1.0,2.2376
开始逃,2,2,0.5,3,1.0,3.5787
开始速通,2,2,1.0,4,-1.0,4.9006
开局一座,2,2,0.5,4,-1.0,5.7999
开局中奖,2,2,1.0,4,-1.0,5.9788
开局为,2,2,0.5,3,-1.0,2.1613
开局具现,2,2,0.5,4,-1.0,5.9788
开局召唤,2,2,0.5,4,-1.0,3.9739
开局合成,2,2,0.5,4,-1.0,5.452
开局奖励,2,2,0.5,4,-1.0,5.9374
开局拯救,2,2,0.5,4,-1.0,5.7999
开局捡到,2,2,0.5,4,-1.0,5.6744
开局接待,2,2,0.5,4,-1.0,5.9788
开局时,2,2,1.0,3,1.0,1.7358
开局盘,2,2,0.5,3,-1.0,4.7999
开局给,2,2,0.5,3,-1.0,4.3051
开局被唐,2,2,0.5,4,-1.0,5.9788
开局请,2,2,0.5,3,-1.0,3.5869
开局顶,2,2,0.5,3,-1.0,3.9018
开挂了,2,2,0.5,3,-1.0,4.3398
开挂后,2,2,1.0,3,-1.0,5.9788
开端,2,2,0.5,2,-1.0,3.9788
异世界生,2,2,0.5,4,1.0,2.7336
异世药,2,2,0.5,3,-1.0,6.6627
异复苏,2,2,0.5,3,-1.0,5.4814
异界游,2,2,0.5,3,-1.0,3.5297
异维,2,2,0.5,2,-1.0,5.2058
异闻录,2,2,0.5,3,-1.0,7.7294
弃妇的,2,2,0.5,3,-1.0,5.1287
弟子全是大,2,2,1.0,5,1.0,5.71
弟都,2,2,0.5,2,1.0,4.6197
强到离谱,2,2,0.5,4,-1.0,8.9615
当什么,2,2,0.5,3,1.0,2.67
当作,2,2,0.5,2,1.0,4.0623
当偶像,2,2,1.0,3,1.0,5.8924
当剑仙,2,2,0.5,3,-1.0,4.67
当医生,2,2,1.0,3,-1.0,4.4773
当好,2,2,0.5,2,1.0,2.3481
当巨星,2,2,0.5,3,-1.0,3.8144
当差,2,2,1.0,2,1.0,6.0623
当教主,2,2,0.5,3,-1.0,6.0623
当火影,2,2,0.5,3,-1.0,2.7225
当爹,2,2,0.5,2,1.0,5.4773
当王爷,2,2,0.5,3,-1.0,8.0623
当神仙,2,2,0.5,3,-1.0,5.0319
当神父,2,2,0.5,3,-1.0,8.0623
当老师,2,2,0.5,3,-1.0,5.8924
当财阀,2,2,0.5,3,-1.0,6.2549
当过,2,2,0.5,2,-1.0,3.0623
当闲,2,2,0.5,2,1.0,3.8529
影教,2,2,0.5,2,1.0,2.6328
影视世界从,2,2,0.5,5,-1.0,3.2682
影视世界大,2,2,0.5,5,-1.0,3.295
影视剧,2,2,0.5,3,-1.0,6.9026
影视诸天,2,2,1.0,4,-1.0,4.6832
影风,2,2,0.5,2,1.0,3.1303
征战,2,2,0.5,2,-1.0,5.5294
征服之路,2,2,1.0,4,-1.0,9.6534
征服者,2,2,0.5,3,-1.0,6.8835
待在,2,2,0.5,2,1.0,5.6832
徒万倍返还,2,2,0.5,5,-1.0,10.2664
御兽从,2,2,0.5,3,-1.0,3.0202
御兽仙族,2,2,0.0,4,-1.0,9.5465
御猫,2,2,0.5,2,-1.0,7.4251
徽章,2,2,0.5,2,-1.0,12.6169
心态崩了,2,2,0.5,4,-1.0,6.7993
心灵,2,2,0.5,2,1.0,4.0489
心理,2,2,0.5,2,1.0,5.8303
心魔,2,2,1.0,2,-1.0,2.9355
必有,2,2,0.5,2,1.0,5.345
必被,2,2,0.5,2,1.0,6.5846
快穿之,2,2,0.5,3,-1.0,5.304
忽悠老,2,2,0.5,3,1.0,7.4835
怎么成真了,2,2,0.5,5,-1.0,6.7993
怎么是,2,2,0.5,3,1.0,2.1403
急了,2,2,0.5,2,-1.0,5.2143
性能,2,2,0.5,2,1.0,3.4308
总想,2,2,0.5,2,1.0,5.295
总是,2,2,0.5,2,1.0,3.701
总有,2,2,0.5,2,-1.0,4.4825
总管,2,2,0.5,2,-1.0,7.862
恋爱模拟,2,2,0.5,4,1.0,5.9269
恋爱系,2,2,1.0,3,1.0,4.3419
恐怖片,2,2,1.0,3,1.0,8.779
恭喜,2,2,0.5,2,-1.0,10.71
恶毒,2,2,0.5,2,-1.0,7.0229
恶灵,2,2,1.0,2,1.0,4.6339
恶魔法则,2,2,1.0,4,-1.0,10.3241
悠闲人生,2,2,1.0,4,-1.0,5.7336
悠闲修,2,2,0.5,3,-1.0,4.7577
您完全不按套路,2,2,0.5,7,-1.0,9.6534
情年代,2,2,0.5,3,-1.0,5.6237
惟我,2,2,0.5,2,-1.0,5.0692
想下,2,2,0.5,2,1.0,2.4876
想为,2,2,0.5,2,1.0,2.5189
想作死,2,2,0.5,3,-1.0,7.0319
想做演员,2,2,0.5,4,-1.0,8.0319
想加,2,2,0.5,2,1.0,3.447
想当明星,2,2,0.5,4,1.0,5.9687
想当超,2,2,0.5,3,1.0,4.1099
想着,2,2,0.5,2,1.0,4.5294
想长生不,2,2,0.5,4,1.0,6.0319
惹那,2,2,0.5,2,1.0,8.6396
意外,2,2,0.5,2,1.0,7.2315
意志,2,2,0.5,2,-1.0,7.779
慈善大王什么鬼,2,2,0.0,7,-1.0,9.9846
戏啊,2,2,0.5,2,-1.0,3.0628
成为人生赢家,2,2,0.5,6,-1.0,7.3881
成为大,2,2,0.5,3,1.0,1.8687
成为最,2,2,0.5,3,1.0,4.57
成为道,2,2,1.0,3,1.0,3.2225
成了仙子的,2,2,0.5,5,1.0,5.7136
成了国,2,2,0.5,3,1.0,2.4991
成了我的,2,2,0.5,4,1.0,2.2149
成了日,2,2,0.5,3,1.0,3.1976
成了科技,2,2,0.5,4,1.0,4.7484
成人间,2,2,0.5,3,1.0,3.9958
成功后,2,2,0.5,3,-1.0,7.3881
成圣人,2,2,0.5,3,-1.0,3.1161
成大佬,2,2,0.5,3,-1.0,2.8031
成巨,2,2,0.5,2,1.0,2.2383
成神开始,2,2,0.5,4,-1.0,2.7307
成系男神,2,2,0.5,4,-1.0,5.2181
成计划,2,2,0.5,3,-1.0,6.0661
成这样,2,2,1.0,3,1.0,5.2181
成鱼,2,2,0.5,2,-1.0,3.6332
我上报国家,2,2,0.0,5,-1.0,5.0692
我不是那,2,2,0.5,4,-1.0,5.0692
我举世无,2,2,1.0,4,1.0,5.0692
我也要,2,2,1.0,3,1.0,5.0692
我于人间,2,2,0.5,4,-1.0,5.0692
我以为,2,2,0.5,3,-1.0,4.4843
我以剑道证超凡,2,2,0.0,7,-1.0,5.0692
我以女儿身闯荡,2,2,0.5,7,-1.0,5.0692
我以神,2,2,0.5,3,-1.0,2.9618
我修的,2,2,0.5,3,-1.0,2.6262
我偷,2,2,1.0,2,1.0,1.6098
我儿快,2,2,0.5,3,-1.0,5.0692
我全家都是,2,2,0.5,5,-1.0,5.0692
我具现了,2,2,0.5,4,-1.0,5.0692
我加入聊天群,2,2,1.0,6,-1.0,2.8993
我卖,2,2,1.0,2,1.0,2.0692
我反手,2,2,0.5,3,-1.0,3.4843
我只想安静的做,2,2,0.5,7,-1.0,5.0692
我只是想,2,2,0.5,4,-1.0,4.4843
我可以兑换,2,2,0.5,5,-1.0,5.0692
我可以无限,2,2,0.5,5,-1.0,3.7473
我咋,2,2,0.5,2,-1.0,3.4843
我在三国,2,2,0.5,4,-1.0,3.138
我在东京教,2,2,0.5,5,-1.0,5.0692
我在九叔世界,2,2,0.5,6,-1.0,5.0692
我在乱世词条,2,2,0.5,6,-1.0,5.0692
我在亮剑,2,2,0.5,4,-1.0,5.0692
我在人间,2,2,0.5,4,-1.0,4.8955
我在俄,2,2,0.5,3,-1.0,5.0692
我在修仙界种,2,2,0.5,6,-1.0,5.0692
我在凡,2,2,0.5,3,-1.0,3.7028
我在北,2,2,0.5,3,-1.0,3.2619
我在古代有,2,2,0.5,5,-1.0,5.0692
我在大明当,2,2,0.5,5,-1.0,5.0692
我在天庭,2,2,0.5,4,-1.0,5.0692
我在妖魔世界,2,2,0.5,6,-1.0,5.0692
我在战锤,2,2,0.5,4,-1.0,4.3809
我在手,2,2,0.5,3,-1.0,2.059
我在星际,2,2,0.5,4,-1.0,4.8283
我在春秋,2,2,0.5,4,-1.0,5.0692
我在海贼,2,2,0.5,4,-1.0,3.4051
我在游戏王里,2,2,0.5,6,-1.0,5.0692
我在漫威,2,2,0.5,4,-1.0,2.8993
我在现代留过学,2,2,0.0,7,-1.0,5.0692
我在综武,2,2,0.5,4,-1.0,4.4843
我在美利坚,2,2,0.5,5,-1.0,4.4298
我在聊,2,2,0.5,3,-1.0,3.6439
我在英,2,2,0.5,3,-1.0,3.5873
我在锦衣卫,2,2,0.5,5,-1.0,5.0692
我在镇,2,2,0.5,3,-1.0,4.5329
我在黄泉,2,2,0.5,4,-1.0,5.0692
我夺舍了,2,2,0.5,4,-1.0,4.4843
我女儿,2,2,0.5,3,-1.0,2.6098
我女友是,2,2,1.0,4,-1.0,2.7473
我家后,2,2,0.5,3,-1.0,4.4843
我家客,2,2,0.5,3,-1.0,5.0692
我家徒弟,2,2,0.5,4,-1.0,5.0692
我家老,2,2,0.5,3,-1.0,4.0692
我屠龙,2,2,0.5,3,-1.0,2.8993
我已,2,2,0.5,2,-1.0,2.4843
我师兄,2,2,0.5,3,-1.0,2.4843
我开摆,2,2,1.0,3,1.0,5.0692
我必须,2,2,0.5,3,-1.0,3.7473
我怎么办,2,2,0.5,4,-1.0,2.1623
我想做个好人,2,2,1.0,6,-1.0,5.0692
我慕容复,2,2,1.0,4,-1.0,5.0692
我成了一,2,2,0.5,4,-1.0,2.8257
我成了顶流,2,2,0.0,5,-1.0,5.0692
我才不是,2,2,0.5,4,-1.0,3.7473
我才不要,2,2,0.5,4,-1.0,4.4843
我才几,2,2,0.5,3,-1.0,5.0692
我技能,2,2,0.5,3,-1.0,1.5457
我抢了,2,2,0.5,3,-1.0,5.0692
我拍,2,2,0.5,2,-1.0,1.8993
我是仙,2,2,1.0,3,-1.0,1.71
我是修仙,2,2,0.5,4,1.0,3.4773
我是反派,2,2,0.0,4,-1.0,4.0692
我是异界,2,2,0.5,4,-1.0,5.0692
我是真,2,2,0.5,3,-1.0,2.7404
我有一个大,2,2,0.5,5,-1.0,3.125
我有一个游戏,2,2,0.5,6,-1.0,5.0692
我有一张,2,2,0.5,4,-1.0,5.0692
我有一棵,2,2,0.5,4,-1.0,5.0692
我有三,2,2,0.5,3,-1.0,3.4246
我有无数神,2,2,0.5,5,-1.0,5.0692
我有无限,2,2,0.5,4,-1.0,4.0535
我有装备栏,2,2,1.0,5,-1.0,5.0692
我来自,2,2,0.5,3,-1.0,2.0692
我每月,2,2,0.5,3,-1.0,3.7473
我的人生,2,2,0.5,4,-1.0,2.0647
我的修道,2,2,0.5,4,-1.0,4.0692
我的光,2,2,0.5,3,-1.0,2.1296
我的兵种,2,2,0.5,4,-1.0,5.0692
我的卡,2,2,0.5,3,-1.0,2.7145
我的原始,2,2,0.5,4,1.0,5.0692
我的天赋,2,2,0.5,4,-1.0,3.9875
我的夫人,2,2,0.5,4,-1.0,5.0692
我的女友是恶,2,2,0.5,6,-1.0,5.0692
我的妹妹,2,2,0.5,4,-1.0,5.0692
我的姐,2,2,0.5,3,-1.0,3.4026
我的姑,2,2,0.5,3,-1.0,5.0692
我的属性,2,2,0.5,4,-1.0,4.0489
我的师父,2,2,0.5,4,-1.0,5.0692
我的御兽,2,2,0.5,4,-1.0,4.3246
我的忍术,2,2,0.5,4,-1.0,5.0692
我的恋爱,2,2,0.5,4,-1.0,3.4432
我的悟性,2,2,0.5,4,-1.0,4.5725
我的情报,2,2,0.5,4,-1.0,4.4843
我的成就,2,2,0.5,4,-1.0,5.0692
我的投,2,2,0.5,3,-1.0,4.7651
我的文艺时代,2,2,0.0,6,-1.0,4.4843
我的时代,2,2,0.0,4,-1.0,2.0806
我的时空,2,2,0.5,4,-1.0,4.1802
我的明星,2,2,0.5,4,-1.0,2.6899
我的末世,2,2,0.5,4,-1.0,3.0806
我的末日,2,2,0.5,4,-1.0,3.8721
我的梦境,2,2,0.5,4,-1.0,5.0692
我的武道,2,2,0.5,4,-1.0,3.2506
我的物品能升级,2,2,0.0,7,-1.0,5.0692
我的生活,2,2,0.5,4,-1.0,2.6899
我的粉丝,2,2,0.5,4,-1.0,5.0692
我的职业面板,2,2,0.5,6,-1.0,5.0692
我的舅舅,2,2,0.5,4,-1.0,5.0692
我的艺人,2,2,0.5,4,-1.0,4.4843
我的谍战,2,2,0.5,4,-1.0,4.0692
我的身份,2,2,0.5,4,-1.0,4.0692
我的邻居,2,2,0.5,4,-1.0,5.0692
我的金,2,2,0.5,3,-1.0,1.9578
我的青,2,2,0.5,3,-1.0,2.7911
我的魔法,2,2,0.5,4,-1.0,3.0692
我直接,2,2,0.5,3,-1.0,4.4843
我真不想当天,2,2,0.5,6,-1.0,5.0692
我真不是大,2,2,0.5,5,-1.0,2.8355
我真得控制你了,2,2,0.0,7,-1.0,5.0692
我真是大,2,2,0.5,4,-1.0,3.295
我真没有,2,2,0.5,4,-1.0,4.4825
我真的不是,2,2,0.5,5,-1.0,5.0229
我真的只想,2,2,0.5,5,-1.0,5.0692
我真的是正,2,2,0.5,5,-1.0,5.0692
我真要,2,2,0.5,3,-1.0,4.0203
我神明,2,2,0.5,3,-1.0,2.0692
我种田,2,2,1.0,3,-1.0,1.6098
我竟成了,2,2,1.0,4,1.0,5.0692
我绑,2,2,0.5,2,-1.0,3.0692
我继承了游戏里的,2,2,0.5,8,-1.0,5.0692
我老婆是天,2,2,0.5,5,-1.0,4.4671
我考,2,2,1.0,2,1.0,2.3688
我能升级,2,2,0.5,4,-1.0,3.2619
我能召唤,2,2,0.5,4,-1.0,5.0692
我能回到,2,2,0.5,4,-1.0,5.0692
我能无限,2,2,0.5,4,-1.0,4.0692
我获得,2,2,0.5,3,-1.0,2.0692
我被曝光了,2,2,1.0,5,-1.0,4.4843
我要死了,2,2,0.0,4,-1.0,5.0692
我觉醒了,2,2,0.5,4,-1.0,5.0692
我赐,2,2,1.0,2,1.0,4.0692
我躺,2,2,1.0,2,1.0,3.0692
我这是,2,2,0.5,3,-1.0,3.2619
我进入,2,2,0.5,3,-1.0,3.0692
战争游戏,2,2,0.5,4,-1.0,5.7993
战五,2,2,0.5,2,1.0,3.973
战地,2,2,0.5,2,-1.0,2.6862
战无,2,2,0.5,2,1.0,1.5347
战舰,2,2,0.5,2,-1.0,5.6169
房东,2,2,0.5,2,-1.0,6.0547
房产大,2,2,0.5,3,-1.0,6.295
房间,2,2,1.0,2,1.0,6.1036
扉间,2,2,0.5,2,1.0,9.4959
手开始的,2,2,0.5,4,1.0,3.7327
手艺人,2,2,1.0,3,-1.0,6.5084
才出道,2,2,0.5,3,-1.0,7.6488
才知,2,2,1.0,2,1.0,5.2105
才艺,2,2,0.5,2,-1.0,4.852
打下一个,2,2,0.5,4,1.0,7.7589
打扰,2,2,0.5,2,1.0,9.3997
打破,2,2,0.5,2,1.0,4.7272
打网球啊,2,2,0.5,4,-1.0,9.3389
打职业啊,2,2,0.5,4,-1.0,8.017
打造完美,2,2,0.5,4,1.0,7.7148
打造最强,2,2,0.5,4,-1.0,6.216
托身,2,2,0.5,2,-1.0,7.445
执掌天,2,2,0.5,3,-1.0,5.1452
扶摇,2,2,1.0,2,-1.0,12.7689
承包商,2,2,0.5,3,-1.0,9.8944
技师,2,2,0.5,2,-1.0,1.8978
技术,2,2,1.0,2,1.0,4.0022
技能树,2,2,0.5,3,-1.0,8.0933
技能点,2,2,0.5,3,-1.0,6.0229
把低武练成了仙武,2,2,0.5,8,-1.0,7.9165
把法官送进去了,2,2,1.0,7,-1.0,6.7993
抗战之,2,2,0.5,3,-1.0,3.8446
抗日之铁血,2,2,0.5,5,-1.0,10.3241
护人,2,2,0.5,2,-1.0,4.1864
报告,2,2,1.0,2,-1.0,9.2246
抽到,2,2,0.5,2,1.0,4.429
抽卡成,2,2,0.5,3,-1.0,5.2181
拒绝后,2,2,0.5,3,-1.0,7.0229
拜见,2,2,0.5,2,-1.0,7.9615
择日,2,2,0.5,2,-1.0,5.8547
拳之,2,2,0.5,2,-1.0,2.1747
拳坛,2,2,0.5,2,-1.0,7.2246
拷问,2,2,0.5,2,1.0,10.5126
拼搏年代,2,2,0.0,4,-1.0,8.2384
挖了,2,2,0.5,2,1.0,4.3398
捡了一,2,2,0.5,3,-1.0,6.5627
捡到一个,2,2,0.5,4,-1.0,6.1739
捡到一只,2,2,0.5,4,-1.0,7.3095
掀起,2,2,0.5,2,1.0,9.0501
掉了,2,2,0.5,2,-1.0,4.2143
掉宝,2,2,0.5,2,-1.0,7.2878
掌控者,2,2,0.5,3,-1.0,6.8835
掌教,2,2,0.5,2,1.0,5.2246
接地气,2,2,0.5,3,-1.0,9.9846
推了,2,2,0.5,2,1.0,3.4773
提供,2,2,0.5,2,1.0,7.71
提督,2,2,0.5,2,-1.0,9.0319
提示,2,2,0.5,2,-1.0,9.6169
搞科,2,2,0.5,2,1.0,6.8487
摄政天下,2,2,0.0,4,-1.0,8.8095
摸底,2,2,1.0,2,1.0,9.0319
摸鱼的日子,2,2,0.5,5,-1.0,7.973
收了,2,2,0.5,2,1.0,2.8924
收容,2,2,0.5,2,1.0,8.71
收租,2,2,1.0,2,1.0,10.0319
收集,2,2,0.5,2,1.0,9.2246
放开那个,2,2,0.5,4,-1.0,7.7589
放牧,2,2,0.5,2,1.0,9.0319
救世主啊,2,2,0.5,4,-1.0,6.8795
教你们,2,2,0.5,3,1.0,6.2664
教员,2,2,0.5,2,-1.0,5.1839
教太子,2,2,1.0,3,1.0,6.1059
教学,2,2,0.5,2,-1.0,3.0685
数值,2,2,0.5,2,1.0,9.3539
整活儿,2,2,1.0,3,1.0,9.6909
整蛊,2,2,0.5,2,-1.0,9.862
整顿,2,2,1.0,2,1.0,11.447
文体,2,2,0.5,2,-1.0,4.5449
文圣,2,2,0.5,2,-1.0,3.0912
文娱从,2,2,0.5,3,-1.0,2.5133
文字,2,2,0.5,2,1.0,7.2611
文盲,2,2,0.5,2,1.0,7.7465
斗破苍穹,2,2,1.0,4,-1.0,8.1739
斗罗之我的武魂是,2,2,0.5,8,-1.0,7.0229
斩妖除魔,2,2,0.5,4,1.0,8.044
斩鬼神,2,2,0.5,3,-1.0,6.6057
斯的,2,2,0.5,2,1.0,1.7136
新一,2,2,0.5,2,1.0,2.3403
方丈,2,2,0.5,2,-1.0,9.2246
方式,2,2,0.5,2,-1.0,8.1091
方知是,2,2,0.5,3,-1.0,6.438
旅行者,2,2,0.5,3,-1.0,7.0762
旅途,2,2,0.5,2,-1.0,6.936
族无,2,2,0.5,2,1.0,2.4644
无人不,2,2,0.5,3,1.0,6.5347
无妖,2,2,0.5,2,-1.0,1.9619
无意,2,2,0.5,2,1.0,4.3972
无所,2,2,1.0,2,1.0,4.3972
无敌天,2,2,0.5,3,-1.0,1.5364
无数个我同时,2,2,0.5,6,-1.0,7.8567
无良,2,2,0.5,2,-1.0,4.2128
无限制,2,2,0.5,3,-1.0,4.6665
无限就职,2,2,1.0,4,-1.0,7.8567
无限恐怖之,2,2,0.5,5,-1.0,5.719
无限轮回,2,2,1.0,4,-1.0,5.6385
日超,2,2,0.5,2,1.0,1.8137
时代变了,2,2,0.0,4,-1.0,6.7993
时代巨,2,2,0.5,3,-1.0,4.2972
时候,2,2,0.5,2,1.0,8.4153
时归,2,2,0.5,2,-1.0,4.0229
时空酒馆,2,2,1.0,4,-1.0,8.4153
昆仑,2,2,0.5,2,-1.0,14.9388
明君,2,2,0.5,2,-1.0,2.438
明很,2,2,0.5,2,1.0,3.5465
明日之,2,2,0.5,3,-1.0,4.9821
明明超强却,2,2,1.0,5,1.0,7.5465
明星爱,2,2,0.5,3,1.0,5.0338
明朝当暴君,2,2,0.5,5,-1.0,7.5465
星之主,2,2,0.5,3,-1.0,4.0808
星传奇,2,2,0.5,3,-1.0,3.7294
星夫,2,2,0.5,2,1.0,3.2109
星奶爸,2,2,0.5,3,-1.0,5.1315
星很,2,2,0.5,2,1.0,3.9388
星战,2,2,0.5,2,-1.0,1.6169
星来,2,2,0.5,2,1.0,1.5813
星门,2,2,1.0,2,-1.0,1.6909
星际争霸,2,2,1.0,4,-1.0,7.9388
春色,2,2,0.5,2,-1.0,6.6604
昭烈,2,2,1.0,2,1.0,11.5465
是为了,2,2,0.5,3,1.0,4.853
是二,2,2,0.5,2,1.0,2.0006
是人类,2,2,0.5,3,-1.0,4.2156
是人间,2,2,1.0,3,1.0,3.6306
是什么鬼,2,2,0.5,4,-1.0,3.4994
是全能大,2,2,0.5,4,1.0,6.0229
是剑仙,2,2,0.5,3,-1.0,3.6306
是剑神,2,2,0.5,3,-1.0,5.0207
是千,2,2,0.5,2,1.0,2.0457
是天仙妈,2,2,0.5,4,-1.0,7.0229
是天王,2,2,0.5,3,-1.0,4.2156
是如,2,2,0.5,2,1.0,3.4994
是妖怪,2,2,0.5,3,-1.0,4.853
是学霸,2,2,0.5,3,-1.0,2.701
是富二代,2,2,0.5,4,-1.0,6.0229
是封神,2,2,0.5,3,-1.0,3.5635
是巨星,2,2,0.5,3,-1.0,2.775
是幕后大佬,2,2,0.5,5,-1.0,6.438
是恋爱,2,2,0.5,3,1.0,2.8937
是抽象,2,2,0.5,3,1.0,5.701
是李,2,2,0.5,2,1.0,3.3225
是模,2,2,0.5,2,1.0,1.7375
是正经,2,2,0.5,3,1.0,3.9355
是没人要,2,2,0.5,4,-1.0,7.0229
是活阎王,2,2,0.5,4,-1.0,7.0229
是深,2,2,0.5,2,1.0,2.701
是玩,2,2,0.5,2,1.0,1.5967
是神话,2,2,0.5,3,1.0,2.1161
是精神病,2,2,0.5,4,-1.0,5.0229
是绝,2,2,0.5,2,1.0,1.9569
是西游,2,2,0.5,3,-1.0,2.4684
是谁,2,2,0.5,2,-1.0,2.2156
是邪神,2,2,0.5,3,-1.0,4.853
是魔教教主,2,2,0.5,5,-1.0,6.438
晚年,2,2,0.5,2,-1.0,5.1234
晚明,2,2,1.0,2,-1.0,4.459
普通,2,2,0.5,2,1.0,8.0933
智能,2,2,0.5,2,-1.0,3.9872
暗主宰,2,2,0.5,3,-1.0,8.4876
暗部,2,2,1.0,2,1.0,8.71
曙光,2,2,0.5,2,-1.0,9.4959
最初,2,2,0.5,2,-1.0,5.9963
最后的地球,2,2,0.5,5,-1.0,8.9054
最强肉,2,2,0.5,3,1.0,6.3315
最狠暴君,2,2,0.5,4,-1.0,8.9963
最长,2,2,0.5,2,-1.0,2.2215
有些,2,2,0.5,2,1.0,4.6345
有亿点,2,2,0.5,3,1.0,7.2194
有外挂,2,2,1.0,3,1.0,5.104
有大帝之,2,2,0.5,4,1.0,6.304
有大问题,2,2,0.5,4,-1.0,7.8044
有奖励,2,2,0.5,3,-1.0,5.4825
有套房,2,2,0.5,3,-1.0,7.8044
有座,2,2,0.5,2,1.0,3.519
有点不对劲,2,2,0.5,5,-1.0,7.8044
有点稳,2,2,0.5,3,-1.0,7.8044
有特,2,2,0.5,2,1.0,3.132
有福,2,2,0.5,2,-1.0,3.76
有红警基地,2,2,0.5,5,1.0,7.8044
有那么,2,2,0.5,3,1.0,7.8044
朕又,2,2,0.5,2,-1.0,7.8303
朕真,2,2,0.5,2,-1.0,4.5387
望族,2,2,0.5,2,-1.0,6.7391
望清单,2,2,0.5,3,-1.0,11.0319
朝九晚五,2,2,0.0,4,-1.0,9.71
朝完美,2,2,0.5,3,1.0,6.1864
朝廷鹰犬,2,2,0.5,4,-1.0,9.71
木匠皇帝,2,2,0.5,4,-1.0,8.2593
木叶之最强,2,2,0.5,5,-1.0,7.0319
未来可期,2,2,1.0,4,-1.0,10.7689
未来的,2,2,0.5,3,1.0,1.9587
末世重生,2,2,0.5,4,-1.0,3.0633
末日文,2,2,0.5,3,1.0,5.368
末法时代的,2,2,0.5,5,-1.0,4.7136
本后,2,2,1.0,2,1.0,3.3791
本座,2,2,0.5,2,-1.0,5.4246
术没有上限,2,2,0.5,5,-1.0,8.295
术直播间,2,2,0.5,4,-1.0,7.447
朱门,2,2,0.5,2,-1.0,4.8329
朽世,2,2,0.5,2,1.0,4.7251
杀星,2,2,1.0,2,1.0,3.0081
杀疯了,2,2,0.5,3,-1.0,6.7993
杀神,2,2,1.0,2,-1.0,1.6749
杂鱼,2,2,1.0,2,1.0,9.3766
李承乾,2,2,1.0,3,1.0,11.2384
李相赫,2,2,1.0,3,1.0,11.2384
村的,2,2,0.5,2,1.0,2.3213
来当,2,2,0.5,2,1.0,1.7048
来打,2,2,0.5,2,1.0,3.0421
来求,2,2,0.5,2,1.0,3.9666
极传,2,2,0.5,2,1.0,4.3033
极品修真,2,2,0.5,4,-1.0,8.0623
极品天,2,2,0.5,3,-1.0,3.1452
极品直播之,2,2,0.5,5,-1.0,6.304
林的,2,2,0.5,2,1.0,1.9587
某科学的,2,2,0.5,4,-1.0,5.7136
柯南里的,2,2,0.5,4,-1.0,5.7136
校教,2,2,0.5,2,1.0,5.4959
校的,2,2,0.5,2,1.0,1.8556
根本,2,2,0.5,2,1.0,7.5401
梅西,2,2,1.0,2,1.0,6.9905
梦大师,2,2,0.5,3,-1.0,5.6992
梦幻西游,2,2,0.5,4,-1.0,7.922
梦时代,2,2,0.5,3,-1.0,4.4928
械主宰,2,2,0.5,3,-1.0,9.431
检察官,2,2,0.5,3,-1.0,9.8095
楚氏,2,2,0.5,2,-1.0,10.9615
概念神,2,2,1.0,3,-1.0,6.0207
模拟长生路,2,2,0.5,5,-1.0,9.4712
模板开始,2,2,0.5,4,-1.0,3.6782
横刀,2,2,0.5,2,-1.0,6.6814
横推万界,2,2,1.0,4,-1.0,7.1607
横推从,2,2,0.5,3,-1.0,3.6832
次元壁,2,2,0.5,3,-1.0,9.447
次元聊天群,2,2,0.5,5,-1.0,7.6814
欺诈,2,2,1.0,2,1.0,12.3539
歌土,2,2,0.5,2,-1.0,7.8461
歌手开始,2,2,0.5,4,-1.0,5.4856
正常玩,2,2,0.5,3,1.0,6.3426
正得发邪,2,2,0.5,4,-1.0,9.7294
正法,2,2,0.5,2,-1.0,3.363
正能量,2,2,0.5,3,-1.0,9.1444
此人,2,2,0.5,2,-1.0,3.701
此刻,2,2,1.0,2,1.0,9.9615
武侠世界大,2,2,0.5,5,-1.0,3.973
武侠仙侠世界,2,2,0.5,6,-1.0,7.1607
武侠江湖,2,2,0.5,4,-1.0,7.862
武僧在,2,2,0.5,3,1.0,6.4202
武圣从,2,2,0.5,3,-1.0,3.0202
武士,2,2,0.5,2,-1.0,2.707
武太,2,2,0.5,2,1.0,1.678
武林盟主,2,2,0.5,4,-1.0,7.9165
武林神话,2,2,0.5,4,-1.0,7.862
武纪元,2,2,0.5,3,-1.0,4.829
武道登神,2,2,1.0,4,-1.0,6.6057
武道长生,2,2,1.0,4,-1.0,4.6627
武魂殿,2,2,1.0,3,1.0,7.3315
死不,2,2,0.5,2,1.0,1.507
死你们,2,2,0.5,3,-1.0,6.1234
死者,2,2,0.5,2,1.0,3.1556
殷商,2,2,1.0,2,1.0,10.4794
每月一个,2,2,1.0,4,1.0,7.7589
比赛,2,2,1.0,2,1.0,8.2246
氏春秋,2,2,0.5,3,-1.0,10.9615
气仙,2,2,1.0,2,1.0,2.0777
气哭,2,2,1.0,2,1.0,6.7367
气朝,2,2,0.5,2,1.0,4.7558
气逼人,2,2,0.5,3,-1.0,6.5084
水元成,2,2,0.5,3,-1.0,7.3881
求你别,2,2,1.0,3,1.0,9.3241
求我别,2,2,0.5,3,1.0,8.1542
求放过,2,2,0.5,3,-1.0,9.9388
求求你,2,2,0.5,3,-1.0,7.2664
求长生,2,2,0.5,3,-1.0,4.3699
汉子,2,2,0.5,2,-1.0,3.4812
江山美人,2,2,0.5,4,-1.0,5.9234
沙漠,2,2,0.5,2,1.0,13.1315
没有假期,2,2,0.5,4,-1.0,9.3842
没有兴趣,2,2,0.5,4,-1.0,8.7993
没有瓶颈,2,2,0.5,4,-1.0,9.3842
没有英灵的我只能,2,2,0.5,8,-1.0,8.0746
没落网,2,2,0.5,3,-1.0,8.7993
河之上,2,2,0.5,3,-1.0,7.4959
河图,2,2,0.5,2,-1.0,7.0022
泉有,2,2,0.5,2,1.0,5.8044
法修,2,2,0.5,2,1.0,1.5613
法力无边,2,2,0.5,4,-1.0,8.5725
法开始肝,2,2,0.5,4,1.0,6.7651
法无天,2,2,0.5,3,-1.0,5.8822
泡沫时代,2,2,0.5,4,-1.0,8.2384
洗白,2,2,1.0,2,1.0,8.862
活着,2,2,1.0,2,1.0,5.3278
派大,2,2,0.5,2,1.0,1.6803
派的我,2,2,0.5,3,1.0,3.4843
流窜,2,2,0.5,2,-1.0,9.71
流金,2,2,0.5,2,-1.0,4.0953
浪了,2,2,0.5,2,-1.0,3.0988
浪到失联,2,2,0.0,4,-1.0,10.1059
浴血,2,2,0.5,2,-1.0,9.7391
海克斯,2,2,0.5,3,1.0,8.435
海军,2,2,0.5,2,1.0,3.8301
海扬帆,2,2,0.5,3,-1.0,8.435
海提,2,2,0.5,2,1.0,4.698
海贼世界,2,2,0.5,4,-1.0,3.0173
海贼王之,2,2,0.5,4,-1.0,4.4967
消失,2,2,0.5,2,1.0,10.0319
深渊入侵,2,2,0.0,4,-1.0,9.1509
混在漫威,2,2,0.5,4,-1.0,8.2315
混在美,2,2,0.5,3,-1.0,5.9171
混进,2,2,0.5,2,1.0,5.5241
混迹,2,2,0.5,2,1.0,7.6396
渊天,2,2,0.5,2,-1.0,3.0748
渔人,2,2,0.5,2,-1.0,3.6015
温暖的,2,2,0.5,3,-1.0,5.7136
港岛枭雄,2,2,1.0,4,-1.0,10.0562
港岛豪门,2,2,0.5,4,-1.0,8.6909
港综警,2,2,0.5,3,-1.0,6.3539
游之重,2,2,0.5,3,1.0,2.8257
游之金,2,2,0.5,3,1.0,5.0022
游乐场,2,2,0.5,3,-1.0,7.922
游戏公,2,2,1.0,3,1.0,4.0179
游戏帝国,2,2,0.5,4,-1.0,4.3398
游戏成真了,2,2,0.5,5,-1.0,6.2143
游戏面板,2,2,0.5,4,-1.0,5.0444
游诸天,2,2,0.5,3,-1.0,1.5733
游轮,2,2,0.5,2,-1.0,3.9678
源大,2,2,0.5,2,1.0,3.295
满仓,2,2,0.5,2,-1.0,8.9445
满天,2,2,0.5,2,1.0,1.7947
满的我,2,2,1.0,3,1.0,4.7907
满级导演,2,2,1.0,4,-1.0,8.2246
满贯,2,2,0.5,2,1.0,8.9445
演技,2,2,0.5,2,1.0,4.258
演游戏,2,2,0.5,3,-1.0,3.7332
漩涡面麻,2,2,0.5,4,-1.0,13.1315
漫威之,2,2,1.0,3,-1.0,2.0561
漫威里的,2,2,0.5,4,-1.0,5.7136
漫游,2,2,0.5,2,-1.0,2.1941
潇洒人生,2,2,0.5,4,-1.0,6.3186
火影之最强,2,2,0.5,5,-1.0,6.6921
灵帝国,2,2,0.5,3,-1.0,4.698
灵异,2,2,0.5,2,1.0,2.948
灵笼,2,2,0.0,2,-1.0,7.1575
炮灰不,2,2,0.5,3,-1.0,5.65
点满,2,2,1.0,2,1.0,4.8741
炼丹,2,2,0.5,2,1.0,7.2453
炼金手记,2,2,1.0,4,-1.0,9.5813
烽火之,2,2,0.5,3,1.0,5.304
然后成为,2,2,0.5,4,-1.0,8.8408
然成,2,2,0.5,2,1.0,3.4812
熟练度面板,2,2,0.5,5,-1.0,8.7245
爆肝,2,2,1.0,2,1.0,6.8972
爱情,2,2,0.5,2,1.0,5.3017
爱模拟器,2,2,0.5,4,-1.0,6.1091
父刘,2,2,0.5,2,1.0,7.2506
父是康熙,2,2,0.5,4,-1.0,9.5725
父皇,2,2,0.0,2,-1.0,4.3373
爹开始,2,2,0.5,3,-1.0,3.9006
片的,2,2,1.0,2,1.0,2.0132
版本太低,2,2,1.0,4,1.0,12.0319
物品栏,2,2,0.5,3,-1.0,9.5465
物来,2,2,0.5,2,1.0,3.189
物融合,2,2,1.0,3,1.0,7.0871
物资,2,2,0.5,2,-1.0,6.0871
特性,2,2,0.5,2,-1.0,5.6225
状元郎,2,2,1.0,3,-1.0,10.447
状态栏,2,2,0.5,3,-1.0,11.9388
狗都不,2,2,1.0,3,1.0,7.2349
独断万古,2,2,0.5,4,-1.0,9.672
独闯天涯,2,2,1.0,4,-1.0,10.6534
猎日,2,2,0.5,2,1.0,3.5327
玄幻世界,2,2,0.5,4,1.0,5.578
玄武,2,2,1.0,2,1.0,3.9165
王大人,2,2,0.5,3,1.0,5.698
玩具,2,2,1.0,2,1.0,7.5126
玩家请,2,2,0.5,3,-1.0,5.5115
玩家重,2,2,0.5,3,-1.0,2.3928
玩物人生,2,2,1.0,4,-1.0,6.3186
现在,2,2,0.5,2,-1.0,2.4202
球变,2,2,0.5,2,1.0,3.6016
球挖,2,2,0.5,2,1.0,6.446
球模拟,2,2,0.5,3,1.0,4.0228
球王,2,2,0.5,2,-1.0,2.124
生之不,2,2,0.5,3,1.0,1.6202
生从娶,2,2,0.5,3,1.0,4.9967
生手册,2,2,0.5,3,-1.0,3.5112
生武圣,2,2,0.5,3,-1.0,3.0707
生活技能,2,2,0.5,4,-1.0,6.3186
生白,2,2,0.5,2,1.0,1.5637
申公豹,2,2,0.5,3,-1.0,14.3539
电影世界大,2,2,0.5,5,-1.0,4.973
电影抽,2,2,0.5,3,1.0,7.936
电影的,2,2,0.5,3,-1.0,2.4657
电磁,2,2,0.5,2,-1.0,9.4794
电脑,2,2,0.5,2,-1.0,7.3919
电视剧,2,2,0.5,3,-1.0,9.4794
男主,2,2,0.5,2,-1.0,3.2384
画美,2,2,0.5,2,1.0,4.5692
界加点修行,2,2,0.5,5,-1.0,5.8388
界征服,2,2,0.5,3,1.0,5.1607
界末日,2,2,0.5,3,1.0,3.4603
界玩,2,2,0.5,2,1.0,1.7345
界登,2,2,0.5,2,1.0,3.5169
界长生不死,2,2,0.5,5,-1.0,4.9908
界高,2,2,0.5,2,1.0,1.6689
疯狂的,2,2,0.5,3,-1.0,3.2542
登录,2,2,0.5,2,1.0,7.295
白手起家,2,2,0.0,4,-1.0,7.7942
白猿,2,2,1.0,2,1.0,9.1839
百世修仙,2,2,0.0,4,-1.0,7.0319
百倍,2,2,1.0,2,1.0,8.2488
百兽,2,2,0.5,2,-1.0,5.1493
百无禁忌,2,2,1.0,4,-1.0,10.0562
百鬼夜行,2,2,0.5,4,-1.0,9.1444
的世界之,2,2,0.5,4,1.0,4.1287
的二次元,2,2,0.5,4,1.0,3.3917
的云养,2,2,0.5,3,1.0,5.7136
的修仙游戏,2,2,0.5,5,1.0,5.1287
的修道生涯,2,2,0.5,5,-1.0,5.7136
的儿子,2,2,0.5,3,1.0,4.1287
的副本,2,2,0.5,3,1.0,3.1287
的反派,2,2,0.5,3,1.0,1.6692
的召唤师,2,2,0.5,4,-1.0,4.1287
的吃瓜,2,2,0.5,3,1.0,4.3917
的吗,2,2,0.5,2,-1.0,1.8556
的唯一玩家,2,2,0.5,5,-1.0,5.7136
的大内,2,2,0.5,3,1.0,4.7136
的大魔王,2,2,0.5,4,-1.0,3.9063
的头号黑粉,2,2,0.5,5,-1.0,5.1287
的学习,2,2,0.5,3,1.0,3.7136
的完美,2,2,0.5,3,1.0,2.1901
的小白脸,2,2,0.5,4,-1.0,5.7136
的尸解仙,2,2,0.5,4,-1.0,5.7136
的工业,2,2,0.5,3,1.0,2.6262
的平凡,2,2,0.5,3,1.0,3.7136
的幸福生活,2,2,0.5,5,-1.0,5.1287
的异世界,2,2,0.5,4,1.0,2.1287
的快乐你,2,2,0.5,4,1.0,5.7136
的我不是,2,2,0.5,4,1.0,2.4657
的我加入,2,2,0.5,4,1.0,5.1287
的我却成了,2,2,0.5,5,1.0,5.7136
的我怎么成,2,2,0.5,5,1.0,4.7136
的我无敌了,2,2,0.5,5,-1.0,5.7136
的我没有格局,2,2,0.5,6,-1.0,5.7136
的我终成,2,2,0.5,4,1.0,5.7136
的我被迫成了,2,2,0.5,6,1.0,5.7136
的战争,2,2,0.5,3,-1.0,2.7136
的战锤之旅,2,2,0.5,5,-1.0,5.7136
的收,2,2,0.5,2,1.0,1.8067
的文弱,2,2,0.5,3,1.0,5.7136
的文艺人生,2,2,0.5,5,-1.0,5.1287
的旁,2,2,0.5,2,1.0,3.9063
的旅者,2,2,0.5,3,-1.0,5.7136
的无限之旅,2,2,0.5,5,-1.0,5.7136
的日本,2,2,0.5,3,1.0,3.2542
的日记,2,2,1.0,3,1.0,2.6262
的智,2,2,0.5,2,1.0,1.6262
的朱元璋,2,2,0.5,4,-1.0,3.7136
的机械,2,2,0.5,3,1.0,3.2542
的标签,2,2,0.5,3,1.0,5.7136
的梦幻,2,2,0.5,3,1.0,4.1287
的流浪,2,2,0.5,3,1.0,3.9063
的混,2,2,0.5,2,1.0,1.5843
的炮,2,2,0.5,2,1.0,2.9063
的猫,2,2,0.5,2,1.0,2.6262
的王牌特,2,2,0.5,4,1.0,5.7136
的白月光,2,2,0.5,4,-1.0,3.9063
的神级,2,2,0.5,3,1.0,1.8556
的科学,2,2,0.5,3,1.0,2.0132
的符,2,2,0.5,2,1.0,3.1287
的维,2,2,0.5,2,1.0,2.1901
的舰娘,2,2,0.5,3,-1.0,4.3917
的荣,2,2,0.5,2,1.0,2.9063
的虫,2,2,0.5,2,1.0,3.1287
的诡异,2,2,0.5,3,1.0,1.6692
的谍战生涯,2,2,0.5,5,-1.0,5.7136
的贴身,2,2,0.5,3,1.0,4.7136
的赛博,2,2,0.5,3,1.0,3.1287
的超人,2,2,0.5,3,-1.0,2.2542
的边缘,2,2,0.5,3,1.0,4.3917
的退休,2,2,0.5,3,1.0,3.5437
的道士,2,2,0.5,3,-1.0,3.5437
的那几年,2,2,0.5,4,-1.0,5.7136
的邪恶,2,2,0.5,3,1.0,5.1287
的钢铁,2,2,0.5,3,1.0,3.2542
的青梅,2,2,1.0,3,1.0,3.2542
的韩,2,2,0.5,2,1.0,3.0132
的餐,2,2,0.5,2,1.0,4.7136
的鸣人,2,2,0.5,3,-1.0,3.7136
皇兄,2,2,0.5,2,-1.0,5.7967
皇太孙,2,2,0.5,3,-1.0,9.1186
皇女,2,2,1.0,2,1.0,2.1414
皇帝太,2,2,0.5,3,1.0,4.8931
皇族,2,2,1.0,2,-1.0,3.7263
皇长,2,2,0.5,2,1.0,2.3439
皇马,2,2,0.5,2,1.0,5.4748
盈门,2,2,0.5,2,-1.0,8.6909
监护,2,2,1.0,2,1.0,9.447
盗墓贼,2,2,0.5,3,-1.0,7.5021
盘世界,2,2,0.5,3,-1.0,4.4405
盛宴,2,2,0.5,2,-1.0,11.2384
盲盒,2,2,0.5,2,1.0,12.0319
直呼,2,2,0.5,2,1.0,7.862
直播之荒野,2,2,0.5,5,-1.0,9.3919
直播在,2,2,0.5,3,-1.0,2.3904
直死,2,2,0.5,2,-1.0,4.304
真不会,2,2,0.5,3,1.0,5.4773
真实历史,2,2,0.5,4,-1.0,8.0623
真就,2,2,0.5,2,1.0,2.2941
真是个,2,2,0.5,3,1.0,4.1151
真是大明星,2,2,0.5,5,-1.0,6.0623
真的很,2,2,0.5,3,1.0,6.8095
真的没,2,2,0.5,3,1.0,5.2549
真练成了,2,2,1.0,4,1.0,6.7993
眼开始,2,2,0.5,3,-1.0,3.2376
知道剧情的,2,2,1.0,5,1.0,5.1287
石开始,2,2,0.5,3,-1.0,3.6782
砍翻江湖,2,2,0.5,4,-1.0,10.0319
破了,2,2,0.5,2,-1.0,2.1268
破产,2,2,0.5,2,1.0,7.6814
破坏,2,2,0.5,2,1.0,6.807
破案,2,2,1.0,2,-1.0,7.9445
破限,2,2,0.5,2,1.0,4.396
碳基,2,2,0.5,2,1.0,10.8944
祖国人降临,2,2,1.0,5,-1.0,10.1315
神之主,2,2,0.5,3,-1.0,2.7477
神传奇,2,2,0.5,3,-1.0,2.3962
神农,2,2,0.5,2,-1.0,2.3962
神印王座,2,2,0.0,4,-1.0,6.6057
神器,2,2,0.5,2,-1.0,2.0821
神猎,2,2,0.5,2,1.0,1.5833
神的黑,2,2,0.5,3,1.0,3.7983
神秘之,2,2,0.5,3,-1.0,3.6036
神级大,2,2,0.5,3,-1.0,2.437
神级学霸,2,2,0.5,4,-1.0,6.0207
神经病,2,2,1.0,3,1.0,6.6057
神话复苏,2,2,1.0,4,-1.0,6.6057
神话帝皇,2,2,0.5,4,-1.0,6.6057
神通无,2,2,0.5,3,1.0,5.6867
祭坛,2,2,0.5,2,-1.0,9.1839
祸水,2,2,1.0,2,-1.0,8.6169
禁咒,2,2,0.5,2,-1.0,9.672
禁忌生命,2,2,0.5,4,-1.0,9.8727
禁止,2,2,1.0,2,1.0,10.1575
福地,2,2,1.0,2,1.0,4.9637
福晋,2,2,0.5,2,-1.0,8.5725
离婚后前妻成,2,2,0.5,6,-1.0,7.3881
秋不,2,2,0.5,2,1.0,4.7755
种出,2,2,0.5,2,1.0,4.5638
种子,2,2,0.5,2,1.0,2.973
种田忙,2,2,0.5,3,-1.0,9.9388
种神树,2,2,0.5,3,-1.0,9.9388
科举,2,2,0.5,2,1.0,6.8487
科技霸主从,2,2,0.5,5,-1.0,5.6832
科普,2,2,1.0,2,1.0,6.8487
秘密,2,2,0.5,2,1.0,8.02
秘术,2,2,0.5,2,-1.0,5.1575
移动,2,2,0.5,2,-1.0,10.8514
稳健修,2,2,0.5,3,-1.0,5.7577
稳重,2,2,0.5,2,1.0,4.2408
空城,2,2,0.5,2,-1.0,4.9392
空彼岸,2,2,0.5,3,-1.0,8.431
穿越三代,2,2,0.0,4,-1.0,7.6534
穿越八,2,2,0.5,3,-1.0,4.7521
穿越者聊天群,2,2,0.5,6,-1.0,8.6814
窃听,2,2,0.5,2,1.0,10.1575
立地成仙,2,2,0.5,4,-1.0,7.0319
竟然真,2,2,0.5,3,-1.0,6.7404
竟被,2,2,1.0,2,1.0,5.1371
童开始,2,2,0.5,3,-1.0,4.1636
童星,2,2,1.0,2,1.0,5.6169
笑疯,2,2,1.0,2,-1.0,7.862
第一侯,2,2,1.0,3,-1.0,7.3881
第一剑,2,2,0.5,3,-1.0,3.4339
第一妖,2,2,0.5,3,-1.0,3.8152
第一强,2,2,0.5,3,1.0,3.7327
第一次,2,2,0.5,3,-1.0,5.5401
第一纨绔,2,2,0.5,4,-1.0,7.9026
第三,2,2,0.5,2,1.0,3.1708
签到三,2,2,0.5,3,1.0,4.9551
签到从,2,2,0.5,3,-1.0,2.5133
算开,2,2,0.5,2,1.0,3.0719
算我输,2,2,0.5,3,-1.0,12.0319
管理,2,2,0.5,2,1.0,7.1839
篡清,2,2,0.0,2,-1.0,9.8303
篮坛之,2,2,0.5,3,-1.0,4.1341
米后,2,2,1.0,2,1.0,6.6079
精灵女,2,2,0.5,3,1.0,4.1036
精绝,2,2,0.5,2,1.0,5.1448
系学霸,2,2,0.5,3,-1.0,4.1493
系文豪,2,2,0.5,3,-1.0,4.7163
系游戏,2,2,0.5,3,-1.0,2.3317
系统托管,2,2,0.5,4,1.0,8.4712
系统有,2,2,0.5,3,1.0,1.8855
系统让我,2,2,0.5,4,-1.0,5.0692
系统说我,2,2,0.5,4,-1.0,5.0692
系美,2,2,0.5,2,1.0,1.909
紫霄,2,2,0.5,2,-1.0,11.447
红温型,2,2,1.0,3,1.0,9.3842
级专家,2,2,0.5,3,-1.0,6.936
级农,2,2,0.5,2,1.0,4.3115
级卡,2,2,0.5,2,1.0,3.663
级巨兽,2,2,0.5,3,-1.0,7.936
级巨星,2,2,0.5,3,-1.0,4.273
级悟性,2,2,0.5,3,-1.0,5.521
级文明,2,2,0.5,3,-1.0,5.936
级星,2,2,0.5,2,1.0,1.521
级能,2,2,0.5,2,1.0,1.6568
级预,2,2,0.5,2,1.0,6.936
纯良,2,2,0.5,2,-1.0,8.71
练到,2,2,0.5,2,1.0,3.1178
练邪功,2,2,0.5,3,-1.0,9.8727
组建,2,2,0.5,2,1.0,8.9558
经济,2,2,0.5,2,1.0,9.447
经理人,2,2,0.5,3,-1.0,5.1864
经纪人,2,2,0.5,3,1.0,5.9234
经营,2,2,0.5,2,-1.0,7.862
给人,2,2,0.5,2,1.0,2.5542
绝世之天,2,2,0.5,4,-1.0,4.8822
绝世唐门之,2,2,0.5,5,-1.0,5.304
绝代,2,2,0.5,2,-1.0,3.1723
绝命,2,2,0.5,2,-1.0,4.8066
绝女,2,2,0.5,2,1.0,2.8955
绣春,2,2,0.5,2,1.0,8.4153
网游之一枪,2,2,0.5,5,-1.0,9.431
网游之全,2,2,0.5,4,-1.0,4.539
网游之神级,2,2,0.5,5,-1.0,7.2735
罗峰,2,2,0.5,2,1.0,6.3426
罗模板,2,2,1.0,3,-1.0,6.1202
罢了,2,2,0.5,2,-1.0,6.2143
美利坚财富,2,2,0.5,5,-1.0,8.3766
美恐,2,2,0.5,2,1.0,5.4697
美时代,2,2,0.5,3,-1.0,2.8847
美漫世界开,2,2,0.5,5,1.0,3.9788
美漫世界的,2,2,0.5,5,-1.0,3.7136
美漫之超,2,2,0.5,4,-1.0,7.6124
美金,2,2,0.5,2,-1.0,2.7619
群星,2,2,0.5,2,-1.0,3.0808
群里,2,2,0.5,2,1.0,4.9934
群雄,2,2,0.5,2,-1.0,5.1982
翡翠,2,2,1.0,2,1.0,14.3539
翻天,2,2,0.5,2,1.0,3.5603
老乡,2,2,1.0,2,-1.0,5.8205
老头,2,2,0.5,2,1.0,4.2356
老婆是女,2,2,0.5,4,1.0,5.0547
老子,2,2,0.5,2,1.0,2.1027
老年,2,2,0.5,2,1.0,2.3405
老曹,2,2,0.5,2,-1.0,6.1616
老爹,2,2,1.0,2,1.0,6.4835
老登逆袭,2,2,1.0,4,1.0,9.0685
老祖了,2,2,0.5,3,-1.0,4.4773
考状元开始,2,2,0.5,5,-1.0,6.441
者为,2,2,0.5,2,1.0,2.7855
者无,2,2,0.5,2,1.0,1.8014
聊天室,2,2,0.5,3,-1.0,8.7294
聊天群的,2,2,0.5,4,-1.0,1.6262
聊斋大,2,2,0.5,3,-1.0,3.71
职业大师,2,2,0.5,4,-1.0,6.4835
职业通天代,2,2,0.5,5,-1.0,8.2384
联盟之电竞,2,2,0.5,5,-1.0,10.1059
联系,2,2,0.5,2,1.0,3.6383
肉体,2,2,0.5,2,1.0,6.8303
肉开始,2,2,0.5,3,-1.0,2.9006
肝出个,2,2,0.5,3,-1.0,7.7589
肝属性,2,2,0.5,3,-1.0,7.4611
肝成宇宙,2,2,0.5,4,-1.0,8.779
肝成武,2,2,0.5,3,-1.0,5.457
肝技能,2,2,0.5,3,-1.0,7.4611
肝熟练度,2,2,0.5,4,-1.0,8.5252
肯定,2,2,1.0,2,1.0,11.1059
能力者,2,2,0.5,3,-1.0,5.7961
能叫重生吗,2,2,0.5,5,-1.0,8.0746
能大明星,2,2,0.5,4,-1.0,4.7527
能源,2,2,0.5,2,1.0,5.0746
脑子,2,2,0.5,2,-1.0,4.8856
脱下画皮,2,2,0.5,4,-1.0,12.6169
自然,2,2,0.5,2,1.0,5.589
自爆,2,2,1.0,2,1.0,5.4084
自由后,2,2,1.0,3,1.0,6.1485
致郁,2,2,0.5,2,1.0,12.4794
舰娘之,2,2,0.5,3,-1.0,4.9821
船长,2,2,0.5,2,1.0,6.8421
艺男神,2,2,0.5,3,-1.0,6.6057
艾尔登法环,2,2,1.0,5,-1.0,11.9388
艾露,2,2,0.5,2,1.0,10.9165
芙莉莲,2,2,0.0,3,-1.0,12.9388
苍天,2,2,0.5,2,-1.0,3.4671
苟仙,2,2,0.5,2,-1.0,2.7465
苟到,2,2,1.0,2,1.0,3.8985
苟在仙,2,2,0.5,3,-1.0,3.5084
苟在修仙界,2,2,0.5,5,-1.0,7.1607
苟在妖,2,2,0.5,3,-1.0,5.5204
苟在神诡,2,2,0.5,4,-1.0,8.8303
苟长生,2,2,0.5,3,-1.0,4.6992
荒不,2,2,0.5,2,1.0,1.7592
荒野之,2,2,0.5,3,-1.0,3.2165
荒野直播之,2,2,0.5,5,-1.0,6.304
荣耀,2,2,0.5,2,-1.0,11.5465
获得了,2,2,0.5,3,1.0,3.7993
菩提,2,2,0.5,2,1.0,10.0319
萧炎穿越成,2,2,0.5,5,-1.0,7.3881
落天,2,2,0.5,2,1.0,2.9436
落的,2,2,0.5,2,1.0,2.1901
蒸汽世界的,2,2,0.5,5,-1.0,5.7136
藤丸,2,2,0.5,2,-1.0,13.9388
蘑菇,2,2,0.5,2,1.0,14.9388
虫子,2,2,0.5,2,-1.0,5.3881
虫群,2,2,0.5,2,1.0,7.4959
蜀山游戏,2,2,0.5,4,-1.0,6.9919
融合万,2,2,1.0,3,1.0,5.9875
行政,2,2,0.5,2,1.0,7.5594
行走诸天,2,2,0.5,4,-1.0,6.4671
衣冠,2,2,0.5,2,-1.0,7.1773
表哥,2,2,0.5,2,-1.0,8.7689
袁术,2,2,1.0,2,-1.0,9.6169
被全网,2,2,0.5,3,1.0,6.8741
被女儿,2,2,0.5,3,1.0,6.5846
被小,2,2,0.5,2,-1.0,2.9355
被杀,2,2,1.0,2,1.0,4.1133
被祖,2,2,0.5,2,1.0,4.3161
被禁,2,2,1.0,2,1.0,5.5846
被青梅,2,2,0.5,3,-1.0,6.5846
裁决,2,2,1.0,2,-1.0,10.447
裁员,2,2,0.5,2,-1.0,8.447
装成,2,2,0.5,2,1.0,3.1786
西厂,2,2,0.5,2,1.0,6.8835
西游之大,2,2,0.5,4,-1.0,3.8355
要对,2,2,0.5,2,1.0,4.6808
要成,2,2,0.5,2,1.0,2.0843
要打,2,2,0.5,2,1.0,4.0959
要退,2,2,0.5,2,1.0,5.8802
要逆天,2,2,0.5,3,1.0,6.4671
覆手,2,2,1.0,2,-1.0,6.2506
见闻录,2,2,0.5,3,-1.0,10.3539
规则怪谈,2,2,0.5,4,-1.0,10.431
觉醒每日,2,2,0.5,4,-1.0,8.5551
觊觎,2,2,0.5,2,1.0,14.9388
角的,2,2,0.5,2,1.0,2.3213
角色球员,2,2,0.5,4,-1.0,10.7689
解锁,2,2,0.5,2,1.0,9.9165
认为,2,2,0.5,2,1.0,6.8408
认识,2,2,1.0,2,1.0,11.6169
讨厌,2,2,1.0,2,1.0,13.9388
让你上,2,2,0.5,3,-1.0,3.9109
让你修,2,2,0.5,3,-1.0,3.3426
让你拍,2,2,0.5,3,-1.0,7.1839
让我入,2,2,0.5,3,1.0,6.9615
让我当,2,2,0.5,3,1.0,5.2549
记录,2,2,1.0,2,1.0,5.5813
讲道,2,2,0.5,2,1.0,6.3269
许仙,2,2,0.5,2,-1.0,4.862
设定,2,2,1.0,2,1.0,8.2986
设计的,2,2,1.0,3,1.0,3.2542
证开始,2,2,0.5,3,-1.0,3.1636
证道长生,2,2,0.5,4,-1.0,6.3186
词条修,2,2,0.5,3,1.0,4.9276
词条无限,2,2,0.5,4,1.0,6.3389
试炼,2,2,0.5,2,-1.0,9.4153
诛仙,2,2,1.0,2,-1.0,6.447
诡异游戏,2,2,0.5,4,-1.0,4.7549
诡道修仙,2,2,0.0,4,-1.0,7.0319
该怎么办,2,2,0.5,4,-1.0,9.3315
说书,2,2,0.5,2,1.0,4.3539
说好开发消消乐,2,2,0.0,7,-1.0,9.3539
说好拿,2,2,0.5,3,-1.0,9.125
请上,2,2,0.5,2,1.0,3.8235
请不,2,2,0.5,2,-1.0,2.5625
请助我修行,2,2,0.0,5,-1.0,9.1444
请安分,2,2,0.5,3,-1.0,10.2664
请陛下称太子,2,2,0.0,6,-1.0,7.973
诸天从港综,2,2,0.5,5,-1.0,7.2682
诸天反,2,2,0.5,3,-1.0,3.8087
诸天投影,2,2,0.0,4,-1.0,7.2682
诸天旅人,2,2,0.0,4,-1.0,5.9234
诸天最强大,2,2,1.0,5,-1.0,4.295
诸天神话,2,2,0.5,4,-1.0,3.6832
诸天降临,2,2,1.0,4,-1.0,4.7827
诸葛,2,2,0.5,2,1.0,8.5042
读书人,2,2,0.5,3,-1.0,4.701
读书成圣,2,2,0.0,4,-1.0,8.9615
谁与争锋,2,2,1.0,4,-1.0,10.1315
谁教你这么,2,2,0.5,5,-1.0,8.0777
谁让他做,2,2,0.5,4,-1.0,7.1412
谁让他当,2,2,0.5,4,-1.0,5.7404
谁让你,2,2,0.5,3,-1.0,5.1509
谁还当,2,2,1.0,3,1.0,5.7404
调香师,2,2,0.5,3,-1.0,6.9276
谈恋爱的我只,2,2,0.5,6,1.0,8.8944
谋主,2,2,0.5,2,-1.0,5.2384
谋士,2,2,1.0,2,1.0,7.0289
谍海,2,2,0.5,2,-1.0,5.3761
谱的,2,2,0.5,2,1.0,2.8067
象不,2,2,0.5,2,1.0,4.1475
财务自由,2,2,0.5,4,-1.0,11.2384
账号,2,2,0.5,2,1.0,10.1575
质开,2,2,0.5,2,1.0,4.1715
贴身高手,2,2,1.0,4,-1.0,8.71
贵公子,2,2,0.5,3,-1.0,7.973
走向,2,2,0.5,2,1.0,8.521
走在,2,2,0.5,2,1.0,2.7572
走私,2,2,0.5,2,1.0,9.1059
走进,2,2,0.5,2,-1.0,5.4055
赴死,2,2,0.5,2,-1.0,9.2109
起航,2,2,1.0,2,-1.0,7.4651
超凶的,2,2,0.5,3,-1.0,5.1287
超强却过分,2,2,0.5,5,1.0,7.6124
超神之我,2,2,0.5,4,-1.0,4.0692
超级仙,2,2,0.5,3,-1.0,1.784
超级位面,2,2,0.5,4,-1.0,6.443
超级教,2,2,0.5,3,-1.0,4.1059
超级玩家,2,2,1.0,4,-1.0,4.936
超脑,2,2,0.5,2,-1.0,5.1099
超融合,2,2,1.0,3,-1.0,5.7379
跟我,2,2,0.5,2,1.0,3.7473
路明非的,2,2,0.5,4,-1.0,2.3213
踏上,2,2,1.0,2,1.0,6.9109
踢后腰开始,2,2,0.5,5,-1.0,6.441
身万,2,2,0.5,2,1.0,2.7605
身为,2,2,0.5,2,-1.0,3.1543
身镇,2,2,0.5,2,1.0,5.4974
躺平了,2,2,0.5,3,-1.0,5.7993
车夫,2,2,0.5,2,1.0,6.567
转世,2,2,1.0,2,1.0,3.2922
轮回世界,2,2,1.0,4,-1.0,4.1995
轮回乐园,2,2,0.0,4,-1.0,8.3315
辉煌,2,2,0.5,2,1.0,13.6169
边军一小,2,2,0.5,4,1.0,8.8303
迎娶毁容,2,2,1.0,4,1.0,12.6169
运动,2,2,0.5,2,1.0,6.6034
运天,2,2,0.5,2,1.0,2.2192
还俗,2,2,0.5,2,-1.0,7.1789
还在,2,2,0.5,2,-1.0,2.3327
还好我是,2,2,0.5,4,-1.0,6.438
还能,2,2,0.5,2,-1.0,3.4022
还说是,2,2,1.0,3,1.0,6.438
这一世,2,2,0.0,3,-1.0,6.047
这个刺客,2,2,0.5,4,-1.0,7.3426
这个地,2,2,0.5,3,-1.0,2.9969
这个外,2,2,0.5,3,-1.0,4.6797
这个影帝只想,2,2,0.5,6,-1.0,7.9445
这个忍者,2,2,0.5,4,-1.0,6.2272
这个文明,2,2,0.5,4,-1.0,6.3426
这个明星只想,2,2,0.5,6,-1.0,7.5105
这个演员,2,2,0.5,4,-1.0,6.6057
这个皇帝,2,2,0.5,4,-1.0,5.1202
这个训练家,2,2,0.5,5,-1.0,6.6057
这个顶流,2,2,0.5,4,-1.0,5.1202
这个魔,2,2,0.5,3,-1.0,2.0328
这个鸣人,2,2,0.5,4,-1.0,6.5084
这主播真,2,2,0.5,4,-1.0,7.4773
这些妖怪,2,2,0.5,4,-1.0,7.9445
这才,2,2,0.5,2,-1.0,2.5015
这是我的,2,2,0.5,4,-1.0,5.1287
这辈子,2,2,0.5,3,1.0,7.9445
这选手,2,2,0.5,3,-1.0,5.1371
这里,2,2,0.5,2,-1.0,2.857
进击,2,2,0.5,2,-1.0,6.194
进化之,2,2,0.5,3,-1.0,2.0561
进化成了,2,2,0.5,4,1.0,5.3333
进度条,2,2,0.5,3,-1.0,9.6534
远古,2,2,0.5,2,1.0,7.5021
连接,2,2,0.5,2,1.0,10.6534
迷失在,2,2,0.5,3,-1.0,7.0051
追杀,2,2,0.5,2,-1.0,6.8382
退休的我,2,2,0.5,4,1.0,5.0692
退役啊,2,2,0.5,3,-1.0,7.7539
退隐,2,2,1.0,2,1.0,7.862
逃到,2,2,0.5,2,1.0,5.277
逆行诸天,2,2,1.0,4,-1.0,6.4671
逆袭攻略,2,2,0.5,4,-1.0,8.521
逍遥小,2,2,0.5,3,-1.0,6.6604
逐道,2,2,0.5,2,-1.0,5.4789
通古代,2,2,0.5,3,-1.0,7.0933
通异,2,2,0.5,2,1.0,4.2058
通神,2,2,0.5,2,-1.0,2.0821
造师,2,2,0.5,2,-1.0,2.1202
造拖拉机,2,2,1.0,4,1.0,9.5465
造游戏,2,2,0.5,3,1.0,3.407
造火箭,2,2,0.5,3,-1.0,9.5465
造美,2,2,0.5,2,1.0,2.9843
造超,2,2,0.5,2,1.0,2.805
造魔,2,2,0.5,2,1.0,2.6517
逼我重生,2,2,1.0,4,-1.0,5.2332
道与,2,2,0.5,2,-1.0,3.6044
道之上,2,2,0.5,3,-1.0,4.4789
道之主,2,2,0.5,3,-1.0,3.7908
道友,2,2,0.5,2,-1.0,3.1569
道尊,2,2,0.5,2,-1.0,2.8414
道成仙,2,2,0.5,3,-1.0,4.1252
道我是,2,2,0.5,3,1.0,2.3269
道理,2,2,0.5,2,-1.0,3.6488
道章,2,2,0.5,2,-1.0,5.3269
道缘,2,2,0.5,2,-1.0,4.0638
道至,2,2,0.5,2,1.0,4.2565
道行,2,2,0.5,2,-1.0,1.8544
道长别装了,2,2,0.0,5,-1.0,6.7993
道长青,2,2,0.5,3,-1.0,6.6488
遗言,2,2,0.5,2,1.0,9.8944
遗迹,2,2,0.5,2,-1.0,9.3095
遥遥领先,2,2,0.5,4,-1.0,11.3539
那些事儿,2,2,0.5,4,-1.0,10.447
部落,2,2,0.5,2,-1.0,8.8303
都下,2,2,0.5,2,1.0,2.6197
都市至,2,2,0.5,3,-1.0,7.5923
都市超级,2,2,0.5,4,-1.0,5.7367
都想杀,2,2,0.5,3,1.0,8.164
都成真了,2,2,0.5,4,-1.0,6.749
都有,2,2,0.5,2,1.0,1.6146
都来,2,2,0.5,2,1.0,2.3914
酒剑仙,2,2,1.0,3,-1.0,6.447
醉酒,2,2,0.5,2,1.0,9.6169
里做,2,2,0.5,2,1.0,4.3756
里全是,2,2,0.5,3,1.0,6.8514
里有,2,2,0.5,2,1.0,2.7169
里的小,2,2,0.5,3,1.0,4.7859
重回年代,2,2,0.0,4,-1.0,7.1477
重塑,2,2,0.5,2,-1.0,5.8257
重奏,2,2,0.5,2,-1.0,7.1477
重度依赖,2,2,0.5,4,-1.0,7.1477
重生七,2,2,0.5,3,-1.0,4.8547
重生东京,2,2,0.5,4,-1.0,2.6009
重生之实业巨,2,2,0.5,6,-1.0,7.1477
重生之小,2,2,0.5,4,-1.0,3.2453
重生之武,2,2,0.5,4,-1.0,2.3315
重生之激,2,2,0.5,4,-1.0,7.1477
重生之豪门,2,2,0.5,5,-1.0,7.1477
重生之资,2,2,0.5,4,-1.0,5.8944
重生之超级战,2,2,0.5,6,-1.0,7.1477
重生之足球,2,2,0.5,5,-1.0,6.8944
重生之逆,2,2,0.5,4,-1.0,4.5725
重生之金融,2,2,0.5,5,-1.0,7.1477
重生九十年代,2,2,0.5,6,-1.0,7.1477
重生俄罗斯,2,2,0.5,5,-1.0,6.9702
重生傻柱,2,2,1.0,4,-1.0,6.9702
重生农家,2,2,0.5,4,-1.0,5.5551
重生啊,2,2,0.5,3,-1.0,1.9552
重生在火红年代,2,2,1.0,7,-1.0,7.1477
重生大时代之,2,2,1.0,6,-1.0,6.304
重生日本当,2,2,0.5,5,-1.0,6.5551
重生末,2,2,0.5,3,-1.0,1.9258
重生梦,2,2,0.5,3,-1.0,2.6009
重生的我只想,2,2,0.5,6,-1.0,5.9702
重生的我没有,2,2,0.5,6,-1.0,6.9702
重生空间,2,2,0.5,4,-1.0,4.6482
重生过去当,2,2,0.5,5,-1.0,6.5551
重生锦,2,2,0.5,3,-1.0,3.0957
重生飞扬年代,2,2,0.0,6,-1.0,6.5551
野心勃勃,2,2,0.5,4,-1.0,10.5813
金刚狼,2,2,1.0,3,-1.0,9.3241
金属,2,2,1.0,2,1.0,5.4172
金色,2,2,0.5,2,1.0,5.5692
金钱,2,2,0.5,2,1.0,5.3699
钓鱼佬,2,2,0.5,3,1.0,9.2109
钱上,2,2,0.5,2,1.0,4.5417
钱途,2,2,1.0,2,-1.0,7.2297
铁匠,2,2,0.5,2,1.0,8.3804
铁王座,2,2,0.5,3,-1.0,8.9109
铁血大,2,2,0.5,3,-1.0,4.973
错练,2,2,0.5,2,-1.0,7.1723
锦医,2,2,1.0,2,-1.0,4.6214
锦心,2,2,1.0,2,-1.0,5.3709
镇万,2,2,0.5,2,1.0,4.6921
镖客,2,2,0.5,2,-1.0,10.1839
镜面,2,2,0.5,2,-1.0,7.6604
长城,2,2,0.5,2,1.0,3.6722
长孙,2,2,1.0,2,1.0,4.9941
长得太凶,2,2,1.0,4,-1.0,8.164
长生不死的我,2,2,0.5,6,-1.0,5.0692
长生从猎,2,2,0.5,4,-1.0,6.6685
长生仙族,2,2,0.5,4,-1.0,6.9846
长生仙缘,2,2,0.0,4,-1.0,7.6627
长生者,2,2,0.5,3,-1.0,2.9293
长空战,2,2,0.5,3,-1.0,8.164
门修,2,2,0.5,2,1.0,1.6797
门医,2,2,0.5,2,1.0,2.8329
门娇,2,2,0.5,2,-1.0,4.7367
门混,2,2,0.5,2,1.0,4.5616
门通,2,2,0.5,2,1.0,4.1673
门阀,2,2,0.5,2,-1.0,6.1059
问剑,2,2,1.0,2,-1.0,4.2364
问鼎,2,2,0.5,2,-1.0,8.1906
间小,2,2,0.5,2,1.0,3.3874
阅读,2,2,0.5,2,1.0,11.8514
防御,2,2,0.5,2,1.0,8.1906
阳真,2,2,0.5,2,1.0,3.933
阴影轨迹,2,2,0.5,4,-1.0,11.6169
阴间地下,2,2,0.5,4,1.0,8.8095
阿卡姆,2,2,0.5,3,-1.0,11.295
阿斗,2,2,1.0,2,-1.0,5.1151
际大,2,2,0.5,2,1.0,2.5945
降临现实,2,2,0.5,4,-1.0,8.3241
降临美,2,2,0.5,3,1.0,4.5692
院士,2,2,0.5,2,-1.0,4.8965
隋唐,2,2,0.5,2,-1.0,6.9109
随身带着,2,2,0.5,4,-1.0,9.3919
随身老爷爷,2,2,1.0,5,1.0,10.8944
隐相,2,2,1.0,2,-1.0,7.369
难吧,2,2,0.5,2,-1.0,7.0871
难度,2,2,0.5,2,-1.0,7.0547
难求,2,2,0.5,2,-1.0,6.9318
雄霸天下,2,2,1.0,4,-1.0,8.8095
集团,2,2,0.5,2,-1.0,9.8095
雇佣,2,2,0.5,2,1.0,13.1315
雾之,2,2,0.5,2,1.0,4.9821
需要,2,2,0.5,2,1.0,9.635
霍格沃茨的学,2,2,0.5,6,-1.0,5.8461
霸权,2,2,0.5,2,-1.0,6.4251
霸王花,2,2,0.5,3,-1.0,9.295
霸的黑科技系统,2,2,0.5,7,-1.0,8.435
青云,2,2,0.5,2,-1.0,6.0282
青城山,2,2,1.0,3,1.0,8.599
青山,2,2,1.0,2,-1.0,4.4026
青年,2,2,0.5,2,-1.0,3.4295
青梅竹马,2,2,1.0,4,1.0,10.1575
靖难,2,2,0.5,2,-1.0,9.2246
非人哉,2,2,0.5,3,-1.0,10.5465
非人类,2,2,0.5,3,-1.0,7.7391
靠山,2,2,1.0,2,1.0,5.599
面壁者,2,2,0.0,3,-1.0,8.2986
面板开始,2,2,0.5,4,-1.0,2.7307
顶流的,2,2,0.5,3,1.0,1.9063
须弥,2,2,1.0,2,1.0,12.3539
顾盼,2,2,0.5,2,-1.0,12.9388
预言,2,2,0.5,2,1.0,10.7689
领主开始,2,2,0.5,4,-1.0,2.3563
领养开始,2,2,0.5,4,-1.0,6.441
领地,2,2,0.5,2,-1.0,4.4231
颤栗,2,2,0.5,2,-1.0,14.9388
风一,2,2,0.5,2,1.0,2.0602
风云录,2,2,0.5,3,-1.0,8.6169
食物链顶端的男人,2,2,1.0,8,-1.0,6.5084
饶命,2,2,0.5,2,-1.0,9.8727
馆开始,2,2,0.5,3,-1.0,3.0261
馆馆,2,2,0.5,2,1.0,8.02
首辅娇,2,2,0.5,3,-1.0,9.1773
马甲又,2,2,0.5,3,1.0,10.3539
马谡,2,2,0.5,2,1.0,11.295
骑士的,2,2,1.0,3,1.0,2.8067
骗我,2,2,0.5,2,1.0,2.6098
高中,2,2,0.5,2,-1.0,4.1802
高冷女,2,2,0.5,3,-1.0,6.9615
高手在异,2,2,0.5,4,1.0,7.7294
高手寂寞,2,2,0.0,4,-1.0,9.447
高考前,2,2,1.0,3,-1.0,8.71
鬼吹灯,2,2,0.0,3,-1.0,9.9846
魂幡,2,2,0.5,2,1.0,9.6814
魂技,2,2,1.0,2,1.0,4.6517
魂环开始的斗罗,2,2,0.5,7,-1.0,8.9276
魔养,2,2,0.5,2,1.0,2.8943
魔女小姐,2,2,1.0,4,-1.0,8.044
魔术,2,2,0.5,2,1.0,2.7221
魔法世界,2,2,0.5,4,1.0,3.8124
鱼开始,2,2,0.5,3,1.0,2.7307
鸟开始,2,2,0.5,3,-1.0,5.4856
麻了,2,2,0.5,2,-1.0,4.9919
黄庭,2,2,0.5,2,-1.0,7.044
黄昏,2,2,0.5,2,-1.0,9.5294
黄金渔,2,2,0.5,3,-1.0,9.2246
黑帆,2,2,1.0,2,-1.0,8.1739
黑神话,2,2,0.0,3,-1.0,4.589
黑科技时代,2,2,0.5,5,-1.0,6.125
黑魔法,2,2,0.5,3,1.0,5.4084
鼎记,2,2,0.5,2,-1.0,7.2593
龙君,2,2,0.0,2,-1.0,3.3874
龙王之,2,2,0.5,3,-1.0,3.9821
龙王传说,2,2,1.0,4,-1.0,8.4959
龙珠之,2,2,0.5,3,-1.0,4.4967
龙的我,2,2,0.5,3,1.0,3.0201
龙蛇,2,2,0.5,2,-1.0,6.0364
龙领,2,2,0.5,2,1.0,3.9109
龟息,2,2,0.5,2,1.0,11.0319
