word,count,independent,bind,len,compound_entropy,cohesion,indep
开始,701,196,0.2432,2,5.2186,5.9342,0.2796
重生,334,120,0.3416,2,5.3918,5.9111,0.3593
我的,330,123,0.3077,2,1.5561,3.2103,0.3727
世界,263,34,0.2256,2,5.1029,6.3079,0.1293
开局,205,99,0.5,2,1.0702,5.8704,0.4829
我在,201,57,0.2,2,6.077,3.7866,0.2836
诸天,163,64,0.2338,2,4.6152,6.3812,0.3926
修仙,141,57,0.1912,2,3.7282,6.1603,0.4043
游戏,141,49,0.0769,2,5.1267,7.7854,0.3475
大明,134,72,0.2353,2,4.2231,4.9687,0.5373
这个,129,50,0.5714,2,5.5982,6.7758,0.3876
长生,124,47,0.2375,2,3.9087,5.498,0.379
系统,121,58,0.1186,2,4.8651,8.324,0.4793
穿越,111,32,0.2353,2,4.5653,8.4986,0.2883
无限,97,29,0.15,2,4.6578,7.5862,0.299
斗罗,96,50,0.5769,2,2.0618,8.3326,0.5208
重生之,96,53,0.3333,3,5.8282,4.5053,0.5521
人在,95,31,0.5,2,5.3456,4.1445,0.3263
人生,91,40,0.2581,2,3.903,3.3959,0.4396
时代,90,36,0.375,2,2.7339,7.2067,0.4
什么,84,20,0.3108,2,3.8003,8.6627,0.2381
成了,82,13,0.5063,2,3.3332,4.6061,0.1585
火影,81,41,0.325,2,2.5613,7.3384,0.5062
华娱,80,57,0.2895,2,3.1699,7.8832,0.7125
我是,80,37,0.4333,2,2.6602,2.4753,0.4625
不是,79,13,0.3288,2,3.1659,4.6228,0.1646
一个,78,20,0.2857,2,3.864,5.2532,0.2564
我有,78,18,0.6364,2,1.3722,3.2202,0.2308
超级,76,46,0.2632,2,3.3414,7.0274,0.6053
第一,75,21,0.1385,2,4.7466,6.8373,0.28
三国,71,41,0.2308,2,3.4246,6.7776,0.5775
最强,65,27,0.3488,2,3.1364,8.0414,0.4154
木叶,64,35,0.4667,2,2.2864,9.5824,0.5469
开始的,63,27,0.1111,3,5.2906,2.2376,0.4286
东京,62,29,0.6061,2,2.2066,9.3137,0.4677
无敌,61,34,0.2162,2,4.1531,7.5976,0.5574
神话,60,30,0.1026,2,4.3435,6.3031,0.5
怎么,59,8,0.2553,2,3.8601,8.6627,0.1356
明星,59,6,0.3571,2,2.7909,5.4291,0.1017
模拟,59,12,0.5714,2,2.6973,9.5588,0.2034
海贼,59,26,0.3684,2,2.9934,8.6358,0.4407
生活,59,13,0.3333,2,2.8567,5.6777,0.2203
科技,57,15,0.5,2,2.987,8.3888,0.2632
玩家,54,31,0.1304,2,4.0958,7.1228,0.5741
只想,53,10,0.5652,2,2.7315,7.3004,0.1887
天下,52,29,0.4375,2,2.2718,5.0383,0.5577
年代,52,21,0.2,2,2.3645,6.2109,0.4038
我成,52,10,0.7692,2,1.047,2.2189,0.1923
美漫,52,22,0.381,2,2.5109,7.3491,0.4231
娱乐,51,17,0.4419,2,3.1093,7.6903,0.3333
巫师,49,34,0.2609,2,3.1596,7.0612,0.6939
我有一,49,10,0.3673,3,3.2429,5.0115,0.2041
直播,49,21,0.2683,2,3.4236,9.4969,0.4286
大佬,48,26,0.1087,2,3.6645,6.152,0.5417
让你,48,23,0.625,2,1.6087,6.9285,0.4792
万界,47,30,0.2593,2,3.9627,5.2235,0.6383
全球,47,28,0.2308,2,3.4566,6.8675,0.5957
大唐,47,34,0.2727,2,3.1887,4.9916,0.7234
西游,47,23,0.4074,2,2.7529,7.2287,0.4894
霍格沃茨,47,13,0.4516,4,2.652,10.1059,0.2766
末世,45,29,0.3125,2,3.1248,5.9095,0.6444
洪荒,45,31,0.2917,2,3.1347,9.0723,0.6889
帝国,44,28,0.1389,2,3.9321,5.6366,0.6364
成为,43,13,0.2121,2,3.7738,5.7163,0.3023
联盟,43,12,0.84,2,1.4951,9.9776,0.2791
异界,42,15,0.56,2,2.3517,5.3436,0.3571
学霸,40,15,0.4,2,3.0615,7.5491,0.375
异世,40,5,0.6667,2,1.7352,5.1595,0.125
我成了,40,28,0.5,3,0.8743,4.0336,0.7
武道,40,12,0.129,2,3.889,4.9484,0.3
召唤,39,14,0.1622,2,4.2264,10.4744,0.359
大师,39,21,0.7,2,1.7807,3.1541,0.5385
我不,39,7,0.4872,2,2.2051,1.6507,0.1795
巨星,38,18,0.4615,2,2.5074,7.037,0.4737
漫威,38,12,0.5294,2,2.2916,9.1369,0.3158
老婆,38,16,0.4545,2,3.2079,8.7928,0.4211
进化,38,21,0.2059,2,3.1899,8.3936,0.5526
一人,37,8,0.7188,2,1.9098,2.9267,0.2162
世界的,37,15,0.1622,3,4.3038,2.8841,0.4054
传奇,37,19,0.1538,2,3.6645,8.5593,0.5135
红楼,37,29,0.2857,2,4.6378,9.1674,0.7838
崛起,36,20,0.5,2,4.4429,9.635,0.5556
网游,36,8,0.8235,2,1.5715,6.5841,0.2222
职业,36,12,0.1562,2,3.9771,8.1602,0.3333
影帝,35,18,0.2353,2,3.5352,5.6675,0.5143
恋爱,35,11,0.3462,2,3.5559,9.4019,0.3143
真的,35,4,0.6857,2,1.7567,2.9664,0.1143
领主,35,24,0.25,2,2.3301,7.4831,0.6857
不想,34,6,0.3824,2,3.2411,5.0005,0.1765
想当,34,4,0.3824,2,2.492,5.8278,0.1176
聊天群,34,19,0.3333,3,2.1258,9.9588,0.5588
英雄,34,9,0.5556,2,2.4287,9.4432,0.2647
魔法,34,11,0.3077,2,3.6645,5.7651,0.3235
反派,33,10,0.1923,2,3.8731,9.5871,0.303
四合院,33,18,0.3158,3,2.4125,10.1059,0.5455
诡异,33,19,0.2143,2,3.2359,7.3308,0.5758
里的,33,7,0.2121,2,3.6122,4.6705,0.2121
日常,32,13,0.5,2,2.064,7.6725,0.4062
没有,32,10,0.16,2,4.1761,6.2498,0.3125
港综,32,16,0.5,2,1.6855,9.1948,0.5
就是,31,6,0.4483,2,2.8863,5.209,0.1935
都市,31,18,0.5,2,2.161,8.3813,0.5806
回到,30,14,0.5,2,4.1944,6.2579,0.4667
影视,30,10,0.5926,2,2.9934,7.8392,0.3333
战锤,30,21,0.3636,2,2.1181,8.5696,0.7
神豪,30,12,0.5455,2,2.3599,5.2272,0.4
之主,29,21,1.0,2,4.6875,3.162,0.7241
我家,29,14,0.5,2,4.2622,1.7826,0.4828
星空,29,8,0.8333,2,1.1863,6.289,0.2759
生从,29,2,0.6552,2,1.2473,1.5059,0.069
神级,29,18,0.5455,2,2.1997,4.0458,0.6207
精灵,29,15,0.2857,2,2.9477,8.2875,0.5172
美利坚,29,24,0.2727,3,2.9161,8.3766,0.8276
遮天,29,16,0.4545,2,1.6582,6.4182,0.5517
吞噬,28,3,0.7692,2,1.3788,10.9846,0.1071
导演,28,14,0.1538,2,3.2211,9.2878,0.5
模拟器,28,19,0.25,3,4.0341,9.34,0.6786
皇帝,28,16,0.1818,2,3.4183,6.2465,0.5714
网游之,28,21,0.1071,3,4.4947,5.9414,0.75
降临,28,16,0.1818,2,2.9398,9.9038,0.5714
顶流,28,15,0.1579,2,3.9754,9.1598,0.5357
之王,27,23,1.0,2,4.72,3.2775,0.8519
人之,27,4,0.8519,2,0.9015,1.6284,0.1481
宇智波,27,12,0.2941,3,2.9495,10.1839,0.4444
成神,27,21,0.1538,2,3.7736,2.8098,0.7778
文娱,27,15,0.6364,2,1.4911,6.457,0.5556
文豪,27,13,0.3333,2,1.9502,7.5379,0.4815
未来,27,19,0.1579,2,3.7736,8.1662,0.7037
武侠,27,8,0.4762,2,2.6379,6.6941,0.2963
签到,27,10,0.3636,2,3.1524,7.9388,0.3704
都是,27,15,0.1852,2,4.1488,4.588,0.5556
面板,27,13,0.25,2,2.9219,9.0616,0.4815
龙族,27,21,0.625,2,1.3356,6.8584,0.7778
传说,26,19,0.5,2,4.4306,7.3961,0.7308
全能,26,13,0.25,2,2.8554,5.1826,0.5
加点,26,9,0.3333,2,2.78,8.077,0.3462
地球,26,11,0.25,2,3.0778,6.6751,0.4231
宇宙,26,16,0.2,2,3.7871,10.0264,0.6154
我只想,26,11,0.8571,3,1.2958,4.0417,0.4231
我被,26,14,0.8,2,1.4832,2.8748,0.5385
打造,26,10,0.3684,2,3.1157,7.7078,0.3846
末日,26,18,0.1429,2,3.3788,6.6262,0.6923
法师,26,14,0.2273,2,3.0851,4.8467,0.5385
科学,26,12,0.2632,2,3.5037,6.5857,0.4615
轮回,26,12,0.3333,2,3.0516,8.8522,0.4615
不死,25,7,0.5556,2,2.561,5.1509,0.28
修行,25,9,0.2174,2,3.0958,5.777,0.36
全职,25,9,0.3333,2,3.7534,6.5808,0.36
女友,25,10,0.5556,2,2.3943,7.1135,0.4
归来,25,7,0.8824,2,0.9142,7.8328,0.28
我以,25,12,0.16,2,3.8937,3.8062,0.48
真是,25,3,0.64,2,2.0039,3.7903,0.12
说好,25,15,1.0,2,3.9501,7.2835,0.6
仙界,24,7,0.7222,2,1.0529,2.8388,0.2917
医生,24,14,0.25,2,2.7516,4.0456,0.5833
天赋,24,18,0.2667,2,3.4992,6.3517,0.75
异世界,24,11,0.3158,3,2.9502,5.2754,0.4583
我真的,24,4,1.0,3,2.6341,3.6839,0.1667
日子,24,5,1.0,2,1.4154,5.1743,0.2083
一人之,23,2,1.0,3,0.8743,5.6181,0.087
世之,23,4,0.2609,2,2.5832,1.9358,0.1739
之下,23,2,0.913,2,0.5132,3.6983,0.087
升级,23,6,0.3182,2,2.8074,7.521,0.2609
完美,23,7,0.2174,2,3.2359,7.8127,0.3043
属性,23,8,0.2727,2,3.085,9.9116,0.3478
成仙,23,14,0.5,2,2.161,3.0047,0.6087
技能,23,6,0.1818,2,3.6169,5.9835,0.2609
来的,23,5,0.6522,2,1.8886,2.8796,0.2174
死神,23,13,0.3,2,2.5724,4.4013,0.5652
绝世,23,5,0.4444,2,2.1468,5.5045,0.2174
苟在,23,15,1.0,2,4.3158,6.2433,0.6522
高武,23,17,0.3636,2,1.8541,5.9482,0.7391
女帝,22,17,0.1875,2,3.0851,4.7415,0.7727
封神,22,14,0.2857,2,2.0919,5.9776,0.6364
我真不是,22,18,1.0,4,0.7642,4.9437,0.8182
星际,22,12,0.2857,2,2.2359,7.6978,0.5455
有点,22,15,0.1364,2,4.0615,5.8715,0.6818
生了,22,2,0.9091,2,0.5304,1.6385,0.0909
男神,22,9,0.5,2,3.2664,5.3647,0.4091
种田,22,12,0.2,2,3.2516,8.8133,0.5455
自己,22,7,0.5,2,2.5479,9.4317,0.3182
超人,22,18,0.1429,2,3.6645,3.2263,0.8182
一人之下,21,17,1.0,4,1.2415,7.1477,0.8095
人间,21,13,0.125,2,3.5,4.4577,0.619
剑仙,21,15,0.25,2,2.2516,4.1481,0.7143
十年,21,8,0.5556,2,2.1488,6.2457,0.381
成圣,21,5,0.6667,2,3.3826,4.8031,0.2381
时空,21,11,0.4,2,2.7396,6.2998,0.5238
超凡,21,13,0.25,2,2.9477,7.0047,0.619
超神,21,17,0.25,2,4.0958,3.2565,0.8095
路明非,21,7,0.6923,3,1.7899,9.6534,0.3333
主神,20,9,0.2222,2,3.3661,2.9276,0.45
古代,20,11,0.4167,2,2.2842,6.2935,0.55
吞噬星空,20,9,1.0,4,1.6438,9.431,0.45
大明星,20,10,0.4211,3,3.3931,4.7343,0.5
她们,20,10,0.3,2,1.6216,8.9209,0.5
我真没,20,3,0.75,3,1.1488,4.9317,0.15
指南,20,13,0.25,2,3.6414,8.9276,0.65
救世,20,2,0.5789,2,1.5738,6.047,0.1
极品,20,14,0.3333,2,4.2627,8.7916,0.7
江湖,20,16,0.125,2,3.5466,10.1906,0.8
觉醒,20,11,0.2143,2,3.086,11.1522,0.55
重生了,20,5,0.9091,3,1.1982,2.7375,0.25
黑科技,20,7,0.4375,3,2.5218,7.9849,0.35
主播,19,9,0.3333,2,2.5654,6.037,0.4737
之路,19,15,0.5,2,4.2018,4.2665,0.7895
位面,19,11,0.2727,2,2.8454,9.0338,0.5789
复苏,19,4,0.3158,2,2.0049,10.0068,0.2105
大国,19,14,0.5,2,4.0707,2.4607,0.7368
大秦,19,15,0.2222,2,2.3219,4.9579,0.7895
太子,19,11,0.2857,2,2.7255,4.9826,0.5789
娱乐圈,19,10,0.5,3,2.5218,8.5725,0.5263
御兽,19,13,0.1818,2,3.2776,8.8536,0.6842
成真,19,6,0.8,2,1.5197,3.7595,0.3158
我不是,19,15,0.5,3,1.9219,3.0134,0.7895
我要,19,7,0.6667,2,1.2988,3.0134,0.3684
明朝,19,8,0.3846,2,2.4416,5.5656,0.4211
武圣,19,10,0.3333,2,2.5,5.1871,0.5263
没想,19,1,0.7895,2,0.9133,6.3102,0.0526
猎人,19,13,0.25,2,1.88,4.7339,0.6842
电影,19,8,0.2941,2,2.585,7.0062,0.4211
的日子,19,17,0.1053,3,4.1427,5.3766,0.8947
逆袭,19,8,0.3333,2,3.1494,9.8204,0.4211
长生从,19,17,1.0,3,4.2219,3.5619,0.8947
之上,18,14,0.5,2,1.371,3.031,0.7778
亮剑,18,10,0.4286,2,1.8424,8.5107,0.5556
冠军,18,13,0.2857,2,2.6464,8.9647,0.7222
千年,18,6,0.25,2,2.7255,6.4035,0.3333
变强,18,4,0.5,2,2.9197,6.8277,0.2222
可以,18,6,0.4444,2,2.8366,8.1575,0.3333
在诸天,18,4,0.3333,3,2.6987,3.8263,0.2222
少女,18,7,0.3,2,2.5949,6.9615,0.3889
忍界,18,14,0.375,2,2.5221,5.9384,0.7778
悠闲,18,5,0.6923,2,1.5059,10.0413,0.2778
我为,18,15,0.1667,2,2.9183,2.1411,0.8333
我有一个,18,11,0.1765,4,3.6835,4.9172,0.6111
攻略,18,16,0.3333,2,4.3685,11.257,0.8889
柯南,18,7,0.5833,2,2.0218,9.6169,0.3889
次元,18,4,0.6667,2,1.6923,8.7294,0.2222
正常,18,3,0.2857,2,2.7534,8.0167,0.1667
百年,18,8,0.2941,2,2.5219,6.4982,0.4444
万物,17,15,0.2857,2,2.75,6.1421,0.8824
不对劲,17,13,0.6667,3,1.4591,7.0005,0.7647
之最,17,1,0.8824,2,0.6402,3.449,0.0588
你们,17,9,0.25,2,2.4817,5.7689,0.5294
你管这叫,17,15,0.1176,4,3.9698,7.8514,0.8824
入侵,17,8,0.2222,2,2.7774,9.464,0.4706
全民,17,9,1.0,2,3.6819,6.7614,0.5294
大宋,17,11,0.6667,2,3.9321,4.5751,0.6471
大道,17,12,0.25,2,2.9477,2.0924,0.7059
天才,17,15,0.2222,2,3.1219,4.1117,0.8824
工业,17,6,0.1818,2,3.0958,7.2203,0.3529
带着,17,11,0.5,2,1.9219,9.5465,0.6471
日记,17,7,0.25,2,1.88,6.285,0.4118
正经,17,6,0.4118,2,2.6962,7.9099,0.3529
生不,17,4,0.7059,2,1.5569,1.7022,0.2353
的我只,17,1,0.3529,3,1.9831,4.1006,0.0588
纪元,17,12,1.0,2,0.7219,8.5689,0.7059
美食,17,15,0.1333,2,3.0,7.3348,0.8824
能力,17,7,0.5294,2,2.4093,6.2079,0.4118
荒野,17,6,0.375,2,2.6416,8.193,0.3529
诡秘,17,17,1.0,2,2.3244,8.1239,1.0
重回,17,15,0.5,2,3.1084,4.4022,0.8824
之旅,16,7,0.1875,2,3.3278,5.0561,0.4375
今天,16,6,0.3636,2,2.7322,6.0077,0.375
修炼,16,12,0.2143,2,3.4677,6.404,0.75
全是,16,8,0.2308,2,3.2806,3.4305,0.5
同时穿越,16,10,1.0,4,1.5694,8.9615,0.625
天庭,16,14,0.1667,2,3.4183,5.6598,0.875
娘子,16,10,0.5,2,2.2925,6.5807,0.625
影视世界,16,10,0.6667,4,3.7345,6.993,0.625
悟性,16,5,0.7,2,1.823,9.8355,0.3125
情报,16,3,0.3333,2,2.7069,9.4172,0.1875
我真是,16,12,0.1333,3,3.75,4.4082,0.75
战争,16,6,0.2222,2,2.7322,7.6627,0.375
是天,16,5,0.1875,2,3.3278,1.5513,0.3125
最后,16,2,0.5625,2,1.4913,5.6654,0.125
来了,16,10,0.5,2,1.5,3.4417,0.625
来自,16,12,0.2,2,3.2516,6.1383,0.75
气运,16,11,0.2143,2,3.4183,8.7367,0.6875
界之,16,2,0.375,2,2.0079,1.5259,0.125
神明,16,12,0.1429,2,3.0,2.2133,0.75
空之,16,1,0.75,2,1.0141,3.7962,0.0625
竟是,16,5,0.625,2,1.9238,6.1161,0.3125
获得,16,1,0.4667,2,1.6895,10.0871,0.0625
词条,16,5,0.3,2,2.6106,10.4172,0.3125
道长,16,5,0.4615,2,2.2892,3.874,0.3125
魔女,16,14,0.4,2,2.0588,4.0667,0.875
为王,15,12,1.0,2,3.7028,4.9663,0.8
之最强,15,7,0.2,3,3.3232,4.1885,0.4667
乐园,15,11,1.0,2,0.7219,7.8649,0.7333
从武,15,4,0.5,2,1.1488,2.1527,0.2667
养成,15,11,0.2857,2,3.2359,5.1452,0.7333
北宋,15,8,0.4,2,1.9219,8.3104,0.5333
只是,15,3,0.5385,2,1.9301,3.8854,0.2
只有,15,2,0.6667,2,1.5589,4.6669,0.1333
在斗罗,15,2,0.7143,3,1.3753,4.3271,0.1333
在美,15,1,0.6154,2,1.5466,3.3498,0.0667
大亨,15,9,0.5,2,1.9183,6.295,0.6
大帝,15,12,0.375,2,2.6416,2.5224,0.8
天后,15,10,0.2308,2,3.3347,3.0431,0.6667
娱之,15,1,0.6667,2,1.3753,2.8446,0.0667
归来的,15,5,0.4,3,2.5559,4.9766,0.3333
怎么办,15,5,0.4,3,2.6062,9.8756,0.3333
我就,15,2,0.8667,2,0.6998,2.2079,0.1333
我真没想,15,7,0.5333,4,1.371,5.0692,0.4667
斗破,15,9,0.6667,2,1.875,6.9934,0.6
无双,15,11,1.0,2,3.6402,7.1197,0.7333
曝光,15,7,0.7,2,1.7807,9.4959,0.4667
满级,15,10,0.3,2,3.0272,6.7554,0.6667
空间,15,8,0.3846,2,2.6535,6.895,0.5333
老婆是,15,1,0.5333,3,1.2729,5.6819,0.0667
英雄联盟,15,6,1.0,4,1.4716,9.332,0.4
说我,15,4,0.3333,2,2.8226,2.3912,0.2667
骑士,15,6,0.2857,2,2.75,8.7783,0.4
高手,15,4,0.5,2,1.8366,6.125,0.2667
世界开,14,3,0.7143,3,1.4345,1.7473,0.2143
主宰,14,10,1.0,2,3.6402,7.6587,0.7143
人类,14,6,0.25,2,2.9477,6.0678,0.4286
修真,14,9,0.5,2,1.5,3.8584,0.6429
叫我,14,5,0.3077,2,2.7534,3.0186,0.3571
合成,14,6,0.3333,2,2.9183,4.91,0.4286
国之,14,5,0.6429,2,1.7695,2.0292,0.3571
在异界,14,6,0.3846,3,2.6535,5.4202,0.4286
大圣,14,10,0.3333,2,2.0,3.125,0.7143
天命,14,10,0.2857,2,2.5216,4.2084,0.7143
天王,14,9,0.3333,2,3.5778,2.4931,0.6429
奶爸,14,9,0.5,2,1.7925,11.1612,0.6429
家族,14,9,0.3,2,2.8464,5.2092,0.6429
恶魔,14,8,0.2222,2,2.9477,6.3278,0.5714
我在东京,14,5,0.5,4,2.2608,4.5547,0.3571
我才,14,2,0.5,2,1.0613,2.4336,0.1429
手册,14,12,0.1429,2,3.6645,8.6105,0.8571
木叶之,14,12,1.0,3,3.7736,4.1114,0.8571
模板,14,10,0.6667,2,3.7345,7.9372,0.7143
求生,14,11,0.2,2,3.1808,4.5112,0.7857
海贼之,14,14,1.0,3,3.9069,4.2287,1.0
现实,14,5,0.5833,2,1.7807,8.3799,0.3571
生涯,14,10,0.1429,2,3.5216,6.0385,0.7143
的黑,14,5,0.5,2,2.4037,3.078,0.3571
离婚,14,5,0.5385,2,2.0349,10.0915,0.3571
篮球,14,10,0.3636,2,2.75,8.1278,0.7143
让我,14,8,0.2222,2,2.8352,2.3688,0.5714
训练,14,1,0.7143,2,1.0949,9.5926,0.0714
诸天从,14,12,0.25,3,2.0,2.7268,0.8571
超能,14,5,0.6667,2,1.4466,4.1405,0.3571
过去,14,3,0.4286,2,2.217,8.2543,0.2143
逆天,14,4,0.5385,2,2.0349,4.4931,0.2857
选手,14,4,0.3077,2,2.5654,7.2694,0.2857
那些,14,1,0.7857,2,0.9464,10.0844,0.0714
都重生了,14,5,1.0,4,1.4299,6.7993,0.3571
锦衣,14,7,0.5385,2,2.1888,9.4794,0.5
霍格沃茨的,14,12,0.3333,5,3.9698,3.9664,0.8571
魔王,14,7,0.5833,2,1.9473,4.07,0.5
黄金,14,9,0.2143,2,2.8074,8.044,0.6429
不想当,13,6,0.3333,3,2.5221,5.8479,0.4615
之我是,13,6,0.3846,3,2.8074,3.6825,0.4615
仙子,13,9,0.3333,2,2.25,2.7666,0.6923
们的,13,5,0.2308,2,2.8151,3.2441,0.3846
修仙界,13,5,0.7273,3,1.2776,3.7216,0.3846
分身,13,8,0.4545,2,2.6175,7.5952,0.6154
卧底,13,11,0.25,2,2.0,11.51,0.8462
历史,13,11,0.2,2,2.9477,9.6031,0.8462
变成,13,8,0.2727,2,2.8454,4.7847,0.6154
基因,13,13,0.1429,2,2.8074,10.5074,1.0
外挂,13,6,0.3,2,2.6635,9.1819,0.4615
天师,13,11,0.1667,2,3.1219,1.7413,0.8462
天道,13,8,0.4167,2,2.3219,1.8776,0.6154
妖魔,13,7,0.3333,2,2.8454,4.8496,0.5385
始皇,13,6,0.5556,2,1.88,3.3212,0.4615
宗师,13,10,0.5,2,3.5899,5.5691,0.7692
开始当,13,9,0.1538,3,3.5466,2.3095,0.6923
忍者,13,7,0.3636,2,2.7774,7.1917,0.5385
怪谈,13,8,0.4286,2,2.371,9.077,0.6154
我可,13,1,1.0,2,1.7736,2.7253,0.0769
我和,13,13,0.0833,2,3.7004,3.3773,1.0
我就是,13,13,0.0769,3,3.7004,3.8155,1.0
文艺,13,3,0.75,2,1.0613,7.125,0.2308
斗罗之,13,8,0.3846,3,2.8074,3.4195,0.6154
武魂,13,7,0.375,2,2.3554,5.9445,0.5385
深渊,13,9,0.2857,2,2.75,9.925,0.6923
火影之,13,11,1.0,3,3.6645,3.6646,0.8462
的小,13,9,0.1538,2,3.5466,2.3055,0.6923
的超,13,1,0.5385,2,2.1888,1.6726,0.0769
相亲,13,7,0.3333,2,2.4131,10.0694,0.5385
神探,13,11,0.25,2,2.2516,5.2186,0.8462
神秘,13,6,0.3846,2,2.585,4.8467,0.4615
绝对,13,11,0.25,2,2.0,7.619,0.8462
谁让,13,1,1.0,2,1.6738,7.3241,0.0769
这个明星,13,11,0.1538,4,3.5466,6.7454,0.8462
金手,13,2,0.8182,2,0.684,5.7957,0.1538
魔人,13,1,0.6923,2,1.1401,2.314,0.0769
黑暗,13,11,0.3333,2,2.5216,8.5525,0.8462
万古,12,8,0.2857,2,2.6464,5.7651,0.6667
万年,12,10,0.5,2,1.0613,4.304,0.8333
三十,12,3,0.3636,2,2.3554,5.9374,0.25
不会,12,5,0.3636,2,2.7255,5.065,0.4167
不正,12,1,0.5833,2,1.2807,4.6104,0.0833
世家,12,7,0.2727,2,2.3219,2.4873,0.5833
两界,12,7,0.2857,2,2.2359,6.3534,0.5833
之开局,12,8,0.1667,3,3.2516,2.2095,0.6667
什么叫,12,10,1.0,3,0.8113,7.2735,0.8333
凶猛,12,12,0.5,2,3.7004,10.1839,1.0
到大,12,10,0.1667,2,3.4183,2.125,0.8333
副本,12,10,0.2,2,2.281,9.2075,0.8333
在修仙,12,1,0.7273,3,0.8454,3.4505,0.0833
大汉,12,10,0.2222,2,2.5216,4.3881,0.8333
岁月,12,12,0.25,2,2.2516,8.6814,1.0
师兄,12,3,0.7,2,1.4911,6.7756,0.25
幕后,12,4,0.4167,2,2.2213,8.1929,0.3333
我怎么,12,3,0.4286,3,2.4056,2.7715,0.25
我没,12,3,0.6,2,1.8424,2.0996,0.25
捡到,12,2,0.5,2,2.2925,6.9109,0.1667
文明,12,8,0.2222,2,2.9219,4.2611,0.6667
无上,12,8,0.1667,2,2.585,3.9987,0.6667
横推,12,5,0.5,2,1.5,10.0319,0.4167
江山,12,9,0.75,2,0.8113,7.3426,0.75
猎魔,12,3,0.8182,2,0.8659,5.6066,0.25
秦时,12,5,0.7143,2,1.5,6.4153,0.4167
继承,12,8,0.25,2,2.7219,11.1575,0.6667
聊斋,12,8,0.2857,2,2.5216,10.295,0.6667
至尊,12,12,0.1667,2,2.585,9.3241,1.0
警察,12,9,0.375,2,2.6464,9.9388,0.75
赛博,12,5,0.4545,2,2.2516,11.044,0.4167
转生,12,12,0.1667,2,2.5219,5.1487,1.0
重启,12,9,0.3333,2,2.0,6.0888,0.75
三千,11,6,0.2727,2,2.8454,6.1922,0.5455
上单,11,7,0.5,2,2.1133,7.0484,0.6364
不能,11,11,0.1,2,3.3219,2.8302,1.0
不要,11,6,0.3,2,2.6464,4.3906,0.5455
世界大,11,4,0.1818,3,2.914,1.7155,0.3636
中的,11,8,0.2727,2,3.0272,2.9063,0.7273
之后,11,11,0.0909,2,3.4594,2.4325,1.0
从火影开始,11,6,0.2727,5,2.8454,6.2682,0.5455
你不,11,7,0.25,2,2.3219,2.6069,0.6364
你这,11,8,1.0,2,0.971,3.3164,0.7273
凡人,11,9,0.2857,2,2.3219,4.3828,0.8182
刷新,11,5,0.3636,2,1.585,8.7835,0.4545
加入,11,1,0.8182,2,0.8659,7.0584,0.0909
华娱从,11,11,0.1111,3,3.2776,3.4057,1.0
名门,11,7,1.0,2,2.9219,6.3954,0.6364
吞噬星空之,11,9,0.1818,5,3.2776,5.4415,0.8182
大学,11,5,0.2222,2,2.9219,2.469,0.4545
女主,11,9,0.2222,2,2.9477,3.421,0.8182
女儿,11,2,0.4545,2,2.3685,6.173,0.1818
子开始,11,9,0.3333,3,1.585,1.9792,0.8182
开发,11,7,0.25,2,2.75,3.7103,0.6364
开局一,11,4,1.0,3,0.8631,2.9276,0.3636
开挂,11,7,0.2857,2,2.2359,4.2288,0.6364
怪物,11,9,0.2857,2,2.5216,7.0287,0.8182
恐怖,11,6,0.4286,2,2.1281,12.0319,0.5455
我们,11,8,0.5,2,1.371,2.3587,0.7273
我自己,11,2,0.8182,3,0.8659,4.0692,0.1818
抗战,11,9,0.5,2,2.1258,8.0763,0.8182
拜师,11,3,0.5,2,1.4056,6.5797,0.2727
拯救,11,5,0.4,2,2.7322,10.6169,0.4545
救世主,11,7,0.6667,3,1.5,7.0763,0.6364
日本,11,1,0.5,2,1.761,5.7857,0.0909
术士,11,8,0.75,2,1.371,6.8669,0.7273
机械,11,6,0.2727,2,2.9477,9.5685,0.5455
枭雄,11,7,0.5,2,1.585,9.8152,0.6364
武神,11,11,0.2,2,2.585,2.0427,1.0
混在,11,7,0.1818,2,3.0958,5.3353,0.6364
熟练度,11,7,0.4,3,2.2359,10.447,0.6364
现代,11,6,0.3333,2,2.6416,6.1129,0.5455
生存,11,6,0.5556,2,2.161,5.778,0.5455
男人,11,2,0.5,2,1.361,4.2674,0.1818
疯狂,11,9,0.25,2,2.3219,9.1338,0.8182
的人生,11,4,0.5,3,2.0,2.6653,0.3636
盛世,11,11,1.0,2,3.585,5.806,1.0
直播之,11,5,0.4,3,1.5219,4.1487,0.4545
知道,11,3,0.5,2,2.2222,5.8228,0.2727
祖宗,11,7,0.5,2,1.7925,8.0265,0.6364
精神,11,3,0.7273,2,1.2776,4.3372,0.2727
纵横,11,6,0.5,2,2.0,10.3214,0.5455
美人,11,4,0.5714,2,1.3788,2.4056,0.3636
肝成,11,5,0.3333,2,2.3219,5.8933,0.4545
自由,11,4,0.5556,2,1.961,9.3703,0.3636
融合,11,6,0.2857,2,2.6464,9.1129,0.5455
西游之,11,9,1.0,3,3.4183,4.2089,0.8182
设计,11,2,0.5556,2,2.0404,10.758,0.1818
足球,11,9,1.0,2,2.0349,8.5575,0.8182
那些年,11,5,0.5455,3,2.0495,7.863,0.4545
重生之我,11,6,0.4545,4,2.404,1.9437,0.5455
鉴宝,11,5,0.75,2,1.0613,9.0102,0.4545
钢铁,11,6,0.3,2,2.75,10.5403,0.5455
随身,11,4,1.0,2,2.6535,8.3194,0.3636
青梅,11,5,0.25,2,2.7255,9.9165,0.4545
魔神,11,8,0.3,2,2.3219,2.1703,0.7273
一品,10,8,0.6667,2,0.9183,4.9777,0.8
不当,10,5,0.3,2,2.8464,2.6803,0.5
世界开始,10,8,0.3333,4,2.2516,1.7686,0.8
主角,10,10,0.1667,2,2.8074,6.8684,1.0
二次元,10,8,0.3333,3,2.2516,9.0685,0.8
从零,10,1,1.0,2,1.2075,4.8897,0.1
体验,10,3,0.7,2,1.3568,9.3449,0.3
你当,10,3,0.8571,2,1.2244,3.2968,0.3
冒险,10,6,0.4,2,2.0,11.2055,0.6
创业,10,10,0.1429,2,2.9477,7.9667,1.0
华娱之,10,10,0.1111,3,3.3219,3.304,1.0
卡师,10,1,1.0,2,0.9183,4.9765,0.1
发现,10,3,0.5,2,2.1219,7.9479,0.3
变身,10,8,0.5,2,3.2776,6.2705,0.8
只有我,10,3,0.5,3,1.6577,4.4843,0.3
后的,10,5,0.5,2,2.161,1.7046,0.5
唐朝,10,4,0.5,2,2.5503,6.1739,0.4
国从,10,2,0.6,2,1.571,1.5079,0.2
圣人,10,8,0.2222,2,2.585,2.853,0.8
在西,10,1,0.7778,2,0.9864,4.0791,0.1
大陆,10,2,0.8,2,0.9219,5.295,0.2
天灾,10,6,0.5714,2,1.6645,5.3968,0.6
奋斗,10,6,0.5714,2,2.0,8.4959,0.6
奖励,10,6,0.25,2,2.0,11.0908,0.6
奥特曼,10,8,0.4,3,2.0588,11.6909,0.8
女友是,10,2,0.4,3,2.3219,5.701,0.2
妖女,10,10,0.25,2,2.0,4.3887,1.0
学院,10,8,0.3333,2,2.5216,6.1425,0.8
弟子,10,5,0.3333,2,2.4194,6.1657,0.5
成就,10,2,0.5,2,1.961,3.9418,0.2
我一个,10,10,0.5,3,1.585,2.1058,1.0
我在大,10,6,0.4,3,2.5219,1.9658,0.6
我打,10,3,0.7,2,1.3568,1.852,0.3
我独,10,5,0.7143,2,1.6577,3.1058,0.5
我老婆,10,2,0.8,3,0.9219,3.1432,0.2
才来,10,7,0.375,2,2.3219,5.4603,0.7
摆烂,10,10,0.125,2,3.1219,11.1733,1.0
教父,10,10,0.1,2,3.3219,6.8944,1.0
无尽,10,10,1.0,2,3.4594,6.7192,1.0
是个,10,5,0.3,2,2.6464,2.165,0.5
是什么,10,2,0.6,3,1.571,3.9526,0.2
是真,10,1,0.4,2,2.4464,2.4684,0.1
暴君,10,6,1.0,2,3.2516,8.5084,0.6
最终,10,10,0.3333,2,1.585,7.3182,1.0
武侠世界,10,8,0.3333,4,1.585,6.4669,0.8
每日,10,4,0.5,2,2.161,6.877,0.4
演员,10,3,0.4444,2,1.7527,8.0247,0.3
玄幻,10,7,0.5,2,1.8424,8.9032,0.7
的老,10,2,0.8,2,0.9219,2.1652,0.2
的诸天,10,5,0.5,3,2.161,1.6868,0.5
盘龙,10,10,1.0,2,0.9219,7.3584,1.0
综艺,10,4,0.4286,2,1.8424,7.4876,0.4
老祖,10,5,0.4286,2,2.1972,6.6625,0.5
艺术,10,2,0.8889,2,0.5033,7.295,0.2
苍穹,10,4,0.5,2,1.8424,11.5603,0.4
被迫,10,3,0.625,2,1.88,8.9065,0.3
训练家,10,5,0.3,3,2.6464,7.3087,0.5
谁让他,10,6,1.0,3,0.9183,9.994,0.6
谁还,10,1,1.0,2,0.7642,7.781,0.1
贫道,10,10,0.1,2,3.3219,7.2703,1.0
过于,10,8,0.2222,2,3.1219,8.4534,0.8
这么,10,5,0.3333,2,2.4194,3.9903,0.5
逼我,10,3,0.4,2,2.3219,4.5838,0.3
重返,10,7,0.75,2,0.8113,6.5627,0.7
长生仙,10,6,0.2857,3,2.2359,3.3997,0.6
问道,10,8,0.25,2,2.3219,5.5445,0.8
陛下,10,7,0.5,2,2.1133,8.8095,0.7
霸主,10,5,0.5,2,1.5,4.8345,0.5
霸的,10,1,0.8,2,0.9219,2.6093,0.1
风云,10,7,0.4,2,2.2516,8.044,0.7
飞升,10,10,0.3333,2,2.0,8.6497,1.0
魔头,10,4,0.4,2,2.3219,5.533,0.4
龙王,10,6,0.3333,2,1.6645,4.0364,0.6
一拳,9,9,0.3333,2,2.0,5.1883,1.0
三国之,9,9,0.5,3,3.4594,3.3242,1.0
不可,9,3,0.5,2,1.7925,4.3604,0.3333
不朽,9,9,0.25,2,2.0,7.0829,1.0
世界里,9,2,0.7778,3,0.9864,4.9824,0.2222
为了,9,5,0.5,2,1.5219,2.8712,0.5556
乱世,9,7,0.4,2,2.2516,5.7575,0.7778
从小,9,9,0.5,2,1.0613,2.3296,1.0
从零开始,9,4,0.375,4,2.1556,6.2682,0.4444
们都,9,2,0.6667,2,1.4466,5.749,0.2222
供应商,9,9,0.1111,3,3.1699,10.4794,1.0
侦探,9,6,0.3333,2,2.0,10.4363,0.6667
修仙从,9,9,0.1111,3,3.1699,2.2985,1.0
偶像,9,7,0.5,2,1.5,11.7164,0.7778
光了,9,2,1.0,2,0.9183,3.5263,0.2222
全网,9,7,0.4,2,2.2359,5.0085,0.7778
公子,9,5,0.4,2,1.9219,5.3616,0.5556
制作,9,4,0.3333,2,2.5,8.4363,0.4444
制卡,9,3,0.75,2,1.0613,7.5783,0.3333
剑道,9,4,0.5,2,1.5,3.5426,0.4444
剧本,9,7,0.4,2,2.2516,7.7506,0.7778
加入聊天群,9,3,0.6667,5,1.5305,9.7689,0.3333
努力,9,7,0.2222,2,2.9477,9.9846,0.7778
史上最,9,2,0.5556,3,1.6577,7.9963,0.2222
史上第一,9,7,0.2222,4,2.9477,7.1477,0.7778
咸鱼,9,9,0.2,2,2.3219,11.0319,1.0
唯一,9,5,0.2222,2,2.7255,6.5102,0.5556
在漫威,9,1,0.375,3,1.9056,4.9271,0.1111
女神,9,7,0.2857,2,2.75,1.7983,0.7778
妖怪,9,5,0.25,2,2.0,6.2366,0.5556
学生,9,7,0.5,2,1.5,2.2031,0.7778
家父,9,5,0.2222,2,2.7255,5.1827,0.5556
寒门,9,7,0.2222,2,2.9477,7.6909,0.7778
屠龙,9,7,0.2857,2,2.3219,8.0808,0.7778
崇祯,9,9,0.2,2,2.3219,12.6169,1.0
序列,9,9,0.2,2,2.5216,11.3274,1.0
废土,9,9,0.3333,2,1.585,10.1604,1.0
开始修,9,1,0.4444,3,1.3921,1.6442,0.1111
开始无限,9,5,0.2222,4,2.7255,3.0556,0.5556
开局被,9,7,0.2222,3,2.9477,4.5344,0.7778
快乐,9,3,0.5,2,2.0588,7.3062,0.3333
成长,9,5,0.2857,2,2.5216,2.7832,0.5556
我做,9,5,0.5,2,2.0,1.7634,0.5556
我把,9,9,0.5,2,1.2516,3.2392,1.0
我靠,9,9,1.0,2,0.5917,3.6542,1.0
抽卡,9,5,0.4,2,2.0588,8.4959,0.5556
提前,9,3,0.6,2,1.371,8.143,0.3333
日志,9,7,0.2222,2,2.9477,7.0246,0.7778
旧日,9,5,0.5,2,1.585,8.0246,0.5556
时间,9,5,0.5,2,2.0,5.1422,0.5556
星河,9,6,0.6,2,1.371,5.9795,0.6667
春秋,9,5,0.2857,2,2.2359,10.1258,0.5556
最后一,9,2,0.6667,3,1.4466,6.3176,0.2222
有个,9,9,0.1667,2,2.75,2.7944,1.0
有什么,9,3,0.6667,3,1.4466,4.582,0.3333
有问题,9,5,1.0,3,0.9183,7.5149,0.5556
术开始,9,9,0.2,3,2.3219,3.3335,1.0
某美,9,1,0.8889,2,0.5033,7.5465,0.1111
武林,9,4,0.2857,2,2.5216,6.3315,0.4444
求我,9,6,0.2222,2,2.9477,2.6244,0.6667
没想当,9,1,0.8889,3,0.5033,6.9843,0.1111
法开始,9,5,0.5,3,1.5,2.2892,0.5556
港岛,9,5,0.2222,2,2.3219,8.4496,0.5556
漫威世界,9,3,1.0,4,1.4466,5.8219,0.3333
猎魔人,9,7,0.3333,3,2.2516,6.0933,0.7778
王座,9,5,0.2222,2,2.7255,6.042,0.5556
界当,9,2,0.5556,2,1.6577,2.4542,0.2222
的自,9,3,0.6667,2,1.4466,2.4406,0.3333
的路明非,9,2,0.7778,4,0.9864,4.4912,0.2222
盗墓,9,7,0.3333,2,2.5216,10.558,0.7778
盛唐,9,9,0.5,2,3.2776,7.5503,1.0
直播间,9,7,0.2222,3,2.9477,7.0511,0.7778
真了,9,1,0.8889,2,0.5033,2.0927,0.1111
真仙,9,9,0.5,2,3.4594,2.3253,1.0
真的不,9,1,0.8889,3,0.5033,5.2756,0.1111
神通,9,3,0.2857,2,2.5,4.252,0.3333
稳健,9,4,0.6,2,1.8113,11.8799,0.4444
穿越的,9,3,0.6667,3,1.4466,2.0891,0.3333
突击,9,1,0.8889,2,0.5033,10.6493,0.1111
竟是我自己,9,6,0.3333,5,2.6416,11.0319,0.6667
笔记,9,7,0.5,2,3.2776,9.2918,0.7778
篮坛,9,5,1.0,2,2.7219,9.9388,0.5556
系男神,9,7,0.2222,3,2.9477,6.6057,0.7778
经验,9,1,0.5556,2,1.5,8.8095,0.1111
维度,9,6,0.3333,2,2.585,9.0933,0.6667
缔造,9,5,0.4444,2,2.281,9.5465,0.5556
老师,9,7,0.2857,2,2.3219,3.8121,0.7778
肉身,9,3,0.75,2,1.0613,7.8373,0.3333
艺人,9,1,0.5,2,1.8911,4.0344,0.1111
英灵,9,7,0.4,2,1.9219,6.6269,0.7778
英雄联盟之,9,9,0.1111,5,3.1699,5.567,1.0
装备,9,6,0.6,2,1.8424,9.3143,0.6667
谈恋爱,9,4,0.5,3,1.8424,9.3945,0.4444
豪门,9,5,0.5,2,3.0958,5.5754,0.5556
贞观,9,7,0.5,2,3.2776,11.0002,0.7778
超能力,9,3,0.6667,3,1.2516,7.2798,0.3333
过分,9,6,0.3333,2,2.6416,7.7512,0.6667
这样,9,2,0.6667,2,1.75,7.414,0.2222
退休,9,4,0.2857,2,2.5033,10.5465,0.4444
选择,9,5,0.6667,2,1.6645,10.1604,0.5556
逍遥,9,7,0.3333,2,1.585,11.9795,0.7778
道士,9,7,0.3333,2,1.585,4.6093,0.7778
邪神,9,5,0.5,2,1.5,4.4902,0.5556
都重生了谁,9,4,0.5556,5,1.88,8.597,0.4444
金手指,9,7,0.3333,3,2.0,9.1721,0.7778
长生不死,9,5,0.6667,4,1.5,7.5107,0.5556
闲人,9,4,0.6667,2,0.9183,4.4688,0.4444
雨浩,9,4,0.5556,2,1.371,11.6493,0.4444
一剑,8,4,1.0,2,0.971,2.8715,0.5
一只,8,3,0.25,2,2.5,3.1033,0.375
不太,8,3,0.375,2,2.1556,2.9965,0.375
之光,8,8,0.3333,2,2.0,2.8611,1.0
之门,8,8,0.125,2,3.0,2.0561,1.0
九叔,8,3,0.5,2,1.7925,8.5594,0.375
二代,8,4,0.5,2,1.585,5.216,0.5
交易,8,6,0.25,2,2.585,10.9445,0.75
人生模拟,8,2,1.0,4,0.8113,6.3384,0.25
仙族,8,4,0.5,2,1.585,3.6396,0.5
仙武,8,1,0.6,2,1.7925,2.0096,0.125
仙道,8,8,0.25,2,2.0,1.7419,1.0
做游戏,8,3,0.6667,3,1.4591,5.3235,0.375
僵尸,8,6,0.4,2,1.9219,10.7689,0.75
兼职,8,8,0.5,2,1.5,9.5294,1.0
农家,8,6,0.6667,2,0.9183,5.5847,0.75
出的,8,1,0.875,2,0.5436,2.3386,0.125
到一,8,1,0.75,2,1.0613,2.3928,0.125
北美,8,3,0.8333,2,0.65,5.6487,0.375
十二,8,6,0.25,2,2.75,6.5589,0.75
南之,8,1,0.875,2,0.5436,3.3971,0.125
只好,8,3,0.8,2,1.4056,5.1802,0.375
国术,8,8,0.5,2,1.0,4.5347,1.0
在修仙界,8,1,0.7143,4,0.8631,6.3047,0.125
地狱,8,5,0.4,2,2.2516,7.9206,0.625
士兵突击,8,1,0.8333,4,0.65,9.7294,0.125
士的,8,3,0.375,2,2.1556,2.5042,0.375
大时代,8,6,0.6667,3,1.5,2.8031,0.75
大清,8,8,0.5,2,1.5,3.7714,1.0
天子,8,6,1.0,2,2.9477,1.5014,0.75
天帝,8,8,0.25,2,2.3219,1.7877,1.0
夫人,8,6,0.6667,2,1.5,3.7804,0.75
婚后,8,1,0.875,2,0.5436,6.6537,0.125
学习,8,5,0.5,2,1.5,7.8461,0.625
学家,8,3,0.625,2,1.5488,3.5088,0.375
学霸的,8,4,0.25,3,2.5,3.3917,0.5
小姐,8,3,0.5,2,1.585,6.6604,0.375
山海,8,6,0.3333,2,2.2516,5.2651,0.75
崩了,8,2,0.5,2,1.75,5.7993,0.25
平凡,8,2,0.375,2,2.1556,8.2246,0.25
年开始,8,5,0.6,3,1.8113,1.7576,0.625
开局签到,8,6,0.6667,4,1.5,5.9788,0.75
开局获,8,1,0.875,3,0.5436,5.9788,0.125
强化,8,5,0.375,2,2.0,5.4537,0.625
当神,8,4,0.25,2,2.5,1.7291,0.5
征服,8,3,0.2857,2,2.2359,11.044,0.375
律师,8,6,0.5,2,1.2516,6.7052,0.75
徒弟,8,4,0.25,2,2.3219,8.452,0.5
心声,8,3,1.0,2,0.9183,8.7428,0.375
怎么成,8,2,0.6667,3,1.75,4.5054,0.25
恋综,8,3,0.5,2,1.4591,7.1657,0.375
成真了,8,2,0.25,3,2.25,5.5513,0.25
我不想,8,5,0.5,3,1.585,2.9818,0.625
我加,8,1,1.0,2,0.9183,1.8993,0.125
我只能,8,2,1.0,3,0.5917,5.0692,0.25
我可以,8,2,1.0,3,2.5033,3.8993,0.25
我的武,8,1,1.0,3,0.971,2.5501,0.125
我的老,8,1,0.875,3,0.5436,3.7021,0.125
我真没想当,8,8,0.5,5,1.371,5.0692,1.0
我真的不,8,3,0.375,4,2.1556,4.8993,0.375
我老婆是,8,6,0.25,4,2.75,4.1623,0.75
战国,8,8,0.3333,2,1.585,3.5347,1.0
战神,8,8,0.3333,2,2.0,2.2837,1.0
才是,8,2,0.75,2,1.0613,3.58,0.25
掌控,8,3,0.2857,2,2.5,9.286,0.375
提取,8,4,0.5,2,2.0,9.369,0.5
支配,8,2,0.75,2,1.0613,10.8835,0.25
教主,8,2,0.5714,2,1.3788,4.3539,0.25
教师,8,8,0.5,2,1.585,3.9276,1.0
教授,8,6,0.25,2,2.0,9.1839,0.75
斗罗大陆,8,6,1.0,4,0.9183,8.7589,0.75
无敌了,8,6,0.25,3,2.75,3.8685,0.75
日之,8,2,0.25,2,2.25,1.9203,0.25
时光,8,5,0.375,2,2.3219,4.9723,0.625
明明,8,3,0.375,2,2.1556,2.1542,0.375
明末,8,8,0.3333,2,1.585,3.9171,1.0
星球,8,5,0.5,2,1.0,3.9054,0.625
是大明星,8,4,1.0,4,2.7255,5.701,0.5
是妖,8,1,0.5,2,1.4591,3.1281,0.125
末法,8,3,0.6667,2,1.5,4.9431,0.375
朱元璋,8,6,0.3333,3,2.0,11.0808,0.75
某美漫的,8,8,0.125,4,3.0,5.7136,1.0
每天,8,3,0.5,2,1.371,4.4671,0.375
没钱,8,8,1.0,2,3.1699,7.43,1.0
洪武,8,4,0.4286,2,2.1281,5.0338,0.5
灵气,8,3,0.625,2,1.5488,6.2033,0.375
特种,8,2,0.75,2,1.0613,7.2664,0.25
王之,8,4,0.25,2,2.5,1.5227,0.5
生后,8,1,0.875,2,0.5436,1.9877,0.125
疯了,8,2,1.0,2,0.7219,4.8924,0.25
的地,8,3,0.375,2,2.1556,1.7829,0.375
的悠闲生活,8,8,0.125,5,3.0,5.7136,1.0
的我被,8,5,0.375,3,2.4056,4.0132,0.625
的日常,8,5,0.6,3,1.371,3.7136,0.625
的魔法,8,3,0.375,3,2.4056,3.6262,0.375
看到,8,2,0.75,2,1.0613,5.9745,0.25
看见,8,3,0.625,2,1.5488,9.1444,0.375
真不想,8,1,0.875,3,0.5436,5.9748,0.125
穿梭,8,8,0.2,2,2.3219,8.6814,1.0
精神病,8,2,0.5,3,1.9183,10.2109,0.25
系神豪,8,8,0.125,3,3.0,6.5643,1.0
美漫世界,8,4,0.5,4,1.0,5.1995,0.5
艺术家,8,3,0.375,3,2.1556,7.4722,0.375
行者,8,4,1.0,2,1.0,5.0891,0.5
要做,8,2,0.75,2,1.0613,6.1593,0.25
诸天最强,8,6,0.2857,4,2.75,5.5677,0.75
资本,8,6,0.2857,2,2.5216,8.2506,0.75
身份,8,1,0.5,2,2.0,9.2523,0.125
进入,8,3,0.4286,2,1.8424,6.4835,0.375
通天,8,6,0.5,2,1.5,3.9436,0.75
道主,8,8,0.125,2,3.0,2.6488,1.0
那个,8,6,0.25,2,2.75,5.2671,0.75
重生的我,8,4,0.25,4,2.5,4.0794,0.5
风流,8,4,1.0,2,2.281,6.6225,0.5
骷髅,8,3,0.4286,2,2.1556,12.9388,0.375
鸣人,8,4,0.3333,2,1.9183,6.3384,0.5
黎明,8,5,0.5,2,1.7925,7.3766,0.625
一切,7,3,0.6667,2,1.5,7.1477,0.4286
一心,7,5,0.3333,2,1.9219,3.8465,0.7143
一百,7,2,0.4286,2,1.8424,4.0724,0.2857
万历,7,7,0.5,2,1.0,6.6105,1.0
万岁,7,7,0.1429,2,2.8074,6.1669,1.0
不正经,7,7,0.5,3,1.585,5.9548,1.0
世界里的,7,3,0.2857,4,2.2359,5.351,0.4286
个世界,7,4,0.5,3,1.9219,2.5273,0.5714
之剑,7,7,0.3333,2,1.585,1.8352,1.0
之巅,7,7,0.1429,2,2.8074,5.2045,1.0
之心,7,7,0.1429,2,2.8074,3.0028,1.0
亡灵,7,4,0.3333,2,2.2516,7.7949,0.5714
人设,7,2,0.8333,2,0.65,4.9234,0.2857
什么体验,7,1,0.8571,4,0.5917,9.0319,0.1429
从养,7,3,0.3333,2,1.6645,2.9258,0.4286
从西,7,4,0.4286,2,2.1281,2.8276,0.5714
从龙,7,2,1.0,2,1.0,1.6326,0.2857
仙官,7,7,0.5,2,1.0,3.71,1.0
仙门,7,7,0.3333,2,1.585,2.5914,1.0
你做,7,2,1.0,2,0.65,4.183,0.2857
修道,7,1,0.5714,2,1.6645,2.4449,0.1429
光之,7,4,0.4286,2,2.1281,2.6684,0.5714
公司,7,7,0.3333,2,1.9219,8.4413,1.0
军工,7,7,0.1667,2,2.585,6.2896,1.0
刘备,7,5,0.5,2,1.9183,10.2543,0.7143
创造,7,7,0.25,2,2.0,7.599,1.0
前世,7,2,0.6,2,1.371,4.2105,0.2857
剑圣,7,7,0.3333,2,1.585,4.4928,1.0
动物,7,3,0.5714,2,1.6645,7.2664,0.4286
化身,7,7,0.1667,2,2.585,5.5519,1.0
半岛,7,7,1.0,2,1.5488,9.3799,1.0
原来,7,3,0.5714,2,1.6645,6.6882,0.4286
古神,7,7,0.25,2,2.3219,3.1462,1.0
可能,7,2,0.8333,2,0.65,4.8376,0.2857
合理,7,1,0.8571,2,0.5917,7.4608,0.1429
吓哭,7,5,0.2857,2,2.5216,11.3283,0.7143
听劝,7,2,1.0,2,0.65,11.1168,0.2857
国家,7,3,0.5,2,1.9219,2.5194,0.4286
在北,7,1,0.7143,2,1.1488,4.0846,0.1429
在现实,7,1,0.8333,3,1.1488,6.0051,0.1429
在西游,7,2,0.7143,3,1.1488,4.2579,0.2857
地下城,7,7,0.2,3,2.3219,9.0081,1.0
大师兄,7,7,0.5,3,1.5,5.5174,1.0
大魔王,7,5,0.5,3,1.0,5.295,0.7143
天下无,7,1,0.5714,3,1.3788,4.9636,0.1429
天使,7,5,1.0,2,1.0,4.9526,0.7143
天尊,7,7,0.5,2,1.585,3.4671,1.0
太监,7,7,0.5,2,1.5,7.3378,1.0
套路,7,1,0.4286,2,1.4488,8.7603,0.1429
女明星,7,5,0.4,3,1.9219,4.8863,0.7143
好的,7,1,0.8571,2,0.5917,1.8067,0.1429
好莱坞,7,7,0.3333,3,1.585,9.2246,1.0
妖孽,7,4,0.6,2,1.371,8.6814,0.5714
姐姐,7,5,0.3333,2,2.0,8.4063,0.7143
娱乐圈的,7,7,0.5,4,1.585,4.273,1.0
宗门,7,7,0.2,2,2.5216,5.8544,1.0
宝可梦,7,5,0.3333,3,2.2516,9.8727,0.7143
实在太,7,7,0.1429,3,2.8074,8.7004,1.0
家子,7,3,0.5714,2,1.6645,2.6357,0.4286
山河,7,7,0.2,2,2.3219,6.862,1.0
巅峰,7,7,0.2,2,2.3219,11.2543,1.0
巨头,7,5,1.0,2,2.75,6.7635,0.7143
幻想,7,7,0.2,2,2.3219,6.0667,1.0
开始做,7,5,0.2857,3,2.5216,2.8172,0.7143
开始崛起,7,7,0.1429,4,2.8074,4.123,1.0
开始成为,7,7,0.1429,4,2.8074,3.8666,1.0
开始的文,7,1,0.5714,4,1.3788,5.2054,0.1429
开始肝,7,1,0.4286,3,1.8424,4.3387,0.1429
开局获得,7,7,0.1429,4,2.8074,5.9788,1.0
悟性逆天,7,7,1.0,4,0.7219,6.4671,1.0
我只是,7,3,1.0,3,0.8113,3.9697,0.4286
我在东京当,7,7,0.1429,5,2.8074,5.0692,1.0
我在修,7,1,0.8571,3,0.5917,3.0839,0.1429
我在西,7,2,0.7143,3,1.1488,4.5547,0.2857
我打造,7,3,0.5714,3,1.6645,3.1761,0.4286
我有一座,7,7,0.1429,4,2.8074,5.0692,1.0
我的女,7,1,0.8571,3,0.5917,2.4026,0.1429
我的老婆,7,1,0.8571,4,0.5917,5.0692,0.1429
我的超,7,2,0.7143,3,1.1488,2.6384,0.2857
我的身,7,2,0.4286,3,1.8424,3.6934,0.2857
我真不想,7,3,0.5714,4,1.6645,4.8766,0.4286
我真的只,7,1,0.5714,4,1.3788,5.0692,0.1429
扮演,7,7,0.2,2,2.5216,9.5102,1.0
抽奖,7,3,0.5714,2,1.0,9.4063,0.4286
挂机,7,5,0.4,2,1.9219,7.4074,0.7143
掌门,7,7,0.2,2,2.3219,6.369,1.0
摊牌,7,3,0.8,2,1.2516,10.3799,0.4286
教练,7,7,0.5,2,1.371,6.0951,1.0
斩妖,7,5,0.6667,2,1.5,7.3278,0.7143
旅行,7,2,0.5,2,1.4591,6.7038,0.2857
无限进化,7,5,0.3333,4,2.2516,6.8983,0.7143
日常系,7,7,1.0,3,3.0,6.2786,1.0
明第,7,1,0.8571,2,0.5917,3.8147,0.1429
是正,7,4,0.2857,2,2.5216,3.6208,0.5714
是魔,7,2,0.4286,2,2.1281,1.9355,0.2857
曝光了,7,4,0.4286,3,2.1281,5.6997,0.5714
曹操,7,3,0.5,2,1.5219,10.7518,0.4286
有毒,7,7,0.1429,2,2.8074,6.2194,1.0
朝当,7,1,0.8571,2,0.5917,4.6408,0.1429
来的路明非,7,1,0.8571,5,0.5917,8.2187,0.1429
极道,7,7,1.0,2,3.0,4.4789,1.0
柯南之,7,4,0.4286,3,2.1281,4.9414,0.5714
梦境,7,5,0.4,2,1.9219,8.792,0.7143
欢迎,7,2,0.6667,2,0.9183,10.8393,0.2857
正义,7,7,1.0,2,1.0,8.0132,1.0
没人,7,1,1.0,2,0.9183,2.7611,0.1429
法则,7,5,1.0,2,2.75,6.9204,0.7143
洪荒之,7,7,1.0,3,3.0,3.6195,1.0
流浪,7,5,0.4,2,1.9219,7.8169,0.7143
海贼王,7,3,0.5,3,1.9183,5.0822,0.4286
深海,7,7,0.5,2,1.0,6.5054,1.0
火红,7,1,0.8571,2,0.5917,4.9724,0.1429
灭世,7,4,0.4,2,1.9219,4.81,0.5714
爆红,7,1,0.7143,2,1.1488,7.1041,0.1429
牧师,7,7,0.3333,2,2.0,5.998,1.0
狠人,7,4,1.0,2,1.0,5.2283,0.5714
生命,7,5,0.5,2,1.585,3.0599,0.7143
生模拟器,7,1,0.8571,4,0.5917,4.3186,0.1429
生活系,7,7,1.0,3,3.0,5.3959,1.0
田园,7,7,0.3333,2,1.585,7.7349,1.0
白月光,7,5,0.3333,3,2.3219,9.4959,0.7143
百万,7,4,0.5,2,1.7925,5.3717,0.5714
的文娱,7,3,0.5714,3,1.0,3.7661,0.4286
的玩,7,1,0.8571,2,0.5917,2.0947,0.1429
的那些,7,1,0.8571,3,0.5917,4.7136,0.1429
的黑科技,7,4,0.4286,4,2.1281,4.199,0.5714
真实,7,5,0.5,2,1.0,5.0883,0.7143
离婚后,7,5,0.5,3,1.8424,7.6079,0.7143
穿越者,7,5,0.6667,3,1.4591,4.8965,0.7143
系统来,7,3,0.5714,3,1.6645,4.4698,0.4286
红尘,7,7,0.25,2,2.3219,8.1041,1.0
纨绔,7,5,0.5,2,1.5,13.1315,0.7143
给我,7,7,0.1429,2,2.8074,2.9224,1.0
综武,7,4,0.75,2,0.8113,4.5945,0.5714
网络,7,4,0.3333,2,2.2516,9.431,0.5714
美女,7,4,0.6,2,1.371,3.2067,0.5714
能升级,7,3,0.5,3,1.0,6.3584,0.4286
能变,7,1,0.8571,2,0.5917,4.5782,0.1429
蜀山,7,5,0.5,2,1.0,8.6694,0.7143
规则,7,5,0.4,2,1.9219,11.2867,0.7143
记事,7,7,0.1429,2,2.8074,6.5306,1.0
证道,7,5,0.4,2,1.9219,6.1342,0.7143
诸天万界,7,7,0.3333,4,2.0,5.8429,1.0
读书,7,3,0.3333,2,1.9183,8.6587,0.4286
谍影,7,7,0.3333,2,1.585,6.3812,1.0
财阀,7,3,0.5,2,1.585,10.4608,0.4286
走出的,7,4,0.4286,3,2.1281,5.7136,0.5714
这是,7,2,1.0,2,1.0,1.8359,0.2857
造了,7,3,0.5714,2,1.6645,3.2143,0.4286
道君,7,5,0.4,2,1.9219,4.3476,0.7143
道门,7,7,0.3333,2,1.585,3.2082,1.0
都成,7,2,0.5,2,2.1281,3.0056,0.2857
重生后,7,7,0.5,3,1.1488,3.0316,1.0
重生日,7,2,0.7143,3,1.0,2.9788,0.2857
金刚,7,1,0.4,2,2.2359,7.4876,0.1429
锦衣卫,7,3,0.3333,3,2.2359,10.4794,0.4286
镇守,7,5,0.2857,2,2.5216,9.4063,0.7143
霍格沃茨之,7,7,1.0,5,3.0,3.5568,1.0
香江,7,7,0.3333,2,1.585,8.072,1.0
龙珠,7,5,0.5,2,1.585,7.3963,0.7143
万法,6,4,0.5,2,1.9219,3.6656,0.6667
三国从,6,4,1.0,3,2.5216,2.7034,0.6667
上限,6,1,0.8333,2,0.65,4.2105,0.1667
专家,6,4,1.0,2,1.0,6.4722,0.6667
世纪,6,4,0.4,2,2.2516,4.3841,0.6667
么当,6,1,0.8333,2,0.65,3.3711,0.1667
之名,6,6,0.1667,2,2.585,3.1341,1.0
之神级,6,1,0.5,3,1.4591,4.031,0.1667
了怎么办,6,6,0.1667,4,2.585,5.4773,1.0
争霸,6,4,0.5,2,1.585,7.1433,0.6667
人在东京,6,6,1.0,4,0.65,4.7714,1.0
人在木叶,6,6,0.0,4,-1.0,5.9539,1.0
人生模拟器,6,2,0.6667,5,1.2516,6.286,0.3333
从九,6,3,1.0,2,0.65,2.6437,0.5
从战,6,2,1.0,2,0.8113,1.5312,0.3333
仙府,6,6,0.5,2,1.0,5.295,1.0
仙者,6,2,1.0,2,1.2516,2.5616,0.3333
众神,6,6,0.25,2,2.0,5.4902,1.0
会穿越的,6,4,0.3333,4,2.2516,5.7136,0.6667
作死,6,4,0.5,2,1.0,6.7959,0.6667
你成,6,6,1.0,2,0.65,1.8856,1.0
你说,6,3,0.5,2,1.7925,3.8514,0.5
佣兵,6,6,0.3333,2,1.585,9.7622,1.0
信息,6,4,0.4,2,1.585,10.6169,0.6667
修改,6,2,0.6667,2,1.2516,6.1906,0.3333
做人,6,2,0.6667,2,1.0,2.6176,0.3333
儿子,6,4,0.3333,2,2.2516,5.3101,0.6667
全世界,6,1,1.0,3,1.4591,2.8924,0.1667
八零,6,4,0.5,2,1.9219,8.431,0.6667
公主,6,6,0.25,2,2.0,4.7424,1.0
养生,6,3,0.4,2,1.9219,2.7538,0.5
冒牌,6,4,0.5,2,1.585,9.369,0.6667
出来,6,3,0.5,2,1.5,4.7912,0.5
别人,6,6,0.3333,2,1.585,3.4786,1.0
制卡师,6,6,0.1667,3,2.585,6.9276,1.0
前妻,6,4,0.5,2,1.9219,7.3253,0.6667
剑宗,6,6,0.25,2,2.0,5.6038,1.0
加点修,6,1,0.8333,3,0.65,5.8121,0.1667
加载,6,2,0.6667,2,1.2516,9.1839,0.3333
十八,6,3,0.6,2,1.371,6.7739,0.5
卡牌,6,3,0.6,2,1.371,7.7589,0.5
去当,6,2,0.6667,2,1.2516,5.1554,0.3333
反手,6,4,0.6667,2,1.4591,5.5136,0.6667
只会,6,2,1.0,2,0.7219,5.7245,0.3333
召唤师,6,4,0.3333,3,2.2516,4.8121,0.6667
哈利,6,1,0.75,2,0.8113,9.3639,0.1667
唐三,6,4,0.4,2,1.9219,4.437,0.6667
商人,6,6,1.0,2,2.8074,3.6339,1.0
四合院之,6,6,1.0,4,2.8074,3.8446,1.0
四合院里,6,1,1.0,4,0.65,7.3919,0.1667
回到过去,6,4,1.0,4,2.5216,9.1059,0.6667
国王,6,6,0.5,2,1.0,2.6603,1.0
在上,6,6,0.1667,2,2.585,2.1471,1.0
在火影,6,1,0.6,3,0.971,3.2502,0.1667
在线,6,4,0.6667,2,1.5,5.0051,0.6667
在美漫,6,2,0.75,3,0.8113,3.8897,0.3333
地主,6,4,1.0,2,2.5216,3.593,0.6667
坏了,6,6,0.5,2,1.5,4.9248,1.0
基地,6,2,0.75,2,0.8113,6.5487,0.3333
塌房,6,4,0.3333,2,2.0,11.3241,0.6667
大周,6,4,1.0,2,2.5216,4.4205,0.6667
大哥,6,6,0.25,2,2.3219,3.8799,1.0
大罗,6,6,0.25,2,2.0,1.8687,1.0
天地,6,6,0.25,2,2.0,2.1214,1.0
太上,6,6,0.3333,2,1.585,3.8424,1.0
太极,6,4,0.3333,2,2.2516,5.3081,0.6667
太阳,6,4,0.5,2,1.9219,6.1561,0.6667
头号,6,3,0.5,2,1.7925,8.2315,0.5
她们都,6,2,0.3333,3,1.9183,7.012,0.3333
妖尾,6,6,1.0,2,0.65,8.307,1.0
妹妹,6,4,0.4,2,1.9219,9.2361,0.6667
宠物,6,6,0.3333,2,1.585,7.672,1.0
家娘子,6,1,0.8333,3,0.65,6.3791,0.1667
小说,6,6,0.1667,2,2.585,4.8303,1.0
少年,6,6,0.3333,2,1.585,5.6259,1.0
就能变强,6,6,0.1667,4,2.585,8.9615,1.0
岳父,6,6,0.5,2,1.0,9.9351,1.0
巨星从,6,6,1.0,3,2.8074,3.6052,1.0
巫师世界,6,4,0.5,4,1.5,4.8702,0.6667
幸福,6,1,0.5,2,1.4591,9.779,0.1667
幸运,6,4,0.3333,2,2.2516,9.5754,0.6667
幻世,6,2,0.8,2,0.7219,4.2744,0.3333
庶子,6,4,0.5,2,1.5,6.973,0.6667
开启,6,6,0.25,2,2.2516,3.9199,1.0
归来的路明非,6,6,0.1667,6,2.585,10.2246,1.0
很合理,6,2,0.8,3,0.7219,10.7164,0.3333
德鲁伊,6,4,0.3333,3,1.585,10.9388,0.6667
忽悠,6,4,0.4,2,1.9219,10.8584,0.6667
成帝,6,6,0.3333,2,1.585,2.2936,1.0
我只想安,6,1,0.8333,4,0.65,5.0692,0.1667
我在仙,6,2,0.5,3,1.0,1.9658,0.3333
我在修仙,6,1,0.8333,4,0.65,3.7332,0.1667
我在异,6,1,0.8333,3,0.65,3.5667,0.1667
我才是,6,6,1.0,3,0.7219,4.6542,1.0
我的女友,6,2,0.6667,4,1.2516,5.0692,0.3333
我的老婆是,6,6,1.0,5,1.0,5.0692,1.0
我能看到,6,6,0.1667,4,2.585,5.0692,1.0
我要做,6,6,0.1667,3,2.585,4.6542,1.0
我选,6,2,0.6667,2,1.2516,2.4063,0.3333
手记,6,4,0.3333,2,2.2516,4.9374,0.6667
拒绝,6,4,0.3333,2,2.2516,9.8727,0.6667
挂了,6,2,0.3333,2,1.9183,4.1748,0.3333
挑战,6,6,0.5,2,1.5,8.3945,1.0
捡到一,6,2,1.0,3,1.0,6.1477,0.3333
支配者,6,3,1.0,3,1.0,8.4685,0.5
时代的,6,4,0.3333,3,2.2516,1.8067,0.6667
明朝当,6,2,0.5,3,1.7925,6.3993,0.3333
明第一,6,1,0.8333,3,0.65,3.9026,0.1667
是什么体验,6,6,0.1667,5,2.585,6.8005,1.0
是剑,6,2,0.3333,2,1.9183,2.3318,0.3333
最后一个,6,6,0.3333,4,2.0,7.1739,1.0
有什么坏心,6,1,0.8333,5,0.65,7.8044,0.1667
末世之,6,6,0.1667,3,2.585,3.3971,1.0
末年,6,2,0.5,2,1.0,4.1665,0.3333
机甲,6,6,0.25,2,2.0,8.1466,1.0
校花,6,6,0.3333,2,2.0,8.3439,1.0
梦回,6,6,0.2,2,2.585,5.7367,1.0
模拟人,6,1,0.8333,3,0.65,3.2107,0.1667
武功,6,3,0.6,2,1.371,5.1795,0.5
死的,6,1,0.8333,2,0.65,1.5707,0.1667
水浒,6,6,0.5,2,1.0,10.6169,1.0
永恒,6,6,0.5,2,1.0,10.6783,1.0
法神,6,6,0.5,2,1.0,1.8243,1.0
游戏里,6,2,0.6667,3,1.2516,5.2968,0.3333
漫威世界的,6,6,0.1667,5,2.585,5.1287,1.0
火红年代,6,4,1.0,4,0.8113,8.2384,0.6667
灵魂,6,6,0.5,2,1.0,6.07,1.0
炮灰,6,4,0.5,2,1.0,11.3945,0.6667
爱的,6,2,0.5,2,1.9183,2.2762,0.3333
爷爷,6,2,0.4,2,1.9183,8.435,0.3333
牧场,6,6,0.3333,2,1.585,8.8799,1.0
特种兵,6,6,0.5,3,1.0,9.5696,1.0
状元,6,2,0.5,2,1.0,8.7294,0.3333
狂潮,6,6,0.1667,2,2.585,9.7068,1.0
狩猎,6,6,0.2,2,2.3219,9.042,1.0
独行,6,6,0.3333,2,1.585,6.444,1.0
百世,6,4,0.3333,2,2.2516,3.7494,0.6667
的我却,6,4,0.3333,3,2.2516,5.7136,0.6667
的我只想,6,4,0.3333,4,2.2516,3.5981,0.6667
的我只能,6,1,0.5,4,1.7925,5.2986,0.1667
的文艺,6,1,0.5,3,1.4591,4.5981,0.1667
的无限,6,2,0.3333,3,2.2516,1.6987,0.3333
的玩家,6,2,0.6667,3,1.2516,2.5437,0.3333
的男,6,1,0.8333,2,0.65,2.5981,0.1667
的自我,6,1,0.8333,3,0.65,4.4843,0.1667
的诞生,6,6,0.1667,3,2.585,5.7136,1.0
的超能力,6,1,0.8333,4,0.65,5.1287,0.1667
的那些年,6,6,0.1667,4,2.585,4.8391,1.0
的霍格沃,6,1,0.8333,4,0.65,2.6262,0.1667
皇后,6,4,0.4,2,1.9219,4.3727,0.6667
直播鉴宝,6,6,0.0,4,-1.0,9.4496,1.0
知否,6,6,0.5,2,1.0,10.431,1.0
砍翻,6,3,0.6667,2,1.4591,10.9165,0.5
神功,6,6,0.1667,2,2.585,3.8687,1.0
神医,6,6,0.3333,2,1.585,2.3326,1.0
神座,6,6,0.2,2,2.3219,3.9052,1.0
神豪从,6,6,0.1667,3,2.585,3.9462,1.0
离谱,6,4,0.5,2,1.585,9.9165,0.6667
科研,6,6,0.25,2,2.0,7.8487,1.0
秘复苏,6,1,0.8333,3,0.65,8.8164,0.1667
穿越了,6,4,0.3333,3,2.2516,2.5898,0.6667
穿越到,6,6,0.3333,3,1.585,3.9745,1.0
笑傲,6,4,0.4,2,1.9219,10.3539,0.6667
简单,6,2,0.3333,2,1.9183,10.6169,0.3333
精灵之,6,6,1.0,3,2.8074,4.031,1.0
级英雄,6,2,0.8,3,1.2516,6.0185,0.3333
练武,6,6,0.25,2,2.3219,4.4353,1.0
终极,6,6,0.1667,2,2.585,7.5465,1.0
绝世之,6,4,0.3333,3,2.2516,4.3654,0.6667
网红,6,6,0.3333,2,1.585,5.4614,1.0
美国,6,2,0.8,2,0.7219,2.8794,0.3333
老朱,6,6,0.2,2,2.585,6.7954,1.0
肉身成圣,6,3,1.0,4,1.7925,8.9615,0.5
能是,6,1,0.8333,2,0.65,1.7437,0.1667
能有,6,1,0.8333,2,0.65,2.5252,0.1667
艾泽拉斯,6,6,0.5,4,1.0,10.9388,1.0
血族,6,6,0.3333,2,1.585,6.5168,1.0
被动,6,2,0.8,2,0.7219,6.5415,0.3333
西北,6,2,0.3333,2,1.9183,6.5479,0.3333
角色,6,4,0.4,2,1.9219,9.3766,0.6667
让你当,6,6,0.1667,3,2.585,5.0623,1.0
诡异世界,6,6,0.5,4,1.0,5.4405,1.0
说好的,6,6,1.0,3,2.8074,3.6547,1.0
请留步,6,6,0.2,3,2.585,10.2664,1.0
诸天世界,6,2,0.8,4,0.7219,3.1361,0.3333
赘婿,6,6,0.5,2,1.585,11.8233,1.0
起源,6,6,0.3333,2,1.585,8.22,1.0
超时空,6,6,1.0,3,2.8074,6.39,1.0
退役,6,4,0.4,2,2.2516,10.599,0.6667
速通,6,4,0.4,2,1.9219,9.6783,0.6667
造化,6,3,1.0,2,2.1281,5.6237,0.5
道侣,6,6,0.5,2,1.585,7.6488,1.0
道长生,6,2,1.0,3,1.0,3.2796,0.3333
锦绣,6,6,0.3333,2,1.585,10.0644,1.0
锦鲤,6,6,0.25,2,2.0,10.0644,1.0
限制,6,1,0.6667,2,0.9183,5.981,0.1667
风暴,6,6,0.1667,2,2.585,7.7925,1.0
飞扬,6,2,0.8,2,0.7219,9.8514,0.3333
首席,6,3,0.75,2,0.8113,10.8584,0.5
驱魔,6,3,0.6,2,1.371,7.8216,0.5
高考,6,4,0.4,2,2.0,8.3315,0.6667
魔门,6,4,0.4,2,1.9219,3.381,0.6667
黑夜,6,6,0.5,2,1.0,6.7589,1.0
黑手,6,1,0.8333,2,0.65,4.852,0.1667
一万,5,5,0.5,2,1.585,1.9777,1.0
一个大,5,3,0.4,3,1.9219,2.3315,0.6
一本,5,1,0.8,2,0.7219,3.2408,0.2
一枚,5,2,0.6,2,1.371,7.1477,0.4
一起,5,5,0.2,2,2.3219,3.1658,1.0
上将,5,2,0.75,2,0.8113,5.6885,0.4
上班,5,3,1.0,2,0.9183,6.8178,0.6
不死的我,5,2,1.0,4,0.9183,5.0692,0.4
不科学,5,5,0.5,3,1.0,4.8564,1.0
世唐,5,1,0.8,2,0.7219,2.511,0.2
世界当,5,5,0.2,3,2.3219,2.3453,1.0
东方,5,3,0.5,2,1.5,6.6396,0.6
丧尸,5,5,0.3333,2,1.585,10.5059,1.0
个修,5,1,0.6,2,1.371,2.0696,0.2
中华,5,5,0.3333,2,1.585,4.9827,1.0
之资,5,1,0.5,2,1.5219,4.1665,0.2
之超级,5,3,0.4,3,1.9219,2.378,0.6
之金,5,1,0.4,2,1.5219,2.0112,0.2
九天,5,5,0.25,2,2.0,2.5796,1.0
了吧,5,1,0.8,2,0.7219,3.6618,0.2
五百年,5,5,0.2,3,2.3219,8.2109,1.0
人太,5,2,0.6,2,1.371,1.5919,0.4
人设崩,5,1,0.8,3,0.7219,6.5084,0.2
从一人,5,1,0.4,3,1.5219,3.3806,0.2
从今,5,1,0.8,2,0.7219,4.1307,0.2
从士兵突击开始,5,2,1.0,7,0.8113,6.2682,0.4
从娶,5,1,0.6667,2,1.371,4.6832,0.2
从拜,5,1,0.8,2,0.7219,4.1978,0.2
从木,5,1,1.0,2,0.7219,2.3422,0.2
从每,5,1,0.8,2,0.7219,3.5901,0.2
从洪,5,3,0.5,2,1.585,2.7075,0.6
从港综,5,2,1.0,3,0.9183,3.5901,0.4
从猎,5,1,1.0,2,1.0,2.5677,0.2
从获得,5,5,1.0,3,0.7219,4.5901,1.0
从金,5,3,0.4,2,1.9219,1.9754,0.6
从黑,5,1,1.0,2,1.9183,2.1471,0.2
从龙族,5,1,0.8,3,0.7219,3.8352,0.2
仙侠,5,1,0.8,2,0.7219,3.3766,0.2
仙缘,5,3,0.4,2,1.9219,4.7689,0.6
仙途,5,5,0.2,2,2.3219,4.599,1.0
传承,5,5,0.5,2,1.0,7.1431,1.0
但是,5,5,1.0,2,0.7219,5.3449,1.0
你就,5,3,0.4,2,1.9219,3.4051,0.6
你把,5,5,0.5,2,1.5,5.1733,1.0
俗人,5,5,0.3333,2,1.585,4.7428,1.0
修仙世界,5,2,0.6,4,1.0,3.0823,0.4
光明,5,5,1.0,2,2.585,3.4255,1.0
全家,5,2,0.75,2,0.8113,2.5236,0.4
全知,5,2,0.6,2,1.371,5.3829,0.4
八十年,5,2,1.0,3,0.8113,8.2109,0.4
具现,5,1,0.4,2,1.5219,9.6758,0.2
农庄,5,3,0.4,2,1.9219,9.4663,0.6
出道,5,3,0.4,2,1.9219,3.5957,0.6
刀开始,5,3,0.4,3,1.9219,3.72,0.6
列车,5,5,0.5,2,1.0,9.295,1.0
初唐,5,5,0.5,2,1.585,7.4028,1.0
到中,5,3,0.4,2,1.9219,4.2391,0.6
剑出,5,5,0.2,2,2.3219,4.6096,1.0
剑开始,5,2,0.6,3,1.371,1.5314,0.4
剑豪,5,5,1.0,2,2.585,4.6992,1.0
剧情,5,2,0.6667,2,0.9183,7.5168,0.4
功法,5,5,0.3333,2,1.9219,5.5725,1.0
加点修行,5,3,0.4,4,1.9219,8.8814,0.6
加钱,5,2,0.6,2,1.371,7.1366,0.4
医圣,5,5,1.0,2,2.585,4.4255,1.0
千万,5,3,0.6667,2,1.5,4.7916,0.6
危机,5,5,0.5,2,1.0,8.8095,1.0
却成了,5,3,0.6667,3,1.5219,6.7993,0.6
原始,5,2,0.5,2,1.5,4.0625,0.4
厨神,5,5,0.3333,2,1.585,4.6797,1.0
去了,5,1,1.0,2,0.9183,3.6293,0.2
只有我知道,5,3,0.4,5,1.9219,7.6488,0.6
可不,5,1,0.8,2,0.7219,3.5125,0.2
可以无限,5,3,0.4,4,1.9219,7.4909,0.6
可能是,5,1,0.8,3,0.7219,6.5375,0.2
史上最强,5,5,0.2,4,2.3219,8.0685,1.0
吃瓜,5,3,0.5,2,1.5,10.8514,0.6
吕布,5,5,0.25,2,2.0,11.3539,1.0
呼吸,5,1,0.8,2,0.7219,12.2835,0.2
命之,5,2,0.6,2,1.371,2.5598,0.4
命格,5,1,0.8,2,0.7219,5.8548,0.2
唯我独,5,1,0.8,3,0.7219,10.6534,0.2
嘉靖,5,5,0.5,2,1.5,11.7689,1.0
噩梦,5,5,0.3333,2,1.585,9.7216,1.0
四合院里的,5,5,0.2,5,2.3219,5.4506,1.0
图书馆,5,3,1.0,3,2.2516,11.1315,0.6
土豪,5,5,1.0,2,2.585,7.2749,1.0
圣光,5,5,0.3333,2,2.0,4.8405,1.0
在古代,5,1,0.8,3,0.7219,5.0051,0.2
在末世,5,5,0.25,3,2.0,3.8352,1.0
在现实世界,5,1,1.0,5,0.7219,7.0051,0.2
在都市,5,5,0.2,3,2.3219,4.3729,1.0
地府,5,5,0.5,2,1.0,7.0081,1.0
复制,5,5,0.25,2,2.0,7.2664,1.0
大反派,5,5,1.0,3,2.585,3.5725,1.0
大将,5,5,0.2,2,2.3219,3.4876,1.0
大抽,5,1,0.8,2,0.7219,3.862,0.2
大明第一,5,5,0.2,4,2.3219,4.9658,1.0
大荒,5,5,0.3333,2,1.585,2.1412,1.0
大魏,5,5,0.5,2,1.0,5.1575,1.0
天罡,5,2,0.75,2,0.8113,6.4671,0.4
天道酬勤,5,5,0.5,4,1.0,6.4671,1.0
天骄,5,5,0.5,2,1.0,5.6191,1.0
太听劝了,5,5,0.2,4,2.3219,6.7993,1.0
太稳,5,2,0.6,2,1.371,7.1155,0.4
夺嫡,5,2,0.75,2,0.8113,9.9254,0.4
奇幻,5,5,0.3333,2,2.0,6.9725,1.0
奇迹,5,5,1.0,2,0.8113,8.1601,1.0
女儿身,5,1,0.8,3,0.7219,7.9615,0.2
好人,5,2,1.0,2,1.7925,2.1161,0.4
娱乐之,5,5,1.0,3,2.585,2.9535,1.0
子不,5,3,0.4,2,1.9219,1.5911,0.6
守则,5,5,0.2,2,2.3219,9.2164,1.0
富贵,5,5,0.3333,2,1.585,8.0685,1.0
对象,5,2,0.6,2,1.371,8.2191,0.4
将军,5,2,0.6,2,1.371,6.9416,0.4
就变强,5,5,0.2,3,2.3219,7.3226,1.0
尸人,5,5,1.0,2,2.585,3.6604,1.0
尽头,5,5,0.2,2,2.3219,7.9684,1.0
工厂,5,5,0.2,2,2.3219,8.1866,1.0
师妹,5,5,0.5,2,1.585,5.1906,1.0
师父,5,3,0.5,2,1.5,4.0531,0.6
帝皇,5,3,0.6667,2,1.5,3.7611,0.6
幕后黑手,5,2,0.6,4,1.371,8.71,0.4
开始成就,5,5,0.2,4,2.3219,5.4856,1.0
开始的诸天,5,3,0.5,5,1.5,4.9347,0.6
开始长生,5,5,1.0,4,2.585,1.8533,1.0
开局一个,5,3,1.0,4,0.9183,4.2959,0.6
开局加,5,1,1.0,3,0.7219,4.4113,0.2
异世之,5,5,0.2,3,2.3219,3.304,1.0
异界之,5,5,0.2,3,2.3219,3.2336,1.0
张三丰,5,5,0.3333,3,1.585,12.2384,1.0
强国,5,5,0.3333,2,1.585,3.2013,1.0
强大,5,1,0.8,2,0.7219,1.6396,0.2
强者,5,2,1.0,2,1.7925,4.2282,0.4
当文豪,5,5,1.0,3,2.585,5.6293,1.0
当老,5,3,0.4,2,1.9219,3.5139,0.6
必须,5,3,0.5,2,1.9219,11.8013,0.6
怎么了,5,5,0.2,3,2.3219,3.2386,1.0
怎么当,5,3,0.4,3,1.9219,4.5016,0.6
怪兽,5,5,0.3333,2,2.0,6.3766,1.0
成了神,5,3,0.4,3,1.9219,2.57,0.6
成仙了,5,5,1.0,3,1.0,4.5976,1.0
我叫,5,5,1.0,2,1.0,1.5332,1.0
我在修仙界,5,3,0.4,5,1.9219,4.3912,0.6
我在异界,5,5,0.2,4,2.3219,3.5838,1.0
我在现实,5,1,0.8,4,0.7219,4.5838,0.2
我在西游,5,5,0.2,4,2.3219,4.5838,1.0
我在诸,5,1,0.8,3,0.7219,3.1432,0.2
我家娘子,5,5,0.25,4,2.3219,4.8062,1.0
我有无数,5,3,1.0,4,1.0,5.0692,0.6
我爆红,5,1,0.8,3,0.7219,4.5838,0.2
我的分身,5,5,0.2,4,2.3219,5.0692,1.0
我的前,5,2,0.6,3,1.371,4.2506,0.4
我的物品,5,2,0.6,4,1.371,5.0692,0.4
我的系统,5,5,1.0,4,1.0,2.9756,1.0
我的职业,5,3,0.4,4,1.9219,4.7245,0.6
我的超能力,5,1,0.8,5,0.7219,4.8062,0.2
我真的是,5,3,1.0,4,2.2516,4.7599,0.6
我能看见,5,5,0.2,4,2.3219,5.0692,1.0
我被迫,5,1,1.0,3,0.8113,4.0692,0.2
战场,5,1,1.0,2,0.8113,5.6169,0.2
截教,5,5,0.3333,2,2.0,8.5059,1.0
手搓,5,2,0.6,2,1.371,8.447,0.4
打工,5,5,0.3333,2,1.585,5.4548,1.0
打穿,5,3,0.5,2,1.5,4.4642,0.6
打职业,5,3,0.6667,3,1.5219,6.5517,0.6
执掌,5,3,1.0,2,1.0,9.1315,0.6
投影,5,3,0.5,2,1.585,6.7323,0.6
抽象,5,3,0.5,2,1.5,9.4184,0.6
控制,5,1,0.8,2,0.7219,8.0648,0.2
摸鱼,5,3,0.4,2,1.9219,9.9209,0.6
操作,5,5,1.0,2,1.0,9.1733,1.0
改造,5,5,0.25,2,2.0,7.5465,1.0
整个,5,5,0.3333,2,1.9219,6.1739,1.0
斗罗之我,5,2,0.6,4,1.371,3.6907,0.4
新世,5,1,0.8,2,0.7219,3.5616,0.2
旁门,5,2,0.5,2,1.5,8.2055,0.4
无间,5,1,0.4,2,1.5219,3.7357,0.2
明日,5,3,0.4,2,1.9219,2.4847,0.6
是传,5,1,0.8,2,0.7219,2.6867,0.2
是大佬,5,5,0.2,3,2.3219,3.7599,1.0
是太,5,2,0.6,2,1.371,2.1065,0.4
最后的,5,3,1.0,3,1.0,4.0355,0.6
朝好,5,1,0.8,2,0.7219,5.3177,0.2
术师,5,5,0.3333,2,1.585,3.5126,1.0
杀手,5,3,0.4,2,1.585,5.1012,0.6
来到,5,2,0.6,2,1.371,3.1483,0.4
柯学,5,2,0.75,2,0.8113,6.3904,0.4
样子,5,1,0.8,2,0.7219,6.5945,0.2
模拟人生,5,5,0.5,4,1.585,5.8703,1.0
武世界,5,3,1.0,3,0.9183,2.1995,0.6
武当,5,2,0.75,2,0.8113,2.3619,0.4
死亡,5,5,0.5,2,1.0,7.3629,1.0
毁灭,5,5,0.25,2,2.0,10.409,1.0
民俗,5,5,0.5,2,1.0,8.5009,1.0
民国,5,5,0.5,2,1.0,4.5062,1.0
没有上限,5,3,0.4,4,1.9219,9.0685,0.6
没让你,5,5,0.2,3,2.3219,6.1212,1.0
治愈系,5,5,1.0,3,2.585,8.4712,1.0
法兰西,5,5,0.5,3,1.0,8.5725,1.0
法时代,5,1,0.8,3,0.7219,4.4026,0.2
海岛,5,1,0.4,2,1.5219,6.2975,0.2
深情,5,2,1.0,2,1.0,7.3241,0.4
清朝,5,5,0.5,2,1.0,6.5084,1.0
游戏世界,5,5,1.0,4,1.0,3.0823,1.0
游戏王,5,2,0.6667,3,1.371,3.3398,0.4
游戏设计,5,2,1.0,4,0.971,7.6618,0.4
演义,5,3,0.4,2,1.9219,7.6711,0.6
漫画家,5,5,1.0,3,2.585,7.5311,1.0
灵气复苏,5,5,0.3333,4,1.585,9.1575,1.0
灾变,5,3,0.6667,2,1.5,7.5647,0.6
炼金,5,3,0.4,2,1.585,6.1225,0.6
然后,5,3,0.4,2,1.9219,6.0229,0.6
爆红了,5,1,0.8,3,0.7219,6.3138,0.2
牌了,5,1,0.8,2,0.7219,4.2143,0.2
特工,5,5,0.3333,2,1.585,6.3215,1.0
狂徒,5,5,1.0,2,0.9183,7.5456,1.0
献上,5,3,0.4,2,1.9219,7.4959,0.6
玄门,5,5,0.2,2,2.3219,6.0128,1.0
王朝,5,3,0.4,2,1.9219,4.2506,0.6
王者,5,5,0.5,2,1.0,3.4241,1.0
球之,5,1,0.8,2,0.7219,1.5925,0.2
球神,5,3,0.5,2,1.5,1.8942,0.6
生存指南,5,5,0.2,4,2.3219,6.3186,1.0
生活录,5,5,0.2,3,2.3219,6.3186,1.0
生物,5,5,0.25,2,2.0,2.2482,1.0
生者,5,1,0.4,2,1.5219,1.5852,0.2
电子,5,5,0.25,2,2.0,4.8355,1.0
电影世界,5,3,0.4,4,1.9219,5.9739,0.6
界第一,5,2,0.6,3,1.371,3.2539,0.4
界都,5,2,0.6,2,1.371,2.2928,0.4
登陆,5,2,0.6,2,1.371,9.295,0.4
白蛇,5,5,0.25,2,2.0,9.0464,1.0
的宇,5,1,0.8,2,0.7219,2.2807,0.2
的年代,5,2,0.6,3,1.371,2.3351,0.4
的男人,5,3,0.4,3,1.9219,4.5761,0.6
的自我修养,5,5,0.2,5,2.3219,5.7136,1.0
的霍格沃茨,5,5,1.0,5,2.585,2.481,1.0
的青,5,2,0.4,2,1.9219,2.2542,0.4
皇子,5,5,0.25,2,2.0,3.4748,1.0
真君,5,5,0.5,2,1.585,4.2757,1.0
真有,5,2,0.6,2,1.371,2.2498,0.4
祖国,5,1,0.8,2,0.7219,4.4507,0.2
神秘复苏,5,5,0.5,4,1.5,6.3426,1.0
神空间,5,1,0.8,3,0.7219,5.0207,0.2
禁忌,5,1,0.6667,2,0.9183,11.4794,0.2
科学家,5,1,0.4,3,1.5219,5.4157,0.2
科技帝国,5,5,1.0,4,1.0,6.9684,1.0
秦始皇,5,2,0.6,3,1.371,8.9753,0.4
秦时明月之,5,5,0.2,5,2.3219,6.304,1.0
穿了,5,3,0.5,2,1.585,1.8638,0.6
竟然,5,3,0.4,2,1.9219,8.447,0.6
系统才,5,2,1.0,3,0.7219,4.8989,0.4
练成,5,1,0.8,2,0.7219,3.6439,0.2
组织,5,2,0.6,2,1.0,12.2164,0.4
经理,5,3,0.5,2,1.5,7.3539,0.6
编造,5,3,0.6667,2,1.5,8.409,0.6
联网,5,2,0.6,2,1.371,5.9201,0.4
肝经验,5,2,0.6,3,1.371,10.1366,0.4
能加点,5,5,0.5,3,1.0,5.6961,1.0
能提,5,1,0.8,2,0.7219,5.0746,0.2
能有什么坏心思,5,5,0.2,7,2.3219,8.0746,1.0
节目,5,5,0.3333,2,1.9219,11.753,1.0
花开,5,5,0.5,2,1.0,2.9788,1.0
苟成,5,5,0.3333,2,1.585,4.4246,1.0
荣光,5,5,0.2,2,2.3219,8.0105,1.0
药师,5,5,0.3333,2,2.0,4.8803,1.0
蒸汽,5,3,0.5,2,1.0,13.3539,0.6
蓝星,5,5,0.3333,2,1.9219,6.1733,1.0
蜘蛛侠,5,5,1.0,3,0.9183,9.6985,1.0
蝙蝠侠,5,5,0.5,3,1.5,9.9615,1.0
血条,5,3,0.5,2,1.9219,7.5168,0.6
被女,5,3,0.4,2,1.9219,3.3887,0.6
计划,5,3,0.4,2,1.9219,11.2055,0.6
让你做,5,2,0.6,3,1.371,6.2001,0.4
设计师,5,2,1.0,3,1.7925,6.3751,0.4
话事人,5,5,0.2,3,2.3219,6.5084,1.0
诡道,5,3,1.0,2,2.2516,3.5278,0.6
说我是,5,3,0.4,3,1.9219,5.3539,0.6
请自重,5,5,0.2,3,2.3219,7.1477,1.0
谁说,5,2,0.6,2,1.371,5.8684,0.4
调教,5,3,0.5,2,1.5,7.3539,0.6
调查,5,2,0.6,2,1.371,10.7689,0.4
财富自由,5,5,0.5,4,1.371,11.2384,1.0
贼开始,5,2,0.6,3,1.371,2.5407,0.4
赛博朋克,5,5,1.0,4,0.8113,11.295,1.0
赢家,5,1,0.8,2,0.7219,6.9462,0.2
赶山,5,5,0.3333,2,2.0,8.6985,1.0
超维,5,5,0.2,2,2.3219,5.9957,1.0
身边,5,3,0.4,2,1.585,7.4043,0.6
轨迹,5,3,0.4,2,1.9219,11.0908,0.6
轮回者,5,5,0.5,3,1.585,6.505,1.0
边缘,5,3,0.4,2,1.585,9.5059,0.6
还好,5,2,0.75,2,1.371,5.8741,0.4
还要,5,5,0.3333,2,1.9219,6.2845,1.0
这不是,5,5,1.0,3,0.9183,3.9626,1.0
这个医生,5,5,0.2,4,2.3219,6.3186,1.0
这个宇智波,5,5,0.25,5,2.3219,6.4946,1.0
远征,5,3,0.6667,2,1.5,11.0034,0.6
逆流,5,5,1.0,2,2.585,6.2506,1.0
逆袭系统,5,2,0.75,4,0.8113,7.094,0.4
造者,5,1,1.0,2,1.2516,4.8131,0.2
道果,5,3,0.6667,2,0.9183,5.8008,0.6
道独,5,2,0.6,2,1.371,4.6853,0.4
遮天之,5,5,0.2,3,2.3219,3.768,1.0
都不,5,3,0.4,2,1.9219,2.367,0.6
都想,5,2,0.4,2,1.9219,3.749,0.4
都是我,5,5,0.2,3,2.3219,2.6363,1.0
都重生了谁还,5,5,0.2,6,2.3219,8.486,1.0
重生之我是,5,5,0.25,5,2.3219,5.3539,1.0
重生日本,5,3,1.0,4,2.2516,6.4176,0.6
长夜,5,5,0.5,2,1.0,5.164,1.0
长子,5,5,1.0,2,1.0,2.5202,1.0
长生修,5,1,0.8,3,0.7219,3.2953,0.2
长生武,5,2,1.0,3,1.7925,3.2842,0.4
门开始,5,5,1.0,3,2.585,1.5596,1.0
阴间,5,2,0.5,2,1.5,7.4959,0.4
阴阳,5,5,0.3333,2,1.585,8.8095,1.0
院开始,5,1,0.5,3,1.0,2.9746,0.2
除魔,5,3,0.4,2,1.585,6.9065,0.6
霍雨浩,5,3,0.5,3,1.5,9.2579,0.6
霸王,5,3,0.4,2,1.9219,4.0531,0.6
非人,5,1,0.4,2,1.5219,3.438,0.2
风华,5,5,1.0,2,2.585,5.1621,1.0
首富从,5,5,1.0,3,2.585,4.8897,1.0
骑砍,5,5,0.3333,2,1.585,9.7023,1.0
鬼神,5,3,0.5,2,1.0,2.9734,0.6
魅魔,5,5,0.3333,2,1.585,7.3659,1.0
魔兽,5,5,0.5,2,1.0,4.459,1.0
黑粉,5,2,0.75,2,1.0,8.2328,0.4
龙族开始,5,1,0.8,4,0.7219,4.0526,0.2
一条,4,4,0.3333,2,2.0,4.0184,1.0
一点,4,4,0.5,2,1.0,2.7553,1.0
一等,4,4,0.5,2,1.0,5.9777,1.0
万族,4,4,0.3333,2,2.0,4.0547,1.0
三十年,4,4,0.25,3,2.0,6.3177,1.0
三年,4,4,1.0,2,0.9183,2.9821,1.0
三界,4,4,0.25,2,2.0,1.9319,1.0
下第一,4,1,0.75,3,0.8113,4.5807,0.25
不可能是,4,1,0.75,4,0.8113,6.913,0.25
不装了,4,4,1.0,3,-1.0,6.65,1.0
不许,4,4,0.5,2,1.0,6.065,1.0
不过,4,4,0.3333,2,1.585,3.2349,1.0
专属,4,1,0.75,2,0.8113,9.125,0.25
世民,4,1,1.0,2,0.8113,3.3746,0.25
世间,4,2,0.6667,2,0.9183,2.6041,0.5
个游戏,4,2,0.5,3,1.5,2.6194,0.5
个演员,4,2,0.5,3,1.0,6.437,0.5
中医,4,4,0.5,2,1.0,4.8141,1.0
中单,4,2,0.6667,2,1.5,6.7651,0.5
中国,4,4,0.5,2,1.585,3.5899,1.0
中奖,4,1,1.0,2,0.9183,7.0871,0.25
中年,4,2,1.0,2,0.8113,3.9441,0.5
为何,4,4,0.3333,2,2.0,7.3814,1.0
为师,4,4,0.5,2,1.585,2.4145,1.0
主持,4,2,0.6667,2,0.9183,7.6169,0.5
主神空间,4,4,0.5,4,1.0,7.6169,1.0
么都,4,1,0.75,2,0.8113,3.4729,0.25
之传奇,4,4,0.25,3,2.0,3.0946,1.0
之军,4,4,0.25,2,2.0,2.1142,1.0
之劫,4,4,0.25,2,2.0,4.3971,1.0
之实,4,1,0.75,2,0.8113,2.5227,0.25
之无限,4,4,0.25,3,2.0,1.7041,1.0
九零,4,4,0.5,2,1.0,7.0289,1.0
书生,4,4,0.5,2,1.0,2.3186,1.0
乾坤,4,2,0.5,2,1.5,11.9165,0.5
了吗,4,4,0.25,2,2.0,3.9413,1.0
了游戏,4,1,0.75,3,0.8113,1.6597,0.25
争锋,4,2,0.5,2,1.5,8.7367,0.5
五五开,4,4,0.3333,3,2.0,5.9788,1.0
人在北美,4,4,0.5,4,1.5,6.1864,1.0
人在大,4,2,0.5,3,1.5,1.7251,0.5
人在诸天,4,4,0.0,4,-1.0,4.0202,1.0
人在高,4,1,0.75,3,0.8113,4.8771,0.25
人族,4,4,0.3333,2,1.585,2.1161,1.0
人生赢家,4,2,0.5,4,1.5,6.5084,0.5
人设崩了,4,2,0.5,4,1.5,6.4773,0.5
亿万,4,4,0.25,2,2.0,5.589,1.0
从今天,4,1,0.75,3,0.8113,4.2682,0.25
从吞噬,4,2,0.5,3,1.5,3.4608,0.5
从和,4,4,1.0,2,0.9183,2.8758,1.0
从山,4,2,1.0,2,1.0,1.5133,0.5
从庆余年,4,1,1.0,4,0.8113,5.6832,0.25
从成为,4,4,1.0,3,0.8113,2.8419,1.0
从打,4,2,1.0,2,0.9183,1.729,0.5
从拜师,4,4,0.5,3,1.585,4.8087,1.0
从木叶,4,1,0.75,3,0.8113,2.2682,0.25
从每日情报,4,1,0.75,5,0.8113,5.9462,0.25
从白,4,4,0.25,2,2.0,2.5133,1.0
从种,4,4,1.0,2,0.9183,2.2682,1.0
从红,4,2,1.0,2,1.0,1.7136,0.5
从解,4,4,0.25,2,2.0,3.5677,1.0
从龙族开始,4,4,0.25,5,2.0,5.9462,1.0
任务,4,2,0.6667,2,0.9183,10.5465,0.5
低调,4,4,0.5,2,1.0,9.71,1.0
体内,4,1,0.75,2,0.8113,7.7714,0.25
体有,4,1,0.75,2,0.8113,4.2808,0.25
你怎么,4,4,1.0,3,0.8113,3.9687,1.0
使徒,4,4,0.25,2,2.0,8.2593,1.0
信仰,4,4,0.5,2,1.0,11.0319,1.0
修改器,4,4,0.25,3,2.0,7.9276,1.0
俱乐部,4,4,0.25,3,2.0,12.3539,1.0
做个,4,1,0.75,2,0.8113,3.2832,0.25
做大,4,1,0.75,2,0.8113,1.8192,0.25
先生,4,2,0.6667,2,0.9183,3.7336,0.5
克苏鲁,4,2,1.0,3,1.0,11.295,0.5
入职,4,4,0.5,2,1.0,5.3595,1.0
八年,4,1,0.75,2,0.8113,4.8186,0.25
兴趣,4,1,0.75,2,0.8113,11.71,0.25
养成系,4,1,0.75,3,0.8113,6.5643,0.25
养殖,4,1,0.5,2,1.5,9.4671,0.25
兽医,4,4,1.0,2,1.0,5.1739,1.0
兽师,4,4,0.5,2,1.585,3.6057,1.0
写日记,4,4,0.5,3,1.5,9.3919,1.0
军之,4,1,0.75,2,0.8113,2.1142,0.25
军火,4,2,0.5,2,1.5,4.5298,0.5
农场,4,4,0.5,2,1.0,7.4074,1.0
冷宫,4,4,0.5,2,1.0,9.6534,1.0
准备,4,2,0.6667,2,1.5,10.3539,0.5
几个,4,4,0.3333,2,2.0,6.437,1.0
凡世,4,1,1.0,2,0.8113,3.4621,0.25
出个,4,2,0.5,2,1.5,3.3839,0.5
刚成,4,4,0.25,2,2.0,4.7442,1.0
别叫我,4,4,1.0,3,0.9183,5.0692,1.0
别惹,4,2,0.5,2,1.5,9.5168,0.5
到万,4,4,0.25,2,2.0,2.6921,1.0
制造,4,2,0.6667,2,0.9183,5.8741,0.5
前任,4,4,0.5,2,1.0,8.71,1.0
前女友,4,2,0.6667,3,1.5,7.6511,0.5
剧透,4,4,1.0,2,1.0,10.4876,1.0
功开始,4,2,0.5,3,1.5,3.1636,0.5
动物园,4,4,0.25,3,2.0,9.7052,1.0
助我,4,2,0.5,2,1.5,3.3688,0.5
化龙,4,4,1.0,2,1.0,3.9881,1.0
区之,4,1,0.75,2,0.8113,4.8446,0.25
十万,4,4,0.5,2,1.585,4.0894,1.0
十六,4,4,0.3333,2,1.585,6.6744,1.0
千古,4,4,0.3333,2,1.585,5.6948,1.0
千金,4,4,0.5,2,1.0,5.3468,1.0
千面,4,2,0.5,2,1.0,5.853,0.5
华山,4,4,0.5,2,1.0,4.1727,1.0
单啊,4,1,0.75,2,0.8113,6.432,0.25
南明,4,4,1.0,2,1.0,3.6396,1.0
却过,4,1,0.75,2,0.8113,7.5465,0.25
原来我,4,2,0.5,3,1.5,4.2619,0.5
参加,4,4,0.5,2,1.0,9.1839,1.0
合成系,4,4,1.0,3,0.9183,6.6639,1.0
合法,4,4,0.25,2,2.0,4.2871,1.0
后成,4,2,0.5,2,1.5,2.0572,0.5
君子,4,4,0.5,2,1.0,3.8645,1.0
吾乃,4,4,1.0,2,1.0,10.8944,1.0
告诉,4,1,0.75,2,0.8113,13.1315,0.25
呼吸法,4,1,0.75,3,0.8113,8.2506,0.25
命格成圣,4,4,0.3333,4,2.0,8.9615,1.0
命运,4,4,0.3333,2,1.585,6.6248,1.0
品天,4,2,0.5,2,1.5,2.9753,0.5
哭什么,4,1,0.75,3,0.8113,7.2986,0.25
唐朝好,4,4,0.25,3,2.0,7.9026,1.0
唯我独法,4,4,0.0,4,-1.0,8.2506,1.0
商店,4,4,1.0,2,1.0,8.3919,1.0
喜欢,4,4,0.3333,2,1.585,8.71,1.0
四十,4,4,0.5,2,1.0,5.7484,1.0
国医,4,4,0.5,2,1.585,2.9987,1.0
国战,4,2,0.5,2,1.5,2.5347,0.5
国民,4,2,0.5,2,1.0,4.1842,0.5
国际,4,4,0.5,2,1.0,5.1562,1.0
圆满,4,1,1.0,2,0.8113,9.0965,0.25
圣骑,4,2,0.6667,2,1.5,6.1036,0.5
在三国,4,2,0.5,3,1.5,2.8554,0.5
在下,4,4,0.25,2,2.0,1.8758,1.0
在仙界,4,2,0.6667,3,0.9183,4.4202,0.5
在手,4,1,0.6667,2,0.9183,1.7763,0.25
在神诡,4,1,0.6667,3,1.5,5.4202,0.25
在美国,4,1,0.75,3,0.8113,5.9498,0.25
在遮天,4,1,1.0,3,0.8113,4.1471,0.25
在霍格沃,4,1,0.75,4,0.8113,3.3327,0.25
在高武,4,1,1.0,3,0.8113,4.4816,0.25
垃圾,4,4,0.25,2,2.0,13.9388,1.0
垄断,4,2,0.5,2,1.5,12.4794,0.5
型上单,4,1,1.0,3,0.8113,11.02,0.25
复活,4,4,0.5,2,1.0,6.0933,1.0
外科,4,2,0.5,2,1.0,5.9227,0.5
大冒险,4,4,0.25,3,2.0,4.973,1.0
大唐第一,4,4,0.25,4,2.0,6.1554,1.0
大娱乐,4,1,0.75,3,0.8113,2.6225,0.25
大导,4,2,1.0,2,0.9183,2.9026,0.5
大抽奖,4,2,0.5,3,1.5,5.4876,0.5
大有问题,4,4,0.25,4,2.0,5.125,1.0
大玩家,4,4,0.25,3,2.0,2.5401,1.0
大穿越,4,2,0.5,3,1.5,1.5005,0.5
天下无敌,4,4,1.0,4,1.0,6.3076,1.0
天啊,4,1,1.0,2,0.8113,1.8672,0.25
天大圣,4,4,0.25,3,2.0,4.6598,1.0
天记,4,4,0.25,2,2.0,2.1096,1.0
天赋开始,4,4,0.5,4,1.0,3.9006,1.0
天降,4,2,0.6667,2,0.9183,3.2972,0.5
太凶,4,2,0.5,2,1.5,5.9455,0.5
太棒了,4,4,0.3333,3,2.0,6.7993,1.0
奋斗在,4,4,0.25,3,2.0,5.6832,1.0
契约,4,4,0.3333,2,1.585,12.9388,1.0
女仆,4,4,0.3333,2,1.585,7.9615,1.0
女孩,4,1,0.75,2,0.8113,6.7916,0.25
女尊,4,2,0.6667,2,1.5,4.1542,0.5
女王,4,4,0.5,2,1.0,2.1802,1.0
如此,4,2,0.5,2,1.5,9.6079,0.5
妖皇,4,2,0.6667,2,1.5,4.2238,0.5
姑娘,4,4,0.25,2,2.0,9.7391,1.0
娇妻,4,4,0.3333,2,1.585,7.43,1.0
娶妻,4,1,0.75,2,0.8113,8.4773,0.25
嫡长,4,2,0.5,2,1.0,5.9161,0.5
子风流,4,2,0.5,3,1.5,6.973,0.5
学姐,4,4,1.0,2,1.0,5.4835,1.0
学徒,4,1,0.75,2,0.8113,5.2959,0.25
孩子,4,4,0.5,2,1.0,6.8031,1.0
宇智波的,4,4,1.0,4,1.0,2.9587,1.0
完美人生,4,4,1.0,4,1.0,6.3186,1.0
宝鉴,4,2,0.6667,2,0.9183,7.5508,0.5
实业,4,1,0.75,2,0.8113,5.6183,0.25
实录,4,4,0.25,2,2.0,7.1575,1.0
家都是,4,2,0.5,3,1.5,5.0393,0.5
富二代,4,2,0.5,3,1.5,8.2384,0.5
寻宝,4,4,0.5,2,1.0,8.0654,1.0
导师,4,2,0.5,2,1.0,4.1202,0.5
将门,4,4,0.5,2,1.0,5.5616,1.0
小兵,4,2,0.6667,2,0.9183,4.8761,0.5
居然,4,4,0.5,2,1.5,8.6396,1.0
峡谷,4,4,0.25,2,2.0,12.447,1.0
峨眉,4,4,0.3333,2,1.585,13.1315,1.0
工开,4,1,0.75,2,0.8113,1.712,0.25
工程师,4,4,0.5,3,1.0,6.7052,1.0
巨人,4,4,0.5,2,1.585,2.3586,1.0
巨擘,4,1,0.75,2,0.8113,9.7891,0.25
巫妖,4,4,0.3333,2,1.585,4.9779,1.0
希腊,4,4,0.5,2,1.5,13.1315,1.0
帝成,4,2,0.5,2,1.5,1.7086,0.5
常生,4,1,0.75,2,0.8113,2.436,0.25
幻世界,4,2,0.5,3,1.5,4.5424,0.5
建立,4,1,0.75,2,0.8113,9.0933,0.25
开始修行,4,4,0.25,4,2.0,3.8417,1.0
开始变,4,1,0.75,3,0.8113,2.1818,0.25
开始成神,4,4,0.25,4,2.0,3.7307,1.0
开始的文娱,4,4,0.25,5,2.0,5.6782,1.0
开始纵横,4,1,0.75,4,0.8113,5.0261,0.25
开局加入聊天群,4,4,1.0,7,0.8113,5.9788,1.0
开局就,4,4,1.0,3,1.0,3.4912,1.0
开局成为,4,4,0.25,4,2.0,4.8331,1.0
开局拜,4,1,0.75,3,0.8113,5.867,0.25
异度,4,4,0.25,2,2.0,5.2375,1.0
当兵,4,4,0.3333,2,2.0,4.1081,1.0
当家,4,2,0.5,2,1.5,1.9176,0.5
当明星,4,2,0.5,3,1.0,4.1797,0.5
当王,4,2,0.6667,2,0.9183,2.2809,0.5
当皇帝,4,4,0.25,3,2.0,5.2549,1.0
影帝的,4,4,0.5,3,1.0,2.5843,1.0
影忍者,4,1,0.75,3,0.8113,6.5173,0.25
彼岸,4,2,0.5,2,1.5,13.295,0.5
很合理吧,4,4,0.25,4,2.0,9.8944,1.0
得道,4,4,0.5,2,1.0,4.1894,1.0
怪猎,4,4,0.0,2,-1.0,5.9392,1.0
总裁,4,2,0.5,2,1.0,10.295,0.5
情报开始,4,1,0.75,4,0.8113,4.4856,0.25
情报王,4,4,0.25,3,2.0,6.1575,1.0
惊悚,4,1,0.75,2,0.8113,11.8514,0.25
想退,4,2,0.5,2,1.5,5.862,0.5
成功,4,2,0.6667,2,0.9183,4.0661,0.5
我乃,4,4,0.25,2,2.0,3.4843,1.0
我也,4,2,0.5,2,1.5,2.1623,0.5
我以女儿身,4,2,0.5,5,1.5,5.0692,0.5
我儿,4,2,1.0,2,1.0,1.8213,0.5
我加载了,4,4,0.25,4,2.0,5.0692,1.0
我去,4,4,0.25,2,2.0,1.5774,1.0
我只会,4,4,0.25,3,2.0,4.4843,1.0
我只好,4,1,1.0,3,0.8113,4.0692,0.25
我只想当,4,4,1.0,4,0.9183,4.7473,1.0
我可不,4,1,0.75,3,0.8113,4.7473,0.25
我在古代,4,2,0.5,4,1.5,4.7473,0.5
我在大明,4,2,0.5,4,1.5,3.2217,0.5
我在现实世界,4,4,0.25,6,2.0,4.7473,1.0
我在诸天,4,4,0.25,4,2.0,2.8993,1.0
我带,4,4,0.25,2,2.0,1.6769,1.0
我怎么成,4,2,0.6667,4,1.5,4.0692,0.5
我成了女,4,4,0.25,4,2.0,4.6396,1.0
我打造了,4,4,0.25,4,2.0,5.0692,1.0
我是大,4,4,0.5,3,1.0,1.973,1.0
我有一本,4,4,0.25,4,2.0,5.0692,1.0
我没有,4,1,1.0,3,0.8113,2.0692,0.25
我爆红了,4,1,0.75,4,0.8113,4.7473,0.25
我用,4,4,0.25,2,2.0,3.3688,1.0
我的修,4,2,0.5,3,1.5,1.5613,0.5
我的女友是,4,2,0.5,5,1.5,5.0692,0.5
我的技能,4,4,0.25,4,2.0,5.0489,1.0
我的文,4,1,0.75,3,0.8113,2.7021,0.25
我的玩家,4,4,0.25,4,2.0,3.8176,1.0
我的美,4,1,0.75,3,0.8113,2.0103,0.25
我的超能力每,4,1,0.75,6,0.8113,5.0692,0.25
我真不想当,4,2,0.6667,5,1.5,5.0692,0.5
我真的只是,4,4,0.25,5,2.0,5.0692,1.0
我竟,4,2,1.0,2,0.8113,2.1623,0.5
我选择,4,4,1.0,3,0.8113,3.8993,1.0
战斗,4,4,0.3333,2,2.0,3.437,1.0
战机,4,4,0.5,2,1.0,4.4876,1.0
截胡,4,2,0.6667,2,1.5,12.1839,0.5
手游,4,4,0.5,2,1.0,2.6932,1.0
才发现,4,2,0.6667,3,1.5,8.1739,0.5
技大,4,1,0.75,2,0.8113,1.6803,0.25
投资,4,4,0.3333,2,2.0,9.672,1.0
拯救世界,4,4,0.25,4,2.0,6.4405,1.0
拳开始,4,4,0.5,3,1.0,3.3563,1.0
掠夺,4,2,0.6667,2,1.5,11.044,0.5
控制你了,4,2,0.5,4,1.5,6.7993,0.5
摊牌了,4,4,1.0,3,-1.0,5.9919,1.0
收徒,4,4,0.3333,2,2.0,7.6744,1.0
收藏,4,4,0.3333,2,1.585,8.277,1.0
教教主,4,1,0.75,3,0.8113,7.9388,0.25
整活,4,2,0.5,2,1.5,7.5084,0.5
文化,4,1,0.75,2,0.8113,4.5607,0.25
斗破之,4,4,0.25,3,2.0,4.3971,1.0
斗罗绝世,4,4,0.0,4,-1.0,6.8303,1.0
新世界,4,4,0.5,3,1.0,4.0925,1.0
新做人,4,1,0.75,3,0.8113,6.5084,0.25
族之,4,4,0.25,2,2.0,1.9117,1.0
无敌从,4,4,0.25,3,2.0,2.3374,1.0
无极,4,4,0.5,2,1.0,3.8794,1.0
无疆,4,4,0.3333,2,1.585,7.8567,1.0
无限提升,4,4,0.25,4,2.0,7.8567,1.0
日本当,4,2,0.5,3,1.5,6.6029,0.5
星老,4,1,0.75,2,0.8113,3.0685,0.25
星辰,4,4,0.3333,2,1.585,6.9388,1.0
是传奇,4,1,1.0,3,0.8113,3.8135,0.25
是反派,4,2,1.0,3,0.9183,3.9785,0.5
是吧,4,4,1.0,2,0.9183,3.5635,1.0
是恶,4,2,0.5,2,1.5,3.4994,0.5
是游戏,4,4,0.3333,3,1.585,1.8834,1.0
是真的,4,4,0.3333,3,2.0,3.8937,1.0
是精,4,1,0.5,2,1.5,3.295,0.25
是高,4,4,0.25,2,2.0,2.5311,1.0
替身,4,1,0.75,2,0.8113,8.2523,0.25
最佳,4,4,0.25,2,2.0,7.9963,1.0
朋友,4,2,0.5,2,1.5,9.277,0.5
朕就是,4,4,0.25,3,2.0,7.0229,1.0
木叶的,4,4,0.25,3,2.0,1.7136,1.0
未婚妻,4,4,0.5,3,1.585,10.3842,1.0
末法时代,4,2,0.6667,4,0.9183,8.2384,0.5
本是,4,4,0.3333,2,1.585,2.7941,1.0
朱棣,4,4,1.0,2,0.9183,11.0808,1.0
杀穿,4,4,0.3333,2,1.585,4.7507,1.0
李二,4,4,0.3333,2,2.0,7.216,1.0
极限,4,4,0.5,2,1.0,5.0912,1.0
果实,4,2,1.0,2,1.0,7.9875,0.5
校长,4,4,1.0,2,1.0,5.3061,1.0
梦想,4,4,0.5,2,1.0,4.6627,1.0
欢喜,4,4,0.5,2,1.0,8.71,1.0
歌手,4,2,0.6667,2,1.5,6.3177,0.5
正常吧,4,1,0.75,3,0.8113,8.3095,0.25
武学,4,4,0.25,2,2.0,2.6311,1.0
武者,4,1,0.75,2,0.8113,2.8612,0.25
武馆,4,2,0.5,2,1.5,5.457,0.5
死了,4,2,1.0,2,0.9183,2.0713,0.5
死灵,4,1,0.75,2,0.8113,4.4295,0.25
每周刷新,4,1,0.75,4,0.8113,10.1315,0.25
比比东,4,4,0.5,3,1.0,9.447,1.0
求仙,4,4,0.5,2,1.0,3.4172,1.0
求你,4,1,1.0,2,0.9183,4.2366,0.25
没人比我更懂,4,4,0.25,6,2.0,9.3842,1.0
法医,4,4,0.25,2,2.0,3.7145,1.0
法术,4,4,0.3333,2,1.585,4.2506,1.0
法爷,4,4,0.5,2,1.585,5.5281,1.0
泰坦,4,4,1.0,2,1.0,12.1315,1.0
深空,4,1,0.75,2,0.8113,6.1091,0.25
渔村,4,4,1.0,2,1.0,9.6396,1.0
港综开始,4,2,0.6667,4,0.9183,3.4856,0.5
游戏里的,4,1,0.75,4,0.8113,5.1287,0.25
湖开始,4,2,0.5,3,1.5,3.8417,0.5
漫威的,4,4,0.5,3,1.0,2.4657,1.0
火力,4,4,0.5,2,1.0,4.7655,1.0
火影世界,4,1,0.75,4,0.8113,3.5601,0.25
灵法师,4,1,1.0,3,0.8113,6.457,0.25
炼成,4,1,0.75,2,0.8113,3.8645,0.25
烽火,4,2,0.6667,2,1.5,8.3977,0.5
父是,4,2,0.5,2,1.5,3.2416,0.5
版本,4,2,0.5,2,1.5,8.2506,0.5
状态,4,2,0.5,2,1.5,10.8944,0.5
狩魔,4,2,0.5,2,1.5,6.5846,0.5
独尊,4,2,0.5,2,1.5,6.8461,0.5
猴子,4,4,0.25,2,2.0,6.6511,1.0
玩游戏,4,4,0.3333,3,1.585,4.373,1.0
生香,4,4,0.25,2,2.0,3.0707,1.0
画皮,4,2,0.5,2,1.0,9.8095,0.5
疯了吧,4,4,0.0,3,-1.0,9.4794,1.0
的人生模拟器,4,4,0.25,6,2.0,5.1287,1.0
的修道,4,1,0.5,3,1.5,4.9063,0.25
的军,4,2,0.5,2,1.5,1.5238,0.5
的召唤,4,2,0.5,3,1.5,2.4282,0.5
的哈,4,1,0.75,2,0.8113,4.0132,0.25
的宇智波,4,4,0.5,4,1.0,2.9587,1.0
的巫,4,2,0.6667,2,1.5,1.6475,0.5
的快乐,4,1,0.5,3,1.5,4.5437,0.25
的我不,4,2,0.5,3,1.5,2.4282,0.5
的战锤,4,2,0.5,3,1.5,2.8067,0.5
的旅,4,2,0.5,2,1.5,2.4657,0.5
的武道,4,2,0.5,3,1.5,2.3917,0.5
的生活,4,2,0.5,3,1.0,1.831,0.5
的白,4,2,0.5,2,1.5,1.9587,0.5
的身份,4,2,0.5,3,1.5,4.7136,0.5
的阿,4,4,0.25,2,2.0,3.0698,1.0
真理,4,4,0.25,2,2.0,5.0623,1.0
研究,4,4,0.25,2,2.0,11.0319,1.0
神传,4,2,0.5,2,1.5,1.9475,0.5
神君,4,4,0.5,2,1.585,2.4971,1.0
神宠,4,4,0.5,2,1.0,4.1462,1.0
神捕,4,4,0.25,2,2.0,4.9052,1.0
科技之,4,4,0.25,3,2.0,2.4711,1.0
究极,4,2,0.5,2,1.0,8.9615,0.5
第九,4,4,0.5,2,1.0,5.1902,1.0
第四天灾,4,4,0.5,4,1.585,9.3997,1.0
算命,4,4,1.0,2,0.9183,7.9658,1.0
粉碎,4,1,0.75,2,0.8113,10.7689,0.25
精灵世界的,4,4,0.25,5,2.0,5.7136,1.0
系统提,4,1,1.0,3,0.8113,5.698,0.25
系统来了,4,1,1.0,4,0.8113,5.9919,0.25
红楼之,4,4,0.25,3,2.0,3.0946,1.0
纯阳,4,4,0.5,2,1.585,9.2246,1.0
绑定,4,4,0.5,2,1.0,10.6909,1.0
绝不,4,2,0.6667,2,1.5,3.1688,0.5
绝世唐门,4,2,1.0,4,0.9183,8.6909,0.5
综世界,4,1,0.75,3,0.8113,3.7706,0.25
综网,4,4,0.5,2,1.5,5.3017,1.0
缔造者,4,4,0.25,3,2.0,7.7136,1.0
网球,4,2,0.6667,2,0.9183,4.3976,0.5
罗斯,4,1,0.75,2,0.8113,5.9276,0.25
罗马,4,4,0.3333,2,1.585,6.2837,1.0
美好,4,4,0.3333,2,1.585,3.6623,1.0
美少,4,1,0.75,2,0.8113,5.2067,0.25
翻身,4,4,0.5,2,1.0,7.3454,1.0
老板,4,4,0.25,2,2.0,5.5449,1.0
职业选手,4,2,0.5,4,1.5,8.71,0.5
能提取,4,1,0.75,3,0.8113,7.0746,0.25
能无限,4,2,0.5,3,1.5,3.4747,0.5
能穿,4,2,0.5,2,1.5,2.8172,0.5
能进,4,1,0.75,2,0.8113,3.7892,0.25
自律,4,4,0.3333,2,1.585,7.6885,1.0
舰队,4,4,1.0,2,1.0,9.5465,1.0
芳华,4,4,0.25,2,2.0,7.9276,1.0
英雄无敌之,4,4,0.25,5,2.0,6.304,1.0
莽夫,4,4,1.0,2,1.0,9.041,1.0
萧炎,4,2,0.6667,2,0.9183,12.6169,0.5
蓝银,4,1,0.75,2,0.8113,9.7639,0.25
血脉,4,4,0.5,2,1.0,9.7391,1.0
表白,4,4,0.5,2,1.0,9.014,1.0
被动技,4,4,0.5,3,1.0,8.7391,1.0
要当,4,1,0.75,2,0.8113,3.7585,0.25
视频,4,2,0.5,2,1.5,10.0685,0.5
解析,4,4,0.3333,2,2.0,11.2384,1.0
警探,4,4,1.0,2,1.0,7.2664,1.0
诸界,4,4,0.25,2,2.0,1.7261,1.0
谁都,4,4,0.5,2,1.585,4.9416,1.0
败家子,4,4,0.3333,3,1.585,7.973,1.0
起来,4,4,0.3333,2,2.0,4.2775,1.0
超强,4,1,0.75,2,0.8113,3.2201,0.25
超神之,4,2,0.5,3,1.5,3.9117,0.5
超级电,4,4,0.25,3,2.0,6.2315,1.0
超级英雄,4,2,0.6667,4,0.9183,6.6034,0.5
超脱,4,4,0.5,2,1.0,7.1974,1.0
路人,4,4,0.3333,2,1.585,2.223,1.0
踢球,4,4,0.5,2,1.585,8.098,1.0
躺平,4,2,0.6667,2,1.5,9.8095,0.5
辅助,4,4,0.3333,2,1.585,10.6534,1.0
还不,4,2,0.5,2,1.5,3.5625,0.5
这个武,4,1,0.75,3,0.8113,2.9052,0.25
这个男人,4,1,0.75,4,0.8113,6.5084,0.25
这样子,4,1,0.75,3,0.8113,6.8031,0.25
逆转,4,4,0.5,2,1.0,7.4026,1.0
选项,4,4,0.3333,2,1.585,10.1059,1.0
造反,4,4,0.5,2,1.585,5.7651,1.0
逼我做,4,4,0.25,3,2.0,8.1412,1.0
道世界,4,1,0.75,3,0.8113,1.6099,0.25
道祖,4,4,0.5,2,1.585,3.9209,1.0
道观,4,4,1.0,2,1.0,5.1252,1.0
避难所,4,4,0.5,3,1.0,11.4794,1.0
那座,4,2,0.5,2,1.5,7.1616,0.5
邻居,4,2,0.5,2,1.5,10.9615,0.5
重工,4,4,0.25,2,2.0,2.8809,1.0
重活,4,4,0.3333,2,1.585,2.6241,1.0
重生之大,4,4,0.25,4,2.0,1.71,1.0
重生之最,4,1,0.75,4,0.8113,4.4113,0.25
重生九,4,2,0.5,3,1.5,3.3457,0.5
重生八,4,4,0.25,3,2.0,4.1628,1.0
野心,4,2,0.5,2,1.5,6.4727,0.5
金时代,4,1,0.75,3,0.8113,4.8323,0.25
金融,4,2,0.5,2,1.5,7.3241,0.5
钓鱼,4,2,0.6667,2,1.5,9.862,0.5
长别,4,1,0.75,2,0.8113,4.5493,0.25
长津湖,4,2,0.6667,3,0.9183,8.164,0.5
长生修仙,4,4,0.0,4,-1.0,3.8451,1.0
门派,4,4,0.3333,2,1.585,5.0762,1.0
降魔,4,2,0.5,2,1.5,4.8741,0.5
隐藏,4,4,0.25,2,2.0,8.862,1.0
雄霸,4,2,0.5,2,1.0,5.6299,0.5
震惊,4,2,1.0,2,1.0,10.6814,0.5
霍格沃兹,4,2,0.6667,4,1.0,9.6814,0.5
霸天,4,1,0.75,2,0.8113,2.0409,0.25
非正常,4,4,0.25,3,2.0,8.3766,1.0
面之,4,2,0.5,2,1.5,2.1955,0.5
革命,4,4,0.25,2,2.0,9.0654,1.0
飞刀,4,2,0.6667,2,1.5,7.7639,0.5
飞扬年代,4,2,0.6667,4,0.9183,8.2384,0.5
饲养,4,2,0.6667,2,0.9183,9.7891,0.5
马甲,4,2,0.5,2,1.5,9.047,0.5
驾到,4,4,0.25,2,2.0,7.3766,1.0
高冷,4,2,0.5,2,1.5,7.862,0.5
高手在,4,2,0.5,3,1.5,5.0982,0.5
高校,4,4,0.3333,2,1.585,6.589,1.0
鬼灭,4,4,1.0,2,0.8113,6.9402,1.0
魔世界,4,1,0.75,3,0.8113,2.0051,0.25
魔修,4,4,0.5,2,1.0,2.0328,1.0
魔教,4,1,0.75,2,0.8113,3.459,0.25
魔法少女,4,4,0.5,4,1.0,7.9615,1.0
一个修,3,1,0.6667,3,0.9183,3.2272,0.3333
一亿,3,3,0.5,2,1.0,3.8746,1.0
一刀,3,3,0.5,2,1.0,3.6452,1.0
一口,3,3,0.5,2,1.0,5.7326,1.0
一块,3,3,0.5,2,1.585,6.7326,1.0
一张,3,1,0.6667,2,0.9183,5.0322,0.3333
一扇,3,1,0.6667,2,0.9183,6.7326,0.3333
一把,3,3,0.5,2,1.585,3.7326,1.0
一方,3,3,0.5,2,1.0,3.6033,1.0
一次,3,1,0.6667,2,0.9183,3.5627,0.3333
一气,3,3,0.5,2,1.0,2.7784,1.0
一百万,3,3,1.0,3,1.0,5.9253,1.0
万事,3,3,0.5,2,1.0,4.1739,1.0
万亿,3,3,0.5,2,1.0,5.1739,1.0
万妖,3,1,0.6667,2,0.9183,3.1371,0.3333
万象,3,3,0.5,2,1.0,5.9445,1.0
三代,3,1,0.6667,2,0.9183,2.5945,0.3333
三十岁,3,3,1.0,3,1.0,8.71,1.0
上古,3,3,0.5,2,1.585,3.8141,1.0
上将军,3,3,0.3333,3,1.585,7.7589,1.0
上恋综,3,3,0.5,3,1.0,7.0808,1.0
上门,3,3,0.3333,2,1.585,2.8329,1.0
下一,3,1,0.6667,2,0.9183,1.6033,0.3333
下乡,3,1,0.6667,2,0.9183,6.1466,0.3333
下围棋,3,1,0.6667,3,0.9183,7.8095,0.3333
不会真有人,3,1,0.6667,5,0.9183,6.5084,0.3333
不住,3,1,0.6667,2,0.9183,5.498,0.3333
不做,3,3,0.3333,2,1.585,2.3441,1.0
不太对劲,3,3,0.5,4,1.585,7.2349,1.0
不按套路,3,1,0.6667,4,0.9183,7.2349,0.3333
不是大,3,1,0.6667,3,0.9183,1.5761,0.3333
不是妖,3,3,0.5,3,1.0,4.3252,1.0
不是魔,3,3,0.3333,3,1.585,3.3252,1.0
不死于,3,3,0.3333,3,1.585,7.2349,1.0
不知,3,1,0.6667,2,0.9183,3.5345,0.3333
不起,3,3,0.5,2,1.0,2.5161,1.0
与天,3,3,0.3333,2,1.585,3.0077,1.0
与魔,3,1,0.6667,2,0.9183,4.5846,0.3333
业啊,3,1,0.6667,2,0.9183,4.3847,0.3333
业巨擘,3,1,0.6667,3,0.9183,8.9846,0.3333
业时代,3,1,0.6667,3,0.9183,4.4928,0.3333
东京生活,3,1,0.6667,4,0.9183,5.6869,0.3333
个位面,3,1,0.6667,3,0.9183,5.0959,0.3333
个修仙,3,1,0.6667,3,0.9183,2.2043,0.3333
个系统,3,3,0.3333,3,1.585,2.425,1.0
个综,3,1,0.6667,2,0.9183,3.2146,0.3333
个顶流,3,1,0.6667,3,0.9183,4.5365,0.3333
临异,3,1,0.6667,2,0.9183,4.6419,0.3333
主到,3,3,0.3333,2,1.585,1.7689,1.0
主啊,3,1,0.6667,2,0.9183,2.9239,0.3333
主大人,3,1,0.6667,3,0.9183,6.0644,0.3333
主播开始,3,3,0.3333,4,1.585,3.8226,1.0
之中,3,3,0.5,2,1.0,1.6222,1.0
之全球,3,3,0.3333,3,1.585,2.3344,1.0
之夜,3,3,1.0,2,1.0,2.567,1.0
之天王,3,1,0.6667,3,0.9183,4.0816,0.3333
之父,3,3,0.3333,2,1.585,2.1076,1.0
之胜,3,1,0.6667,2,0.9183,4.567,0.3333
之荒野,3,1,0.6667,3,0.9183,3.8015,0.3333
之虫,3,3,0.3333,2,1.585,4.304,1.0
之血,3,3,0.3333,2,1.585,2.2743,1.0
之铁,3,1,0.6667,2,0.9183,3.031,0.3333
之雷,3,3,0.5,2,1.0,3.4295,1.0
九八,3,1,0.6667,2,0.9183,5.922,0.3333
九叔世界,3,1,0.6667,4,0.9183,6.4849,0.3333
九重,3,1,0.6667,2,0.9183,2.5232,0.3333
也不想,3,1,0.6667,3,0.9183,7.5294,0.3333
也是,3,3,1.0,2,1.0,3.701,1.0
乡人,3,3,0.5,2,1.0,3.8454,1.0
乡村,3,3,0.5,2,1.0,8.8835,1.0
书人,3,1,0.6667,2,0.9183,2.0933,0.3333
书成圣,3,1,1.0,3,0.9183,7.1315,0.3333
书香,3,3,0.5,2,1.0,6.2759,1.0
了游戏里的,3,1,0.6667,5,0.9183,5.7136,0.3333
了科,3,1,0.6667,2,0.9183,1.616,0.3333
了还,3,3,0.3333,2,1.585,2.7118,1.0
争之,3,1,0.6667,2,0.9183,2.9348,0.3333
于人,3,1,1.0,2,0.9183,3.286,0.3333
亏成,3,3,0.5,2,1.0,6.973,1.0
互联网,3,3,0.5,3,1.0,9.431,1.0
五千年,3,3,0.3333,3,1.585,7.71,1.0
五年,3,1,0.6667,2,0.9183,4.152,0.3333
五雷,3,3,0.3333,2,1.585,7.4205,1.0
亮剑之,3,3,0.3333,3,1.585,3.719,1.0
人只想,3,1,0.6667,3,0.9183,2.3654,0.3333
人在漫威,3,3,0.5,4,1.585,4.9234,1.0
人在遮天,3,3,0.0,4,-1.0,6.0933,1.0
人在高武,3,3,0.0,4,-1.0,6.0933,1.0
人竟,3,1,0.6667,2,0.9183,3.1864,0.3333
今天不,3,1,0.6667,3,0.9183,4.8199,0.3333
从九龙,3,1,1.0,3,0.9183,6.2682,0.3333
从五,3,3,0.5,2,1.585,2.2093,1.0
从亮剑开始,3,3,0.3333,5,1.585,6.2682,1.0
从今天开始,3,3,0.3333,5,1.585,6.0705,1.0
从分,3,1,1.0,2,0.9183,2.4956,0.3333
从升,3,1,1.0,2,0.9183,2.3296,0.3333
从只狼,3,1,0.6667,3,0.9183,6.2682,0.3333
从四,3,3,0.3333,2,1.585,2.0202,1.0
从基础,3,3,1.0,3,1.0,6.2682,1.0
从士兵突击开始的,3,3,0.3333,8,1.585,4.9766,1.0
从家族,3,3,0.3333,3,1.585,4.0458,1.0
从巨,3,3,0.5,2,1.0,1.7034,1.0
从平,3,3,1.0,2,1.0,2.7238,1.0
从忍,3,1,0.6667,2,0.9183,2.4608,0.3333
从手搓,3,3,1.0,3,1.0,5.5312,1.0
从摸,3,1,0.6667,2,0.9183,4.2682,0.3333
从新,3,3,0.5,2,1.585,2.0458,1.0
从晋,3,1,0.6667,2,0.9183,4.5312,0.3333
从木叶开始,3,3,0.3333,5,1.585,6.0705,1.0
从武道,3,3,0.3333,3,1.585,2.5312,1.0
从武魂,3,3,0.3333,3,1.585,4.1527,1.0
从每日情报开始,3,3,0.0,7,-1.0,6.0705,1.0
从民,3,3,0.3333,2,1.585,2.1807,1.0
从水,3,3,0.3333,2,1.585,2.5312,1.0
从流,3,3,0.3333,2,1.585,1.6243,1.0
从火影开始的,3,3,0.3333,6,1.585,3.8391,1.0
从照顾,3,3,1.0,3,0.9183,6.2682,1.0
从破,3,3,1.0,2,1.0,2.1807,1.0
从笑,3,1,0.6667,2,0.9183,3.6832,0.3333
从综艺,3,1,0.6667,3,0.9183,4.5312,0.3333
从药,3,1,1.0,2,0.9183,2.8989,0.3333
从西游,3,1,0.6667,3,0.9183,2.2985,0.3333
从选,3,1,0.6667,2,0.9183,2.6052,0.3333
从铁,3,3,1.0,2,0.9183,2.9951,1.0
从阿,3,1,0.6667,2,0.9183,3.2093,0.3333
从零开始的,3,3,0.3333,5,1.585,4.1287,1.0
从霍格沃茨,3,1,0.6667,5,0.9183,2.2985,0.3333
他们,3,3,1.0,2,1.0,5.8303,1.0
他做,3,1,0.6667,2,0.9183,5.5245,0.3333
仗剑,3,3,0.5,2,1.0,8.6627,1.0
仙不是,3,3,0.5,3,1.0,2.3131,1.0
仙古,3,3,0.5,2,1.0,2.3501,1.0
仙子的,3,1,0.6667,3,0.9183,3.5981,0.3333
仙武大,3,3,0.5,3,1.585,4.8799,1.0
代当,3,1,0.6667,2,0.9183,1.9468,0.3333
以为,3,1,0.6667,2,0.9183,4.5189,0.3333
以剑,3,1,0.6667,2,0.9183,4.3408,0.3333
们都是,3,1,0.6667,3,0.9183,5.438,0.3333
伙伴,3,3,0.5,2,1.0,13.9388,1.0
会开,3,1,0.6667,2,0.9183,1.8089,0.3333
传统,3,3,0.3333,2,1.585,3.7995,1.0
但不,3,3,1.0,2,0.9183,4.8199,1.0
体坛,3,1,0.6667,2,0.9183,7.4153,0.3333
你们的,3,3,0.5,3,1.0,3.2111,1.0
你别,3,1,0.6667,2,0.9183,3.8216,0.3333
你却,3,3,0.3333,2,1.585,5.044,1.0
你去,3,3,0.3333,2,1.585,3.9445,1.0
你哭什么,3,3,0.3333,4,1.585,7.4363,1.0
你好,3,3,1.0,2,0.9183,2.7221,1.0
你拍,3,1,1.0,2,0.9183,5.2664,0.3333
你真,3,1,1.0,2,0.9183,1.5598,0.3333
你给,3,3,0.3333,2,1.585,4.4821,1.0
你说我,3,3,0.3333,3,1.585,4.0692,1.0
侠客,3,3,0.5,2,1.0,6.7916,1.0
俗世,3,3,0.5,2,1.0,4.5445,1.0
保护,3,3,0.5,2,1.0,9.8799,1.0
修仙游戏,3,1,0.6667,4,0.9183,3.2447,0.3333
俺寻思,3,1,0.6667,3,0.9183,12.1315,0.3333
倍返,3,1,0.6667,2,0.9183,10.8095,0.3333
倒追,3,3,0.5,2,1.0,9.6534,1.0
做个好人,3,1,0.6667,4,0.9183,6.5084,0.3333
做幕后黑手,3,3,1.0,5,0.9183,8.71,1.0
做神,3,1,0.6667,2,0.9183,1.7149,0.3333
偷听,3,1,0.6667,2,0.9183,8.6049,0.3333
偷看我,3,1,1.0,3,0.9183,5.0692,0.3333
傀儡,3,1,0.6667,2,0.9183,13.9388,0.3333
傻柱,3,1,1.0,2,0.9183,12.3945,0.3333
元开始,3,1,0.6667,3,0.9183,1.8611,0.3333
先知,3,3,0.3333,2,1.585,7.6534,1.0
先锋,3,3,0.5,2,1.0,8.6909,1.0
光影,3,3,0.5,2,1.585,3.3597,1.0
克斯,3,1,0.6667,2,0.9183,7.8799,0.3333
全世界都,3,3,0.3333,4,1.585,7.749,1.0
全是大,3,1,0.6667,3,0.9183,3.8799,0.3333
全民领主,3,3,1.0,4,-1.0,7.9388,1.0
全球进,3,1,0.6667,3,0.9183,5.6838,0.3333
全知全能,3,3,0.5,4,1.0,8.0746,1.0
全职法师,3,3,0.0,4,-1.0,7.5126,1.0
全职高手,3,1,1.0,4,-1.0,8.3464,0.3333
八十年代,3,3,0.5,4,1.0,7.5014,1.0
六年,3,3,0.3333,2,1.585,4.889,1.0
关于我,3,3,0.3333,3,1.585,5.0692,1.0
关系,3,3,0.5,2,1.585,6.0562,1.0
兵传,3,1,0.6667,2,0.9183,4.9114,0.3333
兵到,3,3,0.3333,2,1.585,3.8147,1.0
兵开始,3,3,0.5,3,1.0,2.1163,1.0
养猫,3,3,0.3333,2,1.585,7.2866,1.0
再次,3,1,0.6667,2,0.9183,8.5465,0.3333
军师,3,3,0.5,2,1.0,2.9077,1.0
冠军之,3,3,0.3333,3,1.585,3.719,1.0
决斗,3,1,0.6667,2,0.9183,7.1739,0.3333
凤凰,3,3,0.5,2,1.0,10.3539,1.0
凭什么,3,3,1.0,3,0.9183,8.6627,1.0
出名,3,3,0.5,2,1.0,5.3939,1.0
击之,3,1,0.6667,2,0.9183,3.4295,0.3333
分解,3,1,0.6667,2,0.9183,7.4658,0.3333
到一个,3,1,0.6667,3,0.9183,3.4835,0.3333
到三,3,1,0.6667,2,0.9183,2.5401,0.3333
到十,3,1,0.6667,2,0.9183,3.4113,0.3333
到巨星,3,3,0.3333,3,1.585,4.521,1.0
到战,3,1,0.6667,2,0.9183,2.447,0.3333
到武,3,1,0.6667,2,0.9183,1.7465,0.3333
到超,3,1,0.6667,2,0.9183,2.0274,0.3333
到首席,3,1,0.6667,3,0.9183,7.1839,0.3333
剑道独,3,1,0.6667,3,0.9183,7.9257,0.3333
力了,3,1,0.6667,2,0.9183,2.43,0.3333
力的我,3,3,0.3333,3,1.585,5.0692,1.0
功德,3,3,0.5,2,1.585,7.2019,1.0
加点升级,3,3,0.3333,4,1.585,8.2998,1.0
加点开始,3,1,0.6667,4,0.9183,3.3701,0.3333
勇者,3,3,0.5,2,1.0,8.1466,1.0
化开始,3,3,0.3333,3,1.585,1.5627,1.0
十亿,3,3,0.5,2,1.0,6.3083,1.0
十倍,3,3,0.5,2,1.585,8.3589,1.0
十八年,3,3,1.0,3,1.0,7.2109,1.0
华夏,3,3,0.5,2,1.0,6.8121,1.0
协会,3,3,0.3333,2,1.585,8.9615,1.0
卡牌系统,3,3,0.3333,4,1.585,8.02,1.0
原著,3,3,1.0,2,0.9183,10.8233,1.0
去的,3,3,1.0,2,0.9183,1.8067,1.0
县城,3,3,0.5,2,1.585,9.71,1.0
又不,3,1,0.6667,2,0.9183,4.2349,0.3333
友们,3,1,0.6667,2,0.9183,5.862,0.3333
反派女,3,3,0.5,3,1.0,4.5021,1.0
反派的,3,3,0.3333,3,1.585,2.2542,1.0
发明家,3,3,0.3333,3,1.585,7.7942,1.0
发现我,3,1,1.0,3,0.9183,3.3323,0.3333
变异,3,1,0.6667,2,0.9183,4.0105,0.3333
变时,3,1,0.6667,2,0.9183,3.6964,0.3333
古董,3,1,0.6667,2,0.9183,9.257,0.3333
只想修仙,3,3,0.5,4,1.585,4.6563,1.0
只是个,3,1,0.6667,3,0.9183,5.437,0.3333
只是想,3,1,0.6667,3,0.9183,6.295,0.3333
同学,3,3,0.5,2,1.0,5.1091,1.0
名师,3,3,0.5,2,1.0,3.3426,1.0
听心声,3,1,0.6667,3,0.9183,10.0644,0.3333
听说我,3,1,0.6667,3,0.9183,5.0692,0.3333
启明,3,3,1.0,2,-1.0,4.4876,1.0
告诉我,3,1,0.6667,3,0.9183,4.6542,0.3333
呼吸法开始,3,3,0.5,5,1.0,6.0705,1.0
和尚,3,3,0.5,2,1.0,9.8095,1.0
品修,3,1,0.6667,2,0.9183,4.0207,0.3333
哥哥,3,3,1.0,2,1.0,7.5238,1.0
哥布林,3,3,0.5,3,1.0,10.9388,1.0
哥斯拉,3,3,0.5,3,1.585,10.9388,1.0
哪里,3,3,0.5,2,1.0,8.8514,1.0
哭了,3,3,0.3333,2,1.585,4.1363,1.0
喜剧,3,3,0.3333,2,1.585,7.7506,1.0
四合院开,3,1,0.6667,4,0.9183,2.5194,0.3333
回到明朝当,3,3,0.3333,5,1.585,7.3253,1.0
回档,3,3,0.5,2,1.0,7.2315,1.0
团宠,3,3,0.5,2,1.0,8.7424,1.0
国产,3,3,0.5,2,1.0,5.8567,1.0
国士,3,1,0.6667,2,0.9183,3.2322,0.3333
国崛起,3,3,0.3333,3,1.585,4.2717,1.0
国当,3,3,0.3333,2,1.585,1.5651,1.0
国舅,3,3,0.3333,2,1.585,6.2717,1.0
国风,3,1,0.6667,2,0.9183,3.3542,0.3333
图谱,3,3,0.3333,2,1.585,8.8095,1.0
圆梦,3,1,0.6667,2,0.9183,8.3997,0.3333
在仙武,3,3,0.5,3,1.585,5.5901,1.0
在修仙世界,3,3,0.5,5,1.0,5.8999,1.0
在大唐,3,1,0.6667,3,0.9183,3.0355,0.3333
在异世,3,3,0.5,3,1.0,3.2682,1.0
在战锤,3,1,0.6667,3,0.9183,3.6832,0.3333
在晚,3,3,0.3333,2,1.585,4.5026,1.0
在柯学世界,3,3,0.3333,5,1.585,7.0051,1.0
在洪武,3,3,0.5,3,1.585,5.5901,1.0
在洪荒,3,3,1.0,3,1.0,3.0982,1.0
在港综,3,3,0.5,3,1.0,3.5901,1.0
在游戏王,3,1,1.0,4,0.9183,6.2682,0.3333
在综武,3,1,0.6667,3,0.9183,5.7827,0.3333
在美利坚,3,1,0.6667,4,0.9183,3.7321,0.3333
在阳,3,1,0.6667,2,0.9183,3.4608,0.3333
在霍格沃茨,3,3,0.3333,5,1.585,3.0355,1.0
地成,3,1,0.6667,2,0.9183,2.0423,0.3333
地球上,3,1,0.6667,3,0.9183,5.3804,0.3333
地球第一,3,3,0.3333,4,1.585,6.5945,1.0
型上单啊,3,3,0.5,4,1.585,8.9239,1.0
型中,3,1,0.6667,2,0.9183,7.7976,0.3333
城市,3,3,0.5,2,1.0,6.71,1.0
培育,3,1,0.6667,2,0.9183,12.0644,0.3333
基地车,3,3,0.3333,3,1.585,10.295,1.0
大乘,3,1,0.6667,2,0.9183,5.295,0.3333
大器晚成,3,3,0.5,4,1.585,6.295,1.0
大圆满,3,3,1.0,3,1.0,5.8799,1.0
大宗师,3,3,0.5,3,1.585,4.1795,1.0
大文豪,3,3,0.5,3,-1.0,3.125,1.0
大明当,3,1,0.6667,3,0.9183,2.5812,0.3333
大明王,3,1,0.6667,3,0.9183,2.6763,0.3333
大筒木,3,1,0.6667,3,0.9183,6.295,0.3333
大闹,3,1,0.6667,2,0.9183,5.0726,0.3333
大鳄,3,3,0.3333,2,1.585,5.8799,1.0
天启,3,1,0.6667,2,0.9183,3.4083,0.3333
天命之,3,1,0.6667,3,0.9183,4.0816,0.3333
天宫,3,1,0.6667,2,0.9183,3.3517,0.3333
天机,3,3,0.5,2,1.0,1.9228,1.0
天罡地煞,3,3,1.0,4,-1.0,6.4671,1.0
太宗,3,3,0.5,2,1.0,4.6415,1.0
太快,3,1,0.6667,2,0.9183,5.0375,0.3333
太想,3,1,0.6667,2,0.9183,2.9635,0.3333
太正,3,3,0.3333,2,1.585,4.0759,1.0
太稳健了,3,3,0.5,4,1.585,6.7993,1.0
太过,3,1,0.6667,2,0.9183,4.2854,0.3333
失联,3,1,0.6667,2,0.9183,7.784,0.3333
头号黑粉,3,1,0.6667,4,0.9183,10.1059,0.3333
夺舍了,3,1,0.6667,3,0.9183,6.7993,0.3333
女们,3,1,0.6667,2,0.9183,3.3766,0.3333
女友是大,3,1,0.6667,4,0.9183,4.558,0.3333
奶爸的,3,3,0.3333,3,1.585,3.4912,1.0
好圣孙,3,3,0.3333,3,1.585,9.2246,1.0
好好,3,3,0.5,2,1.0,4.0953,1.0
好当,3,3,0.5,2,1.0,2.933,1.0
如何,3,3,0.3333,2,1.585,9.5408,1.0
妖孽人生,3,3,0.3333,4,1.585,6.3186,1.0
妖师,3,3,0.3333,2,1.585,2.2027,1.0
妖魔世界,3,1,0.6667,4,0.9183,5.7844,0.3333
妻是,3,1,0.6667,2,0.9183,3.0533,0.3333
婆的,3,1,0.6667,2,0.9183,1.775,0.3333
婴儿开,3,1,1.0,3,0.9183,5.9788,0.3333
子修,3,1,0.6667,2,0.9183,1.5468,0.3333
子别,3,1,0.6667,2,0.9183,3.9433,0.3333
子到,3,3,0.3333,2,1.585,1.8031,1.0
子啊,3,3,0.3333,2,1.585,2.9581,1.0
学徒到,3,3,0.3333,3,1.585,7.7689,1.0
学霸到,3,1,0.6667,3,0.9183,4.447,0.3333
安静的,3,1,0.6667,3,0.9183,4.7136,0.3333
宋时,3,3,0.3333,2,1.585,4.1929,1.0
完蛋,3,3,0.0,2,-1.0,10.1144,1.0
宗的,3,3,0.5,2,1.585,1.6547,1.0
官开始,3,3,0.3333,3,1.585,1.9412,1.0
宙斯,3,3,0.5,2,1.585,7.6658,1.0
宝藏女孩,3,3,0.5,4,1.0,9.8727,1.0
实力,3,3,0.5,2,1.0,5.7882,1.0
害了,3,1,0.6667,2,0.9183,5.0623,0.3333
家后,3,1,0.6667,2,0.9183,2.0482,0.3333
家小,3,3,0.3333,2,1.585,2.2706,1.0
宿主,3,3,0.5,2,-1.0,6.3539,1.0
寂寞,3,1,0.6667,2,0.9183,13.3539,0.3333
小心,3,1,0.6667,2,0.9183,4.3067,0.3333
小时,3,3,0.5,2,1.0,2.8917,1.0
小镇,3,3,0.3333,2,1.585,5.6604,1.0
小鲜肉,3,3,1.0,3,0.9183,8.8303,1.0
少女的,3,3,0.3333,3,1.585,3.1287,1.0
少林,3,3,0.5,2,1.0,7.599,1.0
就无敌,3,3,0.5,3,1.0,4.8249,1.0
就有,3,1,0.6667,2,0.9183,2.6212,0.3333
山中,3,3,0.5,2,1.585,4.5021,1.0
崩坏,3,3,1.0,2,1.0,9.0644,1.0
工大,3,3,0.5,2,1.0,1.6131,1.0
巨龙,3,3,0.3333,2,1.585,3.9311,1.0
巫师不,3,3,0.5,3,1.0,3.2052,1.0
布局,3,3,0.5,2,1.0,5.414,1.0
师叔,3,3,0.5,2,1.0,4.9276,1.0
师尊,3,3,0.5,2,1.0,3.2902,1.0
带刀,3,3,0.3333,2,1.585,7.044,1.0
带娃,3,1,0.6667,2,0.9183,9.8095,0.3333
幕后大佬,3,1,0.6667,4,0.9183,8.3539,0.3333
年世家,3,1,0.6667,3,0.9183,6.2109,0.3333
年代了,3,1,0.6667,3,0.9183,2.6838,0.3333
年才,3,3,0.3333,2,1.585,3.3529,1.0
幸福生活,3,1,0.6667,4,0.9183,9.0562,0.3333
建了,3,1,0.6667,2,0.9183,3.8607,0.3333
建筑,3,3,0.5,2,1.0,10.0002,1.0
开了外挂,3,3,0.3333,4,1.585,5.9788,1.0
开创,3,3,0.3333,2,1.585,2.8089,1.0
开始建立,3,3,0.3333,4,1.585,5.9788,1.0
开始打卡,3,3,0.3333,4,1.585,5.9788,1.0
开始横,3,3,0.5,3,1.585,2.9006,1.0
开始爆,3,3,0.3333,3,1.585,2.9831,1.0
开始纵横诸天,3,3,0.3333,6,1.585,5.9788,1.0
开始肉身成圣,3,3,0.3333,6,1.585,5.4856,1.0
开始肝经验,3,3,0.3333,5,1.585,5.7486,1.0
开始进,3,1,0.6667,3,0.9183,1.7851,0.3333
开始重新做人,3,3,0.3333,6,1.585,5.9788,1.0
开宝箱,3,3,0.3333,3,1.585,5.9788,1.0
开局拜师,3,3,0.3333,4,1.585,5.9788,1.0
开局收,3,3,1.0,3,0.9183,4.9374,1.0
开局满级,3,3,0.3333,4,1.585,5.9374,1.0
开局相亲女,3,3,0.3333,5,1.585,5.9788,1.0
异游戏,3,1,0.6667,3,0.9183,3.1748,0.3333
异能,3,3,0.3333,2,1.585,2.4501,1.0
弃妇,3,1,0.6667,2,0.9183,10.4794,0.3333
弑神,3,3,0.3333,2,1.585,6.1906,1.0
弟子全是,3,1,0.6667,4,0.9183,7.0229,0.3333
强却过分,3,1,0.6667,4,0.9183,8.9615,0.3333
归来的哈利,3,3,0.3333,5,1.585,10.4794,1.0
当主,3,3,0.3333,2,1.585,1.6473,1.0
当传,3,3,0.3333,2,1.585,2.9891,1.0
当剑,3,1,0.6667,2,0.9183,2.3711,0.3333
当大佬,3,1,0.6667,3,0.9183,4.0623,0.3333
当太,3,1,0.6667,2,0.9183,2.4089,0.3333
当女,3,3,0.3333,2,1.585,1.67,1.0
当妖,3,3,0.3333,2,1.585,2.7524,1.0
当导演,3,3,0.3333,3,1.585,4.8399,1.0
当教,3,1,0.6667,2,0.9183,3.0623,0.3333
当海,3,1,0.6667,2,0.9183,2.7284,0.3333
当舔狗,3,3,0.5,3,1.0,8.0623,1.0
当警察,3,3,0.3333,3,1.585,6.0623,1.0
当训练家,3,3,0.5,4,1.0,6.3253,1.0
形态,3,3,1.0,2,1.0,10.7424,1.0
很正常吧,3,3,0.3333,4,1.585,10.4794,1.0
得加钱,3,3,1.0,3,0.9183,9.7424,1.0
御医,3,3,0.5,2,-1.0,5.2395,1.0
心修仙,3,1,0.6667,3,0.9183,4.2757,0.3333
忍术,3,1,0.6667,2,0.9183,5.8095,0.3333
忍界开,3,1,0.6667,3,0.9183,3.3939,0.3333
志异,3,3,0.3333,2,1.585,5.6139,1.0
忠诚,3,3,0.5,2,1.0,13.1315,1.0
快递,3,3,1.0,2,1.0,10.2759,1.0
怎么全,3,3,1.0,3,0.9183,4.0487,1.0
怎么都,3,3,1.0,3,0.9183,4.4513,1.0
怒火,3,3,0.5,2,1.585,7.4973,1.0
怪盗,3,3,1.0,2,1.0,6.9026,1.0
恋爱日常,3,3,0.3333,4,1.585,7.3945,1.0
恋爱游戏,3,3,0.3333,4,1.585,5.2549,1.0
恋爱脑,3,3,1.0,3,1.0,8.307,1.0
恒星,3,3,1.0,2,0.9183,6.2019,1.0
恶人,3,3,0.5,2,1.0,2.5698,1.0
恶龙,3,3,0.5,2,-1.0,4.5573,1.0
悄悄,3,3,1.0,2,0.9183,12.3539,1.0
悠然,3,3,0.5,2,1.0,7.7589,1.0
悠闲人,3,1,0.6667,3,0.9183,3.9234,0.3333
惊悚游戏,3,3,1.0,4,1.0,8.3842,1.0
想当影帝,3,3,0.3333,4,1.585,7.307,1.0
想杀,3,1,0.6667,2,0.9183,4.2711,0.3333
想被,3,3,0.3333,2,1.585,3.307,1.0
愿望,3,3,0.5,2,1.0,10.7164,1.0
戏不,3,1,0.6667,2,0.9183,1.5438,0.3333
戏太,3,1,0.6667,2,0.9183,3.0093,0.3333
成为人,3,1,0.6667,3,0.9183,2.6671,0.3333
成为传说,3,3,0.3333,4,1.585,7.3881,1.0
成了一,3,1,0.6667,3,0.9183,2.3751,0.3333
成了魔,3,3,0.3333,3,1.585,3.2714,1.0
我不可能是,3,3,0.5,5,1.585,4.6542,1.0
我为王,3,3,0.5,3,-1.0,2.7473,1.0
我举世,3,1,1.0,3,0.9183,5.0692,0.3333
我于,3,1,0.6667,2,0.9183,1.8468,0.3333
我以武道,3,3,0.3333,4,1.585,5.0692,1.0
我体内有,3,3,0.3333,4,1.585,5.0692,1.0
我修炼,3,3,0.3333,3,1.585,2.6542,1.0
我全家都,3,1,0.6667,4,0.9183,5.0692,0.3333
我写,3,3,1.0,2,1.0,2.1948,1.0
我变成了,3,3,0.3333,4,1.585,5.0692,1.0
我只想安静地,3,3,0.3333,6,1.585,5.0692,1.0
我可不是,3,3,0.3333,4,1.585,5.0692,1.0
我同时穿越,3,1,1.0,5,0.9183,2.6542,0.3333
我在末,3,3,0.3333,3,1.585,3.2434,1.0
我在火影,3,3,0.3333,4,1.585,3.5329,1.0
我在现代,3,1,0.6667,4,0.9183,5.0692,0.3333
我在美国,3,3,0.3333,4,1.585,4.6542,1.0
我在美漫,3,3,0.3333,4,1.585,4.0692,1.0
我抢,3,1,0.6667,2,0.9183,4.0692,0.3333
我是一,3,3,1.0,3,1.0,2.4107,1.0
我是传奇,3,1,1.0,4,-1.0,4.6542,0.3333
我是神,3,3,0.5,3,1.0,1.8687,1.0
我有一个异世界,3,3,0.0,7,-1.0,5.0692,1.0
我有一卷,3,3,0.3333,4,1.585,5.0692,1.0
我有一枚,3,3,0.3333,4,1.585,5.0692,1.0
我每,3,1,0.6667,2,0.9183,1.6542,0.3333
我没想,3,3,0.3333,3,1.585,2.4063,1.0
我的专属,3,3,0.3333,4,1.585,5.0692,1.0
我的前世,3,3,0.3333,4,1.585,5.0692,1.0
我的夫,3,1,0.6667,3,0.9183,3.4295,0.3333
我的年代,3,3,0.5,4,-1.0,3.457,1.0
我的忍,3,1,0.6667,3,0.9183,3.7651,0.3333
我的文艺,3,1,0.6667,4,0.9183,4.0692,0.3333
我的梦,3,1,0.6667,3,0.9183,3.2033,0.3333
我的武功,3,3,0.3333,4,1.585,5.0692,1.0
我的物品能,3,1,0.6667,5,0.9183,5.0692,0.3333
我的美女,3,3,0.3333,4,1.585,5.0692,1.0
我的身体有,3,3,0.5,5,1.585,5.0692,1.0
我的重返,3,3,1.0,4,0.9183,5.0692,1.0
我真得,3,1,0.6667,3,0.9183,5.0692,0.3333
我真的不想,3,3,0.3333,5,1.585,5.0692,1.0
我能听到,3,3,0.3333,4,1.585,5.0692,1.0
我能回,3,1,0.6667,3,0.9183,4.8083,0.3333
我能提取,3,3,0.3333,4,1.585,4.6542,1.0
我能进入,3,3,0.3333,4,1.585,5.0692,1.0
我被迫成,3,1,1.0,4,0.9183,4.3323,0.3333
我要当,3,3,1.0,3,1.0,4.6542,1.0
我觉醒,3,1,0.6667,3,0.9183,2.3323,0.3333
我都成,3,3,0.3333,3,1.585,3.8468,1.0
战场捡,3,1,0.6667,3,0.9183,8.2019,0.3333
战士,3,3,0.3333,2,1.585,3.9924,1.0
战记,3,3,0.3333,2,1.585,3.8443,1.0
扇门,3,1,0.6667,2,0.9183,8.2759,0.3333
手机,3,3,0.5,2,1.0,4.1657,1.0
才不要,3,1,0.6667,3,0.9183,7.6214,0.3333
才子,3,3,0.3333,2,1.585,3.1151,1.0
打下,3,1,1.0,2,0.9183,3.8553,0.3333
打野啊,3,1,0.6667,3,0.9183,9.3389,0.3333
承包,3,1,0.6667,2,0.9183,9.257,0.3333
抗日,3,1,0.6667,2,0.9183,6.1401,0.3333
报国,3,1,1.0,2,0.9183,4.5347,0.3333
报警,3,3,1.0,2,0.9183,7.0319,1.0
拉满,3,3,0.5,2,1.0,7.1509,1.0
拜入,3,3,0.3333,2,1.585,6.9615,1.0
拥有,3,3,0.3333,2,1.585,7.8044,1.0
振兴,3,3,0.3333,2,1.585,11.295,1.0
捉妖,3,3,0.5,2,1.0,8.307,1.0
捡了,3,1,0.6667,2,0.9183,3.5263,0.3333
捡漏,3,3,0.5,2,1.585,10.6658,1.0
推演,3,3,0.5,2,1.0,7.1358,1.0
提前登陆,3,3,0.3333,4,1.585,10.6169,1.0
摄影,3,3,0.3333,2,1.585,6.3433,1.0
摄政,3,1,0.6667,2,0.9183,11.4794,0.3333
摆摊,3,3,1.0,2,0.9183,10.0644,1.0
操控,3,3,1.0,2,1.0,8.9128,1.0
支教,3,3,0.5,2,1.0,7.1315,1.0
改变,3,1,0.6667,2,0.9183,6.8981,0.3333
放纵,3,1,0.6667,2,0.9183,10.0319,0.3333
救命,3,3,1.0,2,1.0,6.1358,1.0
敕封,3,3,0.5,2,1.585,10.8514,1.0
教书,3,3,0.5,2,1.585,4.9388,1.0
教皇,3,3,0.5,2,1.0,4.1186,1.0
数据化,3,1,0.6667,3,0.9183,8.431,0.3333
文化入侵,3,3,1.0,4,1.0,9.0685,1.0
文艺人生,3,1,1.0,4,-1.0,6.3186,0.3333
文艺生活,3,3,0.5,4,-1.0,7.9407,1.0
斗罗之我的,3,1,0.6667,5,0.9183,4.9766,0.3333
方知,3,1,0.6667,2,0.9183,7.1091,0.3333
旅行家,3,3,0.3333,3,1.585,6.5718,1.0
族长,3,3,0.5,2,1.0,3.3567,1.0
无罪,3,3,1.0,2,1.0,5.8567,1.0
无耻,3,3,1.0,2,1.0,7.8567,1.0
无边,3,1,0.6667,2,0.9183,5.2717,0.3333
无限世界,3,3,0.5,4,1.0,2.885,1.0
无限升级,3,3,0.3333,4,1.585,6.4003,1.0
无限强化,3,3,0.3333,4,1.585,7.8567,1.0
无限恐怖,3,1,1.0,4,-1.0,7.4644,0.3333
无限模拟,3,1,0.6667,4,0.9183,5.0412,0.3333
时光之,3,3,1.0,3,1.0,4.889,1.0
时空穿,3,1,0.6667,3,0.9183,5.8741,0.3333
明明超,3,1,0.6667,3,0.9183,6.7823,0.3333
明星们,3,1,0.6667,3,0.9183,5.4712,0.3333
明星老,3,1,0.6667,3,0.9183,4.7708,0.3333
昏君,3,3,0.5,2,-1.0,9.0933,1.0
星传,3,1,0.6667,2,0.9183,2.8656,0.3333
星卡师,3,3,0.3333,3,1.585,6.2019,1.0
星河之,3,3,0.3333,3,1.585,4.719,1.0
星海,3,3,0.5,2,1.0,2.6049,1.0
星际之,3,3,0.3333,3,1.585,3.4295,1.0
星际战,3,1,0.6667,3,0.9183,5.7424,0.3333
春归,3,3,0.3333,2,1.585,6.6079,1.0
是一个,3,1,0.6667,3,0.9183,2.3225,0.3333
是吗,3,3,0.3333,2,1.585,3.7499,1.0
是地,3,1,0.6667,2,0.9183,1.6772,0.3333
是天后,3,3,1.0,3,1.0,4.701,1.0
是康熙,3,1,0.6667,3,0.9183,5.8005,0.3333
是怪,3,1,0.6667,2,0.9183,2.6306,0.3333
是文,3,1,0.6667,2,0.9183,1.7375,0.3333
是禁,3,3,0.3333,2,1.585,4.1485,1.0
是这么,3,3,0.3333,3,1.585,5.286,1.0
是这样子的,3,1,0.6667,5,0.9183,5.7136,0.3333
是邪,3,1,0.6667,2,0.9183,3.3225,0.3333
暗黑,3,3,0.5,2,1.0,6.437,1.0
最强剑,3,3,0.3333,3,1.585,4.2253,1.0
最狠,3,1,0.6667,2,0.9183,6.4938,0.3333
有亿,3,1,0.6667,2,0.9183,4.5314,0.3333
有兴趣,3,1,0.6667,3,0.9183,7.3894,0.3333
有妖,3,1,0.6667,2,0.9183,2.4945,0.3333
有救,3,1,0.6667,2,0.9183,4.0674,0.3333
有点怪,3,3,0.3333,3,1.585,7.0871,1.0
朕的,3,3,0.3333,2,1.585,2.775,1.0
木匠,3,1,0.6667,2,0.9183,7.5754,0.3333
术士的,3,3,0.5,3,1.0,3.8391,1.0
机缘,3,3,0.5,2,1.0,6.8095,1.0
杀猪,3,1,0.6667,2,0.9183,8.7857,0.3333
杂役,3,3,0.3333,2,1.585,11.5465,1.0
权柄,3,3,0.5,2,-1.0,11.8514,1.0
权游,3,3,1.0,2,0.9183,5.4195,1.0
李世民,3,3,0.3333,3,1.585,10.2664,1.0
柯南之我,3,3,0.3333,4,1.585,3.8468,1.0
校开始,3,3,0.3333,3,1.585,3.2125,1.0
格斗,3,3,0.5,2,1.0,4.004,1.0
概念,3,1,1.0,2,0.9183,12.7689,0.3333
横扫,3,3,0.5,2,1.0,10.0319,1.0
横推武道,3,3,0.0,4,-1.0,7.6488,1.0
欢迎来到,3,3,0.5,4,1.585,8.1839,1.0
歌坛,3,3,0.3333,2,1.585,8.5465,1.0
歌王,3,3,0.5,2,-1.0,5.3501,1.0
正在,3,3,0.3333,2,1.585,2.3806,1.0
正常的,3,1,0.6667,3,0.9183,3.1287,0.3333
武侠之,3,3,0.3333,3,1.585,3.1341,1.0
武大郎,3,1,0.6667,3,0.9183,7.9165,0.3333
武夫,3,3,0.3333,2,1.585,3.7735,1.0
武极,3,3,0.3333,2,1.585,3.5241,1.0
武道世界,3,3,0.5,4,1.0,4.1629,1.0
死如,3,1,0.6667,2,0.9183,6.2723,0.3333
每天一,3,3,0.3333,3,1.585,5.7326,1.0
水群,3,1,0.6667,2,0.9183,6.3439,0.3333
永不,3,3,0.5,2,1.585,4.2963,1.0
求求,3,1,0.6667,2,0.9183,6.2944,0.3333
汉末,3,3,0.5,2,1.0,5.4026,1.0
江山美,3,1,0.6667,3,0.9183,6.3766,0.3333
没上,3,3,0.3333,2,1.585,3.5263,1.0
没有格局,3,1,0.6667,4,0.9183,8.1509,0.3333
法典,3,3,0.3333,2,1.585,6.3501,1.0
法无,3,1,0.6667,2,0.9183,2.0753,0.3333
活人,3,3,1.0,2,1.0,1.5698,1.0
活在,3,3,0.3333,2,1.585,2.0665,1.0
流量,3,3,0.5,2,1.585,8.125,1.0
浪潮,3,3,0.5,2,1.585,9.3639,1.0
深空之,3,3,0.3333,3,1.585,5.889,1.0
混元,3,3,0.3333,2,1.585,6.185,1.0
混子,3,3,0.3333,2,1.585,4.4287,1.0
渔猎,3,3,0.3333,2,1.585,7.5945,1.0
港综世界,3,3,0.5,4,1.0,4.4849,1.0
港综从,3,3,0.3333,3,1.585,2.8531,1.0
游之一,3,1,0.6667,3,0.9183,3.4107,0.3333
游之大,3,1,0.6667,3,0.9183,2.558,0.3333
游戏制作,3,3,1.0,4,0.9183,7.2143,1.0
游戏成真,3,1,1.0,4,0.9183,6.1363,0.3333
满唐,3,3,0.3333,2,1.585,4.9934,1.0
漩涡,3,1,0.6667,2,0.9183,13.9388,0.3333
火爆,3,3,0.5,2,1.0,5.2172,1.0
火球,3,3,0.5,2,1.585,3.2712,1.0
火龙,3,3,0.3333,2,1.585,2.8617,1.0
灭了,3,3,1.0,2,1.0,3.3398,1.0
炸了,3,3,0.3333,2,1.585,5.3842,1.0
点强,3,3,0.3333,2,1.585,4.1542,1.0
点点,3,1,0.6667,2,0.9183,4.7391,0.3333
炼气,3,3,0.5,2,1.585,6.046,1.0
烬之,3,3,0.3333,2,1.585,5.304,1.0
爆星,3,3,1.0,2,1.0,4.4363,1.0
爱上我,3,3,0.3333,3,1.585,5.0692,1.0
爱好,3,3,0.5,2,1.0,4.7872,1.0
爷开始,3,1,0.6667,3,0.9183,3.0261,0.3333
爸爸,3,3,1.0,2,1.0,8.3539,1.0
片开始,3,1,0.6667,3,0.9183,3.3701,0.3333
特摄,3,3,1.0,2,0.9183,8.3919,1.0
特效,3,3,0.5,2,1.0,9.044,1.0
狂魔,3,1,0.6667,2,0.9183,4.2714,0.3333
狐狸,3,3,0.5,2,1.0,11.5238,1.0
狗官,3,3,1.0,2,1.0,7.307,1.0
独断,3,1,0.6667,2,0.9183,8.779,0.3333
独步,3,3,0.5,2,-1.0,8.0685,1.0
独自,3,3,1.0,2,0.9183,5.7954,1.0
猎杀,3,3,0.5,2,1.0,5.5707,1.0
王国,3,3,0.5,2,1.0,1.6603,1.0
玩转,3,3,0.5,2,1.0,6.3426,1.0
球啊,3,1,0.6667,2,0.9183,3.8904,0.3333
球游戏,3,1,0.6667,3,0.9183,3.3508,0.3333
理人,3,1,0.6667,2,0.9183,3.0933,0.3333
璀璨,3,3,0.3333,2,1.585,14.3539,1.0
生东京,3,1,0.6667,3,0.9183,1.9494,0.3333
生种,3,3,0.3333,2,1.585,1.9036,1.0
甲子,3,3,0.3333,2,1.585,5.3101,1.0
电竞,3,1,1.0,2,0.9183,9.7424,0.3333
画风,3,3,0.5,2,1.585,6.629,1.0
界中,3,3,0.3333,2,1.585,2.4789,1.0
界之旅,3,1,0.6667,3,0.9183,4.7457,0.3333
界做,3,1,0.6667,2,0.9183,2.27,0.3333
界只有,3,1,0.6667,3,0.9183,4.8388,0.3333
界归来,3,3,1.0,3,1.0,4.1019,1.0
界生活,3,1,0.6667,3,0.9183,2.8631,0.3333
留过学,3,1,0.6667,3,0.9183,8.6534,0.3333
疯子,3,3,0.3333,2,1.585,4.6511,1.0
登神,3,1,1.0,2,-1.0,3.5468,0.3333
百亿,3,3,0.5,2,1.585,6.7832,1.0
百鬼,3,1,0.6667,2,0.9183,5.6869,0.3333
的假,3,3,0.3333,2,1.585,2.775,1.0
的副,3,1,0.6667,2,0.9183,3.2111,0.3333
的地球,3,1,0.6667,3,0.9183,2.5981,0.3333
的外,3,3,0.3333,2,1.585,2.0506,1.0
的学霸,3,3,0.5,3,1.0,1.9766,1.0
的影帝,3,3,0.5,3,1.0,2.1693,1.0
的御,3,1,0.6667,2,0.9183,1.8723,0.3333
的恶,3,3,0.3333,2,1.585,1.775,1.0
的情报,3,1,0.6667,3,0.9183,3.2986,0.3333
的我只好,3,3,0.3333,4,1.585,5.2986,1.0
的我只能去,3,3,0.3333,5,1.585,5.7136,1.0
的我怎么,3,1,0.6667,4,0.9183,3.7136,0.3333
的我爆红了,3,3,0.3333,5,1.585,5.2986,1.0
的我终,3,1,0.6667,3,0.9183,5.2986,0.3333
的我被迫,3,1,0.6667,4,0.9183,4.9766,0.3333
的文艺时代,3,1,0.6667,5,0.9183,5.2986,0.3333
的日常生活,3,3,0.3333,5,1.585,5.7136,1.0
的替身,3,3,0.5,3,1.0,5.2986,1.0
的末世,3,1,0.6667,3,0.9183,1.8067,0.3333
的死神,3,3,0.3333,3,1.585,2.775,1.0
的火影忍者,3,3,0.3333,5,1.585,5.7136,1.0
的精,3,1,0.6667,2,0.9183,1.5707,0.3333
的艺人,3,1,0.6667,3,0.9183,4.1287,0.3333
的词条,3,3,0.3333,3,1.585,3.2986,1.0
的邪,3,1,0.6667,2,0.9183,2.0132,0.3333
的魔法师,3,3,0.3333,4,1.585,4.9766,1.0
监国,3,3,1.0,2,0.9183,5.2717,1.0
直接,3,1,0.6667,2,0.9183,7.9165,0.3333
相信,3,1,0.6667,2,0.9183,7.6909,0.3333
相师,3,1,0.6667,2,0.9183,3.8496,0.3333
真是太,3,3,0.3333,3,1.585,5.6415,1.0
真要,3,1,0.6667,2,0.9183,3.3435,0.3333
眼中的火影世界,3,3,0.3333,7,1.585,7.1607,1.0
着一,3,1,0.6667,2,0.9183,3.6452,0.3333
知是,3,1,0.6667,2,0.9183,3.3225,0.3333
知青,3,1,0.6667,2,0.9183,6.457,0.3333
祖了,3,1,0.6667,2,0.9183,2.6563,0.3333
神之我,3,1,0.6667,3,0.9183,2.7473,0.3333
神奇,3,3,1.0,2,1.0,2.2599,1.0
神竟是我自己,3,3,0.3333,6,1.585,5.0207,1.0
神纹,3,3,0.3333,2,1.585,6.1906,1.0
神经,3,1,0.6667,2,0.9183,2.2837,0.3333
神话纪元,3,3,1.0,4,-1.0,6.6057,1.0
神降临,3,3,0.3333,3,1.585,3.3833,1.0
禁区之,3,3,0.3333,3,1.585,5.889,1.0
福运,3,3,0.5,2,1.0,7.2315,1.0
科学的,3,1,0.6667,3,0.9183,2.5981,0.3333
科幻,3,3,0.5,2,1.585,5.398,1.0
科技大,3,1,0.6667,3,0.9183,2.047,0.3333
科技系统,3,1,0.6667,4,0.9183,4.772,0.3333
秘之,3,1,0.6667,2,0.9183,2.4295,0.3333
第一人,3,3,0.3333,3,1.585,1.8645,1.0
第一深情,3,3,0.3333,4,1.585,8.973,1.0
第一狠人,3,3,0.3333,4,1.585,6.5084,1.0
第一玩家,3,3,0.5,4,-1.0,5.5401,1.0
第二,3,3,0.5,2,1.0,4.9623,1.0
粉碎星球,3,3,0.3333,4,1.585,8.9054,1.0
系巨星,3,3,0.3333,3,1.585,4.8083,1.0
系统什么鬼,3,3,0.3333,5,1.585,6.0814,1.0
系统才来,3,3,1.0,4,0.9183,7.283,1.0
红温,3,1,1.0,2,0.9183,7.7993,0.3333
红色,3,3,1.0,2,1.0,6.2143,1.0
红警,3,1,0.6667,2,0.9183,5.3842,0.3333
红龙,3,3,0.3333,2,1.585,3.5263,1.0
级学霸,3,1,0.6667,3,0.9183,4.784,0.3333
级工,3,1,0.6667,2,0.9183,3.8391,0.3333
级玩家,3,1,0.6667,3,0.9183,4.351,0.3333
纪事,3,3,0.3333,2,1.585,6.4179,1.0
纲手,3,3,0.5,2,1.585,8.295,1.0
练级,3,3,0.5,2,1.0,4.0398,1.0
终于,3,3,0.5,2,1.585,7.7164,1.0
终成,3,1,0.6667,2,0.9183,3.973,0.3333
经纪,3,1,0.6667,2,0.9183,6.369,0.3333
绑架,3,1,1.0,2,0.9183,12.2019,0.3333
给你,3,3,0.5,2,1.0,4.4821,1.0
维度魔神,3,3,0.5,4,1.0,6.6057,1.0
绿茵,3,3,0.3333,2,1.585,12.2019,1.0
网游之神,3,1,0.6667,4,0.9183,3.3833,0.3333
美剧,3,3,0.5,2,1.0,4.8323,1.0
美少女,3,3,0.3333,3,1.585,5.7916,1.0
美漫之,3,1,0.6667,3,0.9183,2.1885,0.3333
美漫大,3,3,0.3333,3,1.585,2.1795,1.0
老祖宗,3,3,0.3333,3,1.585,7.194,1.0
而已,3,3,0.3333,2,1.585,10.9388,1.0
职业面板,3,1,0.6667,4,0.9183,7.599,0.3333
职艺术家,3,1,0.6667,4,0.9183,7.7942,0.3333
能修,3,3,0.3333,2,1.585,1.6484,1.0
能处,3,3,0.3333,2,1.585,5.8522,1.0
能点,3,1,1.0,2,0.9183,3.2673,0.3333
能量,3,1,0.6667,2,0.9183,6.4897,0.3333
脱下,3,1,0.6667,2,0.9183,7.3945,0.3333
致命,3,3,0.5,2,1.0,7.9983,1.0
良医,3,3,0.3333,2,1.585,6.0219,1.0
艾尔登,3,1,1.0,3,0.9183,11.295,0.3333
花宝,3,1,0.6667,2,0.9183,6.1358,0.3333
荒岛,3,3,0.5,2,1.585,6.0037,1.0
药了,3,3,1.0,2,0.9183,3.43,1.0
药铺,3,1,0.6667,2,0.9183,9.9846,0.3333
莽荒,3,1,1.0,2,0.9183,7.8781,0.3333
落网,3,1,1.0,2,0.9183,6.4924,0.3333
蓝银草,3,3,1.0,3,1.0,11.6169,1.0
虚空,3,1,0.6667,2,0.9183,7.6941,0.3333
行天下,3,3,0.3333,3,1.585,5.0289,1.0
被全,3,1,0.6667,2,0.9183,3.0365,0.3333
被唐,3,1,0.6667,2,0.9183,3.771,0.3333
被曝光了,3,1,0.6667,4,0.9183,6.3842,0.3333
被迫成为,3,3,0.5,4,1.585,8.1038,1.0
装备栏,3,1,0.6667,3,0.9183,10.7294,0.3333
西游开,3,1,0.6667,3,0.9183,2.0092,0.3333
观众,3,3,0.5,2,1.0,9.2998,1.0
警事,3,3,0.3333,2,1.585,6.0808,1.0
让你做游戏,3,3,0.0,5,-1.0,8.0623,1.0
训练师,3,3,0.3333,3,1.585,5.2902,1.0
记忆,3,3,0.5,2,1.0,9.1662,1.0
说你,3,3,0.5,2,1.0,2.8514,1.0
请叫我,3,3,0.3333,3,1.585,5.0692,1.0
请陛下称,3,1,0.6667,4,0.9183,10.2664,0.3333
谁把,3,3,0.3333,2,1.585,6.7164,1.0
谁教你这,3,1,0.6667,4,0.9183,7.9445,0.3333
谁说我,3,3,0.3333,3,1.585,4.3323,1.0
谁谈恋爱啊,3,1,0.6667,5,0.9183,9.3389,0.3333
调查员,3,3,0.3333,3,1.585,10.0319,1.0
走出的强者,3,1,0.6667,5,0.9183,8.8835,0.3333
起家,3,1,0.6667,2,0.9183,3.0753,0.3333
超凡世界,3,3,0.5,4,1.0,5.0925,1.0
超凡大,3,3,0.3333,3,1.585,3.4876,1.0
超品,3,3,0.3333,2,1.585,4.2905,1.0
超市,3,3,0.5,2,1.0,4.4604,1.0
超有,3,3,0.3333,2,1.585,1.6479,1.0
跑出,3,3,0.5,2,1.0,7.6893,1.0
身份被,3,1,0.6667,3,0.9183,7.629,0.3333
运之,3,1,0.6667,2,0.9183,2.641,0.3333
还好我,3,1,0.6667,3,0.9183,4.3323,0.3333
还是,3,3,0.5,2,1.0,2.9355,1.0
这个世界,3,3,0.5,4,1.585,2.4736,1.0
这个中,3,1,1.0,3,0.9183,4.2458,0.3333
这个主,3,3,0.3333,3,1.585,2.5126,1.0
这个导演,3,3,0.3333,4,1.585,5.7052,1.0
这个影帝,3,1,0.6667,4,0.9183,5.3833,0.3333
这个文,3,1,0.6667,3,0.9183,3.6422,0.3333
这个武圣,3,3,0.3333,4,1.585,6.2646,1.0
这个男人太,3,3,0.3333,5,1.585,7.9445,1.0
这个皇,3,1,0.6667,3,0.9183,3.6924,0.3333
这个选手,3,3,0.3333,4,1.585,6.7052,1.0
这主播,3,1,0.6667,3,0.9183,5.2815,0.3333
这位,3,3,0.3333,2,1.585,4.485,1.0
这只,3,3,1.0,2,1.0,2.485,1.0
这是我,3,1,0.6667,3,0.9183,3.8468,0.3333
这顶流,3,3,1.0,3,1.0,4.7221,1.0
迹之,3,1,0.6667,2,0.9183,3.719,0.3333
追求,3,3,0.5,2,1.0,7.7391,1.0
逆天啊,3,3,0.3333,3,1.585,7.1165,1.0
逆袭系统来了,3,3,0.5,6,1.585,6.7993,1.0
通古,3,1,0.6667,2,0.9183,5.7334,0.3333
造化之,3,3,0.3333,3,1.585,5.304,1.0
逮捕,3,3,0.5,2,1.585,11.8233,1.0
遍地,3,3,0.5,2,1.0,8.0081,1.0
道证,3,1,0.6667,2,0.9183,4.9118,0.3333
道长别,3,1,0.6667,3,0.9183,7.2338,0.3333
那就,3,3,1.0,2,1.0,5.2637,1.0
邪修,3,3,0.5,2,1.585,4.2272,1.0
邪恶,3,1,0.6667,2,0.9183,6.7148,0.3333
邪魔,3,3,1.0,2,0.9183,4.3436,1.0
都别,3,3,0.5,2,1.585,4.7192,1.0
都是真,3,1,0.6667,3,0.9183,4.8924,0.3333
酒剑,3,1,1.0,2,0.9183,6.2477,0.3333
醉枕,3,3,0.3333,2,1.585,12.2019,1.0
里的大,3,3,0.3333,3,1.585,2.8355,1.0
重启人生,3,3,1.0,4,-1.0,6.3186,1.0
重生之实业,3,1,0.6667,5,0.9183,7.1477,0.3333
重生之最强,3,3,0.3333,5,1.585,4.9165,1.0
重生之神级,3,3,0.3333,5,1.585,6.0808,1.0
重生小,3,3,0.3333,3,1.585,2.0316,1.0
重生过去,3,1,0.6667,4,0.9183,5.3327,0.3333
金丹,3,3,0.5,2,1.0,6.7391,1.0
钢铁侠,3,3,0.3333,3,1.585,8.0871,1.0
长河,3,3,0.5,2,1.585,4.6197,1.0
长生武道,3,3,0.0,4,-1.0,5.2477,1.0
长生路,3,1,0.6667,3,0.9183,4.2842,0.3333
闺蜜,3,3,0.3333,2,1.585,11.8233,1.0
阎王,3,1,0.6667,2,0.9183,7.1575,0.3333
队友,3,3,0.5,2,1.585,7.6396,1.0
阳间,3,1,1.0,2,0.9183,5.9516,0.3333
阴影,3,1,0.6667,2,0.9183,5.4808,0.3333
阿斯,3,3,0.5,2,1.0,7.8799,1.0
限制级,3,3,0.3333,3,1.585,7.521,1.0
陪练,3,3,0.5,2,1.0,9.4577,1.0
随机,3,3,0.5,2,1.0,7.0022,1.0
随身带个,3,3,0.3333,4,1.585,7.0219,1.0
隐秘,3,3,0.3333,2,1.585,7.7424,1.0
零后,3,1,0.6667,2,0.9183,5.4924,0.3333
霍格沃茨开,3,1,0.6667,5,0.9183,2.0092,0.3333
霸天下,3,1,0.6667,3,0.9183,5.3971,0.3333
青城,3,1,0.6667,2,0.9183,6.2506,0.3333
非常,3,1,0.6667,2,0.9183,6.2488,0.3333
韩娱之,3,3,0.3333,3,1.585,6.304,1.0
顶流了,3,3,0.3333,3,1.585,3.5769,1.0
飞行,3,3,0.3333,2,1.585,5.6419,1.0
餐厅,3,3,0.5,2,1.0,13.2019,1.0
骷髅兵,3,3,0.5,3,1.0,8.5696,1.0
魔教教主,3,1,0.6667,4,0.9183,7.629,0.3333
鹰犬,3,1,0.6667,2,0.9183,11.9388,0.3333
黄金时代,3,3,0.5,4,1.585,7.2246,1.0
黑魔,3,1,0.6667,2,0.9183,3.186,0.3333
龙皇,3,3,0.5,2,1.0,3.2607,1.0
一个修仙,2,2,0.5,4,1.0,3.5139,1.0
一个星,2,2,0.5,3,1.0,2.6534,1.0
一个武道,2,2,0.5,4,1.0,5.3315,1.0
一个魔,2,2,0.5,3,1.0,2.7586,1.0
一人之下的,2,2,0.5,5,-1.0,2.3213,1.0
一六,2,2,0.5,2,1.0,3.2408,1.0
一切从,2,2,0.5,3,-1.0,4.4608,1.0
一剑斩,2,2,0.5,3,-1.0,7.1477,1.0
一句,2,2,0.5,2,-1.0,6.5627,1.0
一只猫,2,2,0.5,3,-1.0,7.1477,1.0
一号,2,2,0.5,2,-1.0,3.6882,1.0
一夕,2,2,0.5,2,-1.0,6.1477,1.0
一心修仙,2,2,0.0,4,-1.0,6.5627,1.0
一百年,2,2,0.5,3,-1.0,3.9777,1.0
一笑,2,2,0.5,2,-1.0,3.9777,1.0
一线,2,2,0.5,2,-1.0,3.5627,1.0
一群,2,2,0.5,2,1.0,2.2897,1.0
一面,2,2,0.5,2,1.0,2.0391,1.0
万古最强,2,2,0.5,4,-1.0,7.3315,1.0
万妖之祖,2,2,1.0,4,-1.0,8.447,1.0
万寿,2,2,1.0,2,1.0,7.862,1.0
万法道君,2,2,1.0,4,-1.0,8.447,1.0
万物信息,2,2,0.5,4,-1.0,8.447,1.0
万界武侠,2,2,0.5,4,-1.0,6.6293,1.0
丈夫,2,2,0.5,2,-1.0,8.6259,1.0
三十而立,2,2,0.0,4,-1.0,8.71,1.0
三千万,2,2,0.5,3,-1.0,5.9875,1.0
三国从救曹操,2,2,0.5,6,-1.0,8.71,1.0
三国演义,2,2,0.5,4,-1.0,8.4671,1.0
三眼,2,2,0.5,2,-1.0,5.4621,1.0
上下,2,2,0.5,2,1.0,2.3666,1.0
上台,2,2,1.0,2,1.0,6.0364,1.0
上大学,2,2,1.0,3,1.0,6.0364,1.0
上帝之,2,2,0.5,3,-1.0,6.304,1.0
上海,2,2,0.5,2,1.0,2.577,1.0
下围棋啊,2,2,0.5,4,-1.0,8.7539,1.0
不下去了,2,2,0.5,4,-1.0,6.7993,1.0
不为妃,2,2,0.5,3,-1.0,7.2349,1.0
不二,2,2,0.5,2,-1.0,2.2126,1.0
不会真有人觉得,2,2,0.5,7,-1.0,7.2349,1.0
不住了,2,2,0.5,3,-1.0,6.2143,1.0
不养,2,2,0.5,2,1.0,2.0852,1.0
不凡,2,2,0.5,2,-1.0,2.65,1.0
不削能玩,2,2,0.0,4,-1.0,7.2349,1.0
不务正业,2,2,0.5,4,-1.0,7.2349,1.0
不可名状的,2,2,0.5,5,-1.0,5.7136,1.0
不太冷,2,2,0.5,3,-1.0,7.2349,1.0
不对劲啊,2,2,0.5,4,-1.0,6.2514,1.0
不小心,2,2,0.5,3,1.0,6.65,1.0
不打,2,2,1.0,2,1.0,1.6958,1.0
不放纵能叫,2,2,0.5,5,-1.0,7.2349,1.0
不易,2,2,0.5,2,-1.0,4.328,1.0
不是文,2,2,0.5,3,1.0,3.7647,1.0
不是精,2,2,0.5,3,1.0,4.9071,1.0
不是龙,2,2,0.5,3,1.0,3.1921,1.0
不用,2,2,0.5,2,1.0,4.5345,1.0
不相信,2,2,0.5,3,1.0,6.65,1.0
不知道我,2,2,0.5,4,1.0,5.0692,1.0
不群,2,2,0.5,2,-1.0,2.3769,1.0
不该,2,2,0.5,2,1.0,4.5345,1.0
不配,2,2,0.5,2,-1.0,3.987,1.0
世之召唤,2,2,0.5,4,1.0,6.047,1.0
世书,2,2,0.5,2,-1.0,2.047,1.0
世界之旅,2,2,0.5,4,-1.0,4.8999,1.0
世界做,2,2,0.5,3,1.0,2.4242,1.0
世界大抽奖,2,2,0.5,5,-1.0,6.8999,1.0
世界大穿越,2,2,0.5,5,-1.0,6.685,1.0
世界开始当,2,2,0.5,5,1.0,5.1995,1.0
世界的武,2,2,0.5,4,1.0,3.707,1.0
业大亨,2,2,0.5,3,-1.0,6.4928,1.0
业巨头,2,2,0.5,3,-1.0,7.5923,1.0
业狂魔,2,2,0.5,3,-1.0,8.044,1.0
业者,2,2,0.5,2,-1.0,3.3444,1.0
东京文,2,2,0.5,3,-1.0,4.1143,1.0
两万,2,2,0.5,2,1.0,5.0547,1.0
两千年,2,2,0.5,3,-1.0,8.2109,1.0
个小,2,2,0.5,2,1.0,1.6504,1.0
个我同时穿越,2,2,0.5,6,-1.0,7.1739,1.0
个沙,2,2,0.5,2,1.0,5.9516,1.0
个综艺,2,2,0.5,3,1.0,5.437,1.0
个网,2,2,0.5,2,1.0,2.2511,1.0
个老,2,2,0.5,2,1.0,1.8885,1.0
个都,2,2,0.5,2,1.0,1.5691,1.0
个高武,2,2,0.5,3,1.0,4.2354,1.0
中奖一,2,2,0.5,3,1.0,6.1477,1.0
中走出的强者,2,2,0.5,6,-1.0,8.8835,1.0
临异世,2,2,0.5,3,-1.0,5.9445,1.0
临渊,2,2,0.5,2,-1.0,6.8741,1.0
临诸天,2,2,0.5,3,-1.0,3.9177,1.0
临门,2,2,0.5,2,-1.0,4.0185,1.0
丹开始,2,2,0.5,3,-1.0,3.3156,1.0
丹朱,2,2,1.0,2,-1.0,7.9109,1.0
为贵,2,2,0.5,2,-1.0,5.1403,1.0
为锋,2,2,0.5,2,-1.0,5.5929,1.0
主之路,2,2,0.5,3,-1.0,4.6909,1.0
主持人,2,2,0.5,3,1.0,5.5084,1.0
主神挂了,2,2,1.0,4,-1.0,6.7993,1.0
主饲养,2,2,0.5,3,1.0,6.9388,1.0
之亡灵,2,2,0.5,3,1.0,4.4967,1.0
之全民,2,2,0.5,3,1.0,3.2165,1.0
之内,2,2,0.5,2,1.0,2.6602,1.0
之刃,2,2,0.5,2,-1.0,4.9821,1.0
之剧,2,2,0.5,2,1.0,2.1747,1.0
之召唤猛将,2,2,0.5,5,-1.0,6.304,1.0
之商,2,2,0.5,2,1.0,1.8446,1.0
之大道,2,2,0.5,3,1.0,3.2165,1.0
之妖皇,2,2,0.5,3,1.0,5.304,1.0
之崛起,2,2,0.5,3,-1.0,2.1341,1.0
之平,2,2,0.5,2,1.0,2.1747,1.0
之幸福日常,2,2,0.5,5,-1.0,6.304,1.0
之开局一个,2,2,0.5,5,1.0,4.9821,1.0
之开局签到,2,2,0.5,5,1.0,4.304,1.0
之我只,2,2,0.5,3,1.0,1.6036,1.0
之我是传奇,2,2,0.5,5,-1.0,5.719,1.0
之我真不是,2,2,0.5,5,1.0,2.8446,1.0
之我要,2,2,0.5,3,1.0,3.0561,1.0
之文豪崛起,2,2,0.5,5,-1.0,6.304,1.0
之日月,2,2,0.5,3,1.0,5.719,1.0
之暗,2,2,0.5,2,1.0,2.6602,1.0
之最强大,2,2,0.5,4,1.0,3.3881,1.0
之死神,2,2,0.5,3,1.0,2.7804,1.0
之深渊,2,2,0.5,3,1.0,3.6036,1.0
之狐,2,2,0.5,2,-1.0,3.304,1.0
之狩,2,2,0.5,2,1.0,3.8446,1.0
之男,2,2,0.5,2,1.0,1.6036,1.0
之祸害,2,2,0.5,3,-1.0,5.719,1.0
之绝世,2,2,0.5,3,1.0,2.7804,1.0
之职业,2,2,1.0,3,1.0,2.1341,1.0
之胜者,2,2,0.5,3,1.0,5.719,1.0
之花,2,2,0.5,2,1.0,1.9821,1.0
之虚空,2,2,0.5,3,1.0,5.719,1.0
之财,2,2,0.5,2,1.0,2.6036,1.0
之问道,2,2,0.5,3,1.0,3.9821,1.0
之霍雨浩,2,2,0.5,4,1.0,4.9821,1.0
之黑暗,2,2,0.5,3,1.0,3.6036,1.0
乘龙,2,2,1.0,2,-1.0,6.9109,1.0
九二,2,2,0.5,2,1.0,4.707,1.0
九六,2,2,0.5,2,-1.0,5.8225,1.0
九重天,2,2,0.5,3,-1.0,5.8822,1.0
也太,2,2,0.5,2,1.0,4.7935,1.0
也能,2,2,0.5,2,1.0,4.1677,1.0
书里,2,2,0.5,2,1.0,4.8514,1.0
乱臣贼子,2,2,0.5,4,-1.0,7.973,1.0
乾隆,2,2,1.0,2,-1.0,11.2384,1.0
了一切,2,2,0.5,3,-1.0,4.9919,1.0
了一只,2,2,0.5,3,1.0,4.7993,1.0
了一座,2,2,0.5,3,1.0,4.3398,1.0
了救世,2,2,0.5,3,1.0,3.4773,1.0
了时间线,2,2,0.5,4,-1.0,5.7993,1.0
了最强,2,2,0.5,3,1.0,1.7769,1.0
了灭世,2,2,0.5,3,1.0,4.9919,1.0
了灭霸,2,2,0.5,3,1.0,6.7993,1.0
了百,2,2,0.5,2,1.0,1.9166,1.0
了神话,2,2,0.5,3,1.0,1.8924,1.0
了诡异,2,2,0.5,3,1.0,2.7549,1.0
了谁谈恋爱啊,2,2,0.5,6,-1.0,6.2143,1.0
了谁还打,2,2,0.5,4,1.0,6.7993,1.0
了过,2,2,0.5,2,1.0,1.7993,1.0
了魔皇,2,2,0.5,3,-1.0,6.7993,1.0
了魔门,2,2,0.5,3,1.0,5.2143,1.0
事就,2,2,0.5,2,1.0,4.3127,1.0
二十,2,2,0.5,2,1.0,4.5589,1.0
二郎,2,2,0.5,2,1.0,7.0096,1.0
云之,2,2,0.5,2,1.0,2.1747,1.0
互穿了,2,2,0.5,3,-1.0,6.7993,1.0
五代,2,2,0.5,2,-1.0,3.5945,1.0
五影,2,2,1.0,2,1.0,3.5739,1.0
五老,2,2,1.0,2,1.0,4.4246,1.0
京都,2,2,0.5,2,-1.0,3.6615,1.0
亲爱的,2,2,0.0,3,-1.0,5.7136,1.0
人体,2,2,0.5,2,1.0,1.9848,1.0
人到中年,2,2,0.0,4,-1.0,6.5084,1.0
人在吞噬,2,2,0.0,4,-1.0,5.5616,1.0
人在大唐,2,2,1.0,4,-1.0,4.8144,1.0
人在封神,2,2,0.0,4,-1.0,5.9095,1.0
人在异界,2,2,0.5,4,-1.0,3.701,1.0
人在洪,2,2,0.5,3,-1.0,4.4863,1.0
人在海贼,2,2,1.0,4,-1.0,4.4863,1.0
人在火影,2,2,0.0,4,-1.0,4.0291,1.0
人在秦时,2,2,0.0,4,-1.0,6.5084,1.0
人在美,2,2,0.5,3,-1.0,2.8067,1.0
人杀,2,2,1.0,2,1.0,1.5776,1.0
人深,2,2,0.5,2,1.0,2.1864,1.0
人生路,2,2,0.5,3,-1.0,4.1456,1.0
人的悠闲,2,2,0.5,4,1.0,4.3384,1.0
人竟是,2,2,0.5,3,1.0,3.5084,1.0
人类的,2,2,0.5,3,1.0,2.9063,1.0
人过于,2,2,0.5,3,1.0,4.1864,1.0
人间立,2,2,0.5,3,1.0,6.5084,1.0
亿年,2,2,0.5,2,-1.0,4.3529,1.0
什么年代了,2,2,0.0,5,-1.0,6.7993,1.0
什么意思,2,2,0.5,4,-1.0,9.5465,1.0
今天不上班,2,2,0.5,5,-1.0,11.4794,1.0
今来,2,2,0.5,2,1.0,5.1218,1.0
从一人之下开始,2,2,0.5,7,-1.0,6.2682,1.0
从一人开始,2,2,0.5,5,-1.0,5.1636,1.0
从三国开始,2,2,0.0,5,-1.0,5.6832,1.0
从下乡,2,2,0.5,3,-1.0,5.6832,1.0
从两界,2,2,0.5,3,-1.0,3.6832,1.0
从九龙夺嫡开始,2,2,0.0,7,-1.0,6.2682,1.0
从八,2,2,0.5,2,-1.0,1.8758,1.0
从养殖,2,2,0.5,3,-1.0,5.2682,1.0
从养生,2,2,1.0,3,1.0,4.5112,1.0
从冒,2,2,0.5,2,-1.0,3.0202,1.0
从决,2,2,0.5,2,-1.0,4.0982,1.0
从分手,2,2,0.5,3,-1.0,5.6832,1.0
从刷,2,2,0.5,2,-1.0,2.4608,1.0
从前,2,2,0.5,2,-1.0,1.6243,1.0
从加点开始,2,2,0.5,5,-1.0,5.6832,1.0
从北,2,2,0.5,2,1.0,1.5402,1.0
从升级,2,2,1.0,3,1.0,2.7446,1.0
从只狼归来的,2,2,0.5,6,-1.0,5.7136,1.0
从吞噬开始,2,2,1.0,5,-1.0,5.4856,1.0
从囚徒到,2,2,0.5,4,-1.0,6.2682,1.0
从大学,2,2,0.5,3,-1.0,3.8087,1.0
从天师,2,2,0.5,3,-1.0,3.5677,1.0
从婴儿开始,2,2,0.5,5,-1.0,6.2682,1.0
从封神,2,2,0.5,3,-1.0,2.8087,1.0
从山寨,2,2,0.5,3,-1.0,6.2682,1.0
从废,2,2,0.5,2,-1.0,3.0202,1.0
从当爷爷开始,2,2,0.0,6,-1.0,6.2682,1.0
从忍界开始,2,2,0.5,5,-1.0,6.2682,1.0
从恋综开始,2,2,1.0,5,-1.0,6.2682,1.0
从战场捡属性开,2,2,0.5,7,-1.0,5.9788,1.0
从战锤,2,2,0.5,3,-1.0,2.3613,1.0
从截胡,2,2,0.5,3,-1.0,5.2682,1.0
从打造,2,2,0.5,3,-1.0,2.5677,1.0
从折纸,2,2,0.5,3,-1.0,6.2682,1.0
从抽卡,2,2,0.5,3,-1.0,4.0982,1.0
从拉,2,2,1.0,2,1.0,2.5677,1.0
从挖,2,2,0.5,2,1.0,3.8087,1.0
从捡到,2,2,1.0,3,1.0,3.6832,1.0
从掌,2,2,0.5,2,-1.0,2.1389,1.0
从掠夺,2,2,1.0,3,1.0,5.2682,1.0
从摆,2,2,1.0,2,1.0,3.2682,1.0
从摸尸,2,2,0.5,3,-1.0,6.2682,1.0
从收,2,2,0.5,2,-1.0,2.3613,1.0
从改变,2,2,1.0,3,1.0,5.6832,1.0
从数据化,2,2,0.5,4,-1.0,5.6832,1.0
从斗罗开始的,2,2,0.5,6,-1.0,4.7136,1.0
从旁门,2,2,0.5,3,-1.0,4.9462,1.0
从晋西北,2,2,0.5,4,-1.0,6.2682,1.0
从杀手,2,2,0.5,3,-1.0,4.9462,1.0
从杀猪,2,2,0.5,3,-1.0,5.6832,1.0
从杂,2,2,0.5,2,-1.0,4.4608,1.0
从武馆,2,2,0.5,3,-1.0,5.2682,1.0
从死神,2,2,0.5,3,-1.0,2.7446,1.0
从洪荒,2,2,0.5,3,-1.0,1.7763,1.0
从海岛,2,2,1.0,3,1.0,4.9462,1.0
从港综开始,2,2,1.0,5,-1.0,5.1636,1.0
从游戏开始,2,2,0.5,5,-1.0,5.6832,1.0
从满,2,2,0.5,2,-1.0,1.5957,1.0
从火影开始做,2,2,0.5,6,-1.0,6.2682,1.0
从炼,2,2,1.0,2,1.0,1.7446,1.0
从独,2,2,0.5,2,-1.0,1.9828,1.0
从猎魔人,2,2,0.5,4,-1.0,4.0982,1.0
从献,2,2,0.5,2,1.0,3.9462,1.0
从笑傲开始,2,2,0.5,5,-1.0,6.2682,1.0
从精,2,2,0.5,2,-1.0,1.5402,1.0
从艺,2,2,0.5,2,1.0,1.6243,1.0
从药铺,2,2,0.5,3,-1.0,5.6832,1.0
从行星总督开始,2,2,0.0,7,-1.0,6.2682,1.0
从西游开始,2,2,0.5,5,-1.0,5.9006,1.0
从觉醒,2,2,1.0,3,1.0,2.9462,1.0
从迪迦,2,2,1.0,3,1.0,4.9462,1.0
从送,2,2,0.5,2,-1.0,3.8087,1.0
从选秀,2,2,0.5,3,-1.0,6.2682,1.0
从采,2,2,0.5,2,-1.0,5.2682,1.0
从金刚,2,2,0.5,3,-1.0,4.4608,1.0
从锁龙井开始,2,2,0.5,6,-1.0,6.2682,1.0
从长津湖开始,2,2,1.0,6,-1.0,6.2682,1.0
从长生开始,2,2,1.0,5,-1.0,5.9006,1.0
从阿兹卡班,2,2,0.5,5,-1.0,6.2682,1.0
从零开始打造,2,2,0.5,6,-1.0,6.2682,1.0
从雷欧,2,2,0.5,3,-1.0,6.2682,1.0
从霍格沃茨开始,2,2,0.5,7,-1.0,5.9006,1.0
从骷髅,2,2,0.5,3,-1.0,4.2682,1.0
从黑袍开始,2,2,0.5,5,-1.0,6.2682,1.0
他不,2,2,0.5,2,1.0,2.7114,1.0
他人,2,2,0.5,2,1.0,1.9848,1.0
他怎么,2,2,0.5,3,-1.0,5.5326,1.0
他来,2,2,0.5,2,-1.0,4.0577,1.0
他真,2,2,1.0,2,1.0,3.5387,1.0
仙人只想,2,2,0.5,4,-1.0,6.447,1.0
仙列传,2,2,0.5,3,-1.0,7.0319,1.0
仙吏,2,2,0.5,2,-1.0,6.447,1.0
仙庭,2,2,0.5,2,-1.0,3.2246,1.0
仙归来,2,2,0.5,3,1.0,3.3881,1.0
仙葫,2,2,1.0,2,-1.0,6.447,1.0
仙记,2,2,0.5,2,-1.0,1.6744,1.0
仙路,2,2,0.5,2,-1.0,1.7465,1.0
仙难,2,2,0.5,2,1.0,3.6396,1.0
代僵尸,2,2,0.5,3,1.0,6.2384,1.0
代练,2,2,0.5,2,1.0,3.1723,1.0
代艺术家,2,2,0.5,4,-1.0,6.2384,1.0
以符,2,2,1.0,2,1.0,7.447,1.0
们不,2,2,0.5,2,1.0,2.065,1.0
们真,2,2,0.5,2,1.0,2.8924,1.0
们逼我,2,2,0.5,3,1.0,5.0692,1.0
仰大,2,2,0.5,2,1.0,4.973,1.0
任务日志,2,2,0.5,4,-1.0,11.2384,1.0
伊塔,2,2,0.5,2,-1.0,10.295,1.0
伏地魔,2,2,1.0,3,1.0,8.044,1.0
众生,2,2,1.0,2,1.0,3.6182,1.0
会开始,2,2,0.5,3,-1.0,1.7307,1.0
会挂机,2,2,0.5,3,-1.0,8.3766,1.0
会穿越的道,2,2,0.5,5,-1.0,6.0638,1.0
传人在,2,2,0.5,3,1.0,3.7108,1.0
传奇人生,2,2,1.0,4,-1.0,5.2216,1.0
似水,2,2,0.5,2,1.0,8.447,1.0
位大,2,2,0.5,2,1.0,2.2506,1.0
位面交易,2,2,0.5,4,1.0,9.6909,1.0
低武世界,2,2,1.0,4,1.0,6.8999,1.0
低维,2,2,0.5,2,-1.0,8.5084,1.0
住口,2,2,1.0,2,-1.0,10.6169,1.0
住手,2,2,0.5,2,-1.0,6.3881,1.0
体坛之,2,2,0.5,3,-1.0,5.719,1.0
体术,2,2,0.5,2,1.0,5.0933,1.0
余晖,2,2,0.5,2,-1.0,11.8514,1.0
你不会,2,2,1.0,3,1.0,5.2664,1.0
你也不想,2,2,0.5,4,-1.0,7.2664,1.0
你人设崩了,2,2,1.0,5,-1.0,6.7993,1.0
你们修仙,2,2,1.0,4,-1.0,5.7118,1.0
你养,2,2,0.5,2,-1.0,2.7016,1.0
你听我解释,2,2,0.0,5,-1.0,7.8514,1.0
你告诉我,2,2,0.5,4,-1.0,5.0692,1.0
你咋,2,2,0.5,2,-1.0,6.2664,1.0
你塑造,2,2,1.0,3,1.0,7.8514,1.0
你就是,2,2,0.5,3,-1.0,3.8972,1.0
你带,2,2,1.0,2,1.0,3.459,1.0
你当律师,2,2,1.0,4,-1.0,7.5126,1.0
你搁这,2,2,0.5,3,-1.0,7.8514,1.0
你真是,2,2,0.5,3,-1.0,4.2075,1.0
你管这叫正,2,2,0.5,5,-1.0,6.6419,1.0
你还说,2,2,0.5,3,-1.0,7.2664,1.0
你钓,2,2,1.0,2,1.0,5.5294,1.0
佳人,2,2,0.5,2,-1.0,4.5084,1.0
使者,2,2,0.5,2,-1.0,5.5616,1.0
侠世界的,2,2,0.5,4,1.0,2.9063,1.0
侠世界里的,2,2,0.5,5,1.0,5.7136,1.0
侯门,2,2,0.5,2,-1.0,6.369,1.0
侵入,2,2,0.5,2,-1.0,6.3766,1.0
俄罗斯当寡头,2,2,0.5,6,-1.0,10.1059,1.0
保镖,2,2,0.5,2,-1.0,10.6169,1.0
信条,2,2,0.5,2,-1.0,7.2246,1.0
修仙小,2,2,0.5,3,1.0,2.6907,1.0
修仙就是这,2,2,0.5,5,-1.0,7.9276,1.0
修仙靠,2,2,0.5,3,-1.0,5.2143,1.0
修行笔记,2,2,0.5,4,-1.0,7.9276,1.0
修道人生,2,2,0.5,4,-1.0,6.3186,1.0
修道者,2,2,0.5,3,-1.0,7.0762,1.0
俺寻思这挺,2,2,0.5,5,-1.0,13.9388,1.0
倾天下,2,2,0.5,3,-1.0,7.9165,1.0
假成真,2,2,0.5,3,-1.0,8.0623,1.0
做到极致,2,2,0.5,4,-1.0,9.4631,1.0
做游戏是,2,2,0.5,4,1.0,5.0229,1.0
做男神,2,2,1.0,3,-1.0,6.0037,1.0
做皇帝,2,2,0.5,3,-1.0,5.6557,1.0
做神豪,2,2,0.5,3,-1.0,5.5562,1.0
做财阀,2,2,0.5,3,-1.0,7.6557,1.0
做起,2,2,0.5,2,-1.0,4.1593,1.0
做道,2,2,0.5,2,1.0,2.1731,1.0
偷听心声,2,2,0.5,4,-1.0,10.8944,1.0
偷看我日记,2,2,1.0,5,-1.0,9.5813,1.0
傀儡皇,2,2,0.5,3,1.0,8.5337,1.0
僧不想,2,2,0.5,3,1.0,8.6169,1.0
儒道,2,2,0.5,2,-1.0,6.0638,1.0
儿杨,2,2,0.5,2,1.0,8.8835,1.0
元真,2,2,0.5,2,1.0,2.8529,1.0
先生开始,2,2,0.5,4,-1.0,5.4856,1.0
光宝鉴,2,2,0.5,3,-1.0,8.4959,1.0
兔子,2,2,0.5,2,-1.0,7.973,1.0
入了,2,2,0.5,2,1.0,1.6293,1.0
入侵现,2,2,0.5,3,1.0,7.2664,1.0
入神话,2,2,0.5,3,1.0,4.862,1.0
全世界只有我,2,2,0.5,6,-1.0,5.0692,1.0
全人类,2,2,0.5,3,-1.0,5.539,1.0
全是病娇,2,2,0.5,4,-1.0,8.3464,1.0
全是真,2,2,0.5,3,1.0,5.0623,1.0
全民星,2,2,0.5,3,-1.0,4.8514,1.0
全民逃荒,2,2,0.0,4,-1.0,8.3464,1.0
全球流行,2,2,0.5,4,-1.0,8.3464,1.0
全球游戏,2,2,0.5,4,-1.0,4.2447,1.0
全球神祇,2,2,0.5,4,-1.0,8.3464,1.0
全球觉醒,2,2,0.0,4,-1.0,7.0623,1.0
全球诡异,2,2,0.0,4,-1.0,6.3398,1.0
全球进化,2,2,0.0,4,-1.0,6.1363,1.0
全职艺术家,2,2,1.0,5,-1.0,7.7614,1.0
全职高手之,2,2,0.5,5,-1.0,5.719,1.0
全联盟,2,2,0.5,3,-1.0,3.9201,1.0
全被,2,2,0.5,2,1.0,2.4515,1.0
全靠,2,2,1.0,2,1.0,4.7614,1.0
八一,2,2,0.5,2,1.0,2.7553,1.0
八八,2,2,1.0,2,1.0,6.1542,1.0
八百,2,2,0.5,2,1.0,5.6639,1.0
八零后,2,2,0.5,3,-1.0,7.0229,1.0
公务员,2,2,0.5,3,-1.0,10.1575,1.0
公子别,2,2,0.5,3,-1.0,8.1542,1.0
公敌,2,2,0.5,2,-1.0,4.9676,1.0
六迹之,2,2,0.5,3,-1.0,6.304,1.0
兰若,2,2,0.5,2,-1.0,10.1315,1.0
关注,2,2,0.5,2,1.0,10.9388,1.0
兵了,2,2,1.0,2,1.0,1.8451,1.0
兵团,2,2,0.5,2,-1.0,6.6627,1.0
典狱长,2,2,0.5,3,-1.0,8.164,1.0
养全,2,2,0.5,2,1.0,3.1966,1.0
养指南,2,2,0.5,3,-1.0,6.4671,1.0
养活,2,2,0.5,2,1.0,4.2655,1.0
养猪,2,2,0.5,2,1.0,7.9817,1.0
再也不,2,2,0.5,3,1.0,7.2349,1.0
再次伟大,2,2,0.5,4,-1.0,6.295,1.0
冒充,2,2,0.5,2,1.0,9.8835,1.0
写了,2,2,0.5,2,1.0,3.3398,1.0
写的,2,2,0.5,2,1.0,2.2542,1.0
军团,2,2,0.5,2,-1.0,6.4271,1.0
军校,2,2,1.0,2,1.0,5.891,1.0
军火商,2,2,0.5,3,1.0,9.4794,1.0
军途,2,2,1.0,2,-1.0,5.9941,1.0
军阀,2,2,0.5,2,-1.0,7.164,1.0
农民,2,2,0.5,2,-1.0,6.0569,1.0
冠王,2,2,0.5,2,-1.0,4.2033,1.0
冠盖,2,2,0.5,2,-1.0,9.3997,1.0
冥河,2,2,1.0,2,1.0,9.2246,1.0
净化,2,2,0.5,2,1.0,8.431,1.0
凛冬领主,2,2,1.0,4,-1.0,7.9388,1.0
凡人修仙,2,2,0.5,4,-1.0,6.3398,1.0
凤华,2,2,0.5,2,-1.0,5.9276,1.0
凯多,2,2,1.0,2,1.0,10.8095,1.0
出一个,2,2,0.5,3,1.0,4.2784,1.0
出击,2,2,0.5,2,-1.0,6.1044,1.0
出山,2,2,0.5,2,-1.0,3.8089,1.0
出手,2,2,1.0,2,1.0,3.335,1.0
出身,2,2,1.0,2,1.0,3.8773,1.0
击碎,2,2,0.5,2,-1.0,8.8944,1.0
刃里,2,2,0.5,2,-1.0,8.5294,1.0
分解大师,2,2,1.0,4,-1.0,7.5126,1.0
刑侦,2,2,0.5,2,-1.0,9.3539,1.0
刑官,2,2,0.5,2,-1.0,6.8095,1.0
刘备种,2,2,0.5,3,1.0,8.1315,1.0
则莱茵,2,2,0.5,3,1.0,11.4794,1.0
刚准备,2,2,0.5,3,-1.0,10.295,1.0
刚被,2,2,0.5,2,-1.0,5.4001,1.0
创建,2,2,0.5,2,1.0,7.6604,1.0
判官,2,2,0.5,2,-1.0,8.4876,1.0
别再,2,2,0.5,2,-1.0,7.5168,1.0
别回,2,2,0.5,2,1.0,4.4912,1.0
别怂,2,2,1.0,2,-1.0,9.7391,1.0
别急,2,2,1.0,2,-1.0,8.7391,1.0
别惹我,2,2,1.0,3,-1.0,4.0692,1.0
到八,2,2,0.5,2,1.0,3.7916,1.0
到十年,2,2,1.0,3,1.0,4.7916,1.0
到地,2,2,0.5,2,1.0,2.2532,1.0
到小,2,2,0.5,2,1.0,2.0754,1.0
到山,2,2,0.5,2,1.0,2.429,1.0
到工业,2,2,1.0,3,1.0,5.0965,1.0
到帝,2,2,0.5,2,1.0,1.5045,1.0
到影帝,2,2,0.5,3,-1.0,4.0547,1.0
到总,2,2,0.5,2,1.0,4.862,1.0
到战争之王,2,2,0.5,5,-1.0,8.1575,1.0
到文娱,2,2,0.5,3,1.0,4.429,1.0
到武林,2,2,0.5,3,1.0,6.014,1.0
到游戏,2,2,0.5,3,1.0,2.0444,1.0
到科,2,2,0.5,2,1.0,2.4157,1.0
到系,2,2,0.5,2,1.0,1.7163,1.0
到红,2,2,0.5,2,1.0,2.6293,1.0
到自己,2,2,0.5,3,1.0,4.7245,1.0
到账,2,2,0.5,2,-1.0,6.862,1.0
到超级,2,2,0.5,3,1.0,2.936,1.0
到隐,2,2,0.5,2,1.0,4.862,1.0
制作人,2,2,0.5,3,-1.0,4.3384,1.0
制大师,2,2,0.5,3,-1.0,5.981,1.0
制片,2,2,0.5,2,1.0,6.566,1.0
制造商,2,2,0.5,3,-1.0,9.4794,1.0
制霸,2,2,0.5,2,1.0,4.8401,1.0
刷满,2,2,1.0,2,1.0,6.459,1.0
刷经验,2,2,0.5,3,1.0,8.9615,1.0
前世成真,2,2,0.0,4,-1.0,8.0623,1.0
前女友们,2,2,0.5,4,1.0,8.7689,1.0
剑主,2,2,0.5,2,-1.0,1.6627,1.0
剑道独尊,2,2,0.0,4,-1.0,8.6627,1.0
剑问,2,2,1.0,2,1.0,4.2364,1.0
剑魂,2,2,0.5,2,1.0,3.9903,1.0
剧开始,2,2,0.5,3,-1.0,2.3563,1.0
剧里的,2,2,0.5,3,1.0,5.7136,1.0
剩女,2,2,0.5,2,-1.0,7.9615,1.0
力加,2,2,1.0,2,1.0,4.8147,1.0
功力,2,2,0.5,2,-1.0,5.6627,1.0
加班,2,2,0.5,2,-1.0,6.7689,1.0
动乾坤,2,2,0.5,3,-1.0,9.8514,1.0
努力了,2,2,0.5,3,-1.0,4.6293,1.0
励精图治,2,2,1.0,4,1.0,12.3539,1.0
劳是,2,2,0.5,2,1.0,6.438,1.0
勒斯,2,2,1.0,2,1.0,10.9388,1.0
包围了,2,2,0.5,3,-1.0,6.7993,1.0
包大,2,2,0.5,2,1.0,3.4876,1.0
化系统,2,2,0.5,3,-1.0,3.5122,1.0
北大,2,2,0.5,2,1.0,1.567,1.0
北宋大,2,2,0.5,3,-1.0,3.3881,1.0
北宋小,2,2,0.5,3,-1.0,5.9234,1.0
北宋当,2,2,0.5,3,1.0,5.1554,1.0
北电,2,2,1.0,2,1.0,5.7515,1.0
匹夫,2,2,0.5,2,-1.0,10.2109,1.0
医生太,2,2,0.5,3,1.0,5.1155,1.0
医院,2,2,0.5,2,1.0,4.248,1.0
医馆,2,2,0.5,2,-1.0,5.6214,1.0
医香,2,2,1.0,2,-1.0,4.8329,1.0
医高,2,2,0.5,2,1.0,3.589,1.0
十三,2,2,0.5,2,1.0,3.3525,1.0
十二翼天使,2,2,0.5,5,-1.0,9.5813,1.0
十五年,2,2,0.5,3,-1.0,8.2109,1.0
十年代小,2,2,0.5,4,1.0,7.5084,1.0
十方,2,2,0.5,2,-1.0,5.452,1.0
十连,2,2,1.0,2,1.0,7.9963,1.0
千年世家,2,2,0.5,4,-1.0,7.7942,1.0
千年我,2,2,0.5,3,1.0,1.8993,1.0
千面影帝,2,2,0.5,4,-1.0,8.2593,1.0
半仙,2,2,1.0,2,-1.0,3.71,1.0
华彩,2,2,0.5,2,-1.0,7.9276,1.0
单机,2,2,0.5,2,-1.0,5.9026,1.0
卖盒饭,2,2,0.5,3,1.0,11.9388,1.0
卖罐子,2,2,0.5,3,-1.0,7.973,1.0
南宋,2,2,0.5,2,-1.0,5.2246,1.0
南枝,2,2,0.5,2,-1.0,8.2246,1.0
博物馆,2,2,0.5,3,-1.0,11.4794,1.0
卡卡,2,2,0.5,2,1.0,5.2229,1.0
卡徒,2,2,1.0,2,-1.0,5.7233,1.0
卡皇,2,2,0.5,2,-1.0,4.2607,1.0
印度当,2,2,0.5,3,1.0,8.0623,1.0
即是,2,2,0.5,2,1.0,5.0229,1.0
却被,2,2,1.0,2,1.0,5.6517,1.0
卷成,2,2,0.5,2,1.0,4.5807,1.0
原始人,2,2,0.5,3,-1.0,5.1864,1.0
原来我是,2,2,0.5,4,-1.0,6.0229,1.0
原谅,2,2,0.5,2,-1.0,10.6534,1.0
厨师,2,2,0.5,2,-1.0,4.2646,1.0
去修仙,2,2,0.5,3,-1.0,4.3074,1.0
去做,2,2,0.5,2,1.0,4.9712,1.0
去种田,2,2,0.5,3,-1.0,6.9875,1.0
参军,2,2,0.5,2,1.0,8.164,1.0
又不是,2,2,0.5,3,1.0,6.0501,1.0
又掉,2,2,0.5,2,1.0,8.7689,1.0
友不,2,2,0.5,2,1.0,2.7431,1.0
友你,2,2,0.5,2,1.0,3.3595,1.0
反了,2,2,1.0,2,1.0,2.0179,1.0
反派模,2,2,1.0,3,1.0,5.609,1.0
反派皇,2,2,0.5,3,-1.0,5.0742,1.0
叔叔,2,2,0.5,2,1.0,8.599,1.0
取经,2,2,1.0,2,1.0,6.784,1.0
受欢迎,2,2,0.5,3,1.0,12.1315,1.0
变异了,2,2,0.5,3,-1.0,6.2143,1.0
变身之,2,2,0.5,3,-1.0,3.9821,1.0
变革,2,2,0.5,2,-1.0,7.8277,1.0
叠加,2,2,0.5,2,-1.0,9.1839,1.0
古玩,2,2,0.5,2,1.0,4.2458,1.0
古龙世界里的,2,2,0.5,6,-1.0,5.7136,1.0
只好自己,2,2,1.0,4,1.0,8.8944,1.0
只想做,2,2,0.5,3,1.0,4.7352,1.0
只想刷,2,2,0.5,3,1.0,6.4035,1.0
只想水群,2,2,1.0,4,-1.0,8.8944,1.0
只想种田,2,2,0.5,4,-1.0,6.7515,1.0
只想躺,2,2,0.5,3,1.0,8.2109,1.0
只是一个,2,2,0.5,4,1.0,6.7465,1.0
只有我知道剧情,2,2,1.0,7,-1.0,8.8944,1.0
只龟,2,2,0.5,2,-1.0,7.3095,1.0
叫一,2,2,0.5,2,1.0,2.2897,1.0
叫朱,2,2,0.5,2,1.0,6.2229,1.0
召唤万,2,2,0.5,3,-1.0,4.1616,1.0
召唤之,2,2,0.5,3,1.0,2.0186,1.0
召唤系,2,2,0.5,3,1.0,4.1858,1.0
可以变成,2,2,0.5,4,1.0,7.3881,1.0
可升级,2,2,0.5,3,-1.0,6.3709,1.0
可敌国,2,2,0.5,3,-1.0,7.8567,1.0
可是,2,2,0.5,2,1.0,1.9785,1.0
史上最牛,2,2,0.5,4,-1.0,10.5465,1.0
史上第一混,2,2,0.5,5,-1.0,8.6396,1.0
史蒂夫,2,2,0.5,3,-1.0,10.2109,1.0
史记,2,2,1.0,2,-1.0,5.189,1.0
合体,2,2,0.5,2,-1.0,5.1299,1.0
吉时,2,2,0.5,2,-1.0,6.2453,1.0
同居,2,2,0.5,2,1.0,7.4172,1.0
同时穿越万界,2,2,0.0,6,-1.0,7.1607,1.0
同时穿越了,2,2,1.0,5,-1.0,3.7993,1.0
名不,2,2,0.5,2,1.0,2.48,1.0
名门正,2,2,0.5,3,-1.0,7.2699,1.0
名门闺,2,2,0.5,3,-1.0,9.779,1.0
后变,2,2,0.5,2,1.0,3.3041,1.0
后才发现我,2,2,0.5,5,1.0,5.0692,1.0
吐槽,2,2,1.0,2,1.0,13.3539,1.0
吓哭周姐,2,2,1.0,4,-1.0,10.7689,1.0
君主,2,2,0.5,2,-1.0,2.8303,1.0
君王,2,2,0.5,2,-1.0,3.0489,1.0
吞噬星空之太,2,2,0.5,6,-1.0,6.241,1.0
听说我是,2,2,0.5,4,-1.0,6.438,1.0
吹牛,2,2,1.0,2,1.0,11.3539,1.0
员工,2,2,0.5,2,-1.0,5.5021,1.0
员开始,2,2,0.5,3,-1.0,2.3156,1.0
味记,2,2,0.5,2,-1.0,7.7739,1.0
命令,2,2,1.0,2,1.0,6.8727,1.0
咋就,2,2,1.0,2,1.0,7.5857,1.0
咋成,2,2,1.0,2,1.0,5.8031,1.0
和他的,2,2,0.5,3,1.0,5.7136,1.0
和仙子,2,2,0.5,3,1.0,7.8461,1.0
和女,2,2,0.5,2,1.0,3.5692,1.0
和她,2,2,0.5,2,1.0,6.3766,1.0
和宝,2,2,0.5,2,1.0,5.4804,1.0
咒禁,2,2,0.5,2,-1.0,9.672,1.0
品女,2,2,0.5,2,1.0,3.4697,1.0
哈利波特,2,2,0.5,4,-1.0,10.2664,1.0
唐三藏,2,2,0.5,3,-1.0,9.0808,1.0
唐太,2,2,0.5,2,1.0,2.8424,1.0
唐当,2,2,0.5,2,1.0,2.2043,1.0
唐朝小,2,2,0.5,3,-1.0,6.5084,1.0
唢呐,2,2,0.5,2,-1.0,14.9388,1.0
唯一的,2,2,0.5,3,1.0,3.5437,1.0
囚笼,2,2,0.5,2,-1.0,11.6169,1.0
四万年,2,2,0.5,3,-1.0,7.521,1.0
四代,2,2,0.5,2,1.0,3.4055,1.0
四小,2,2,0.5,2,1.0,3.9974,1.0
回到九,2,2,0.5,3,-1.0,5.8225,1.0
回到古代当,2,2,0.5,5,-1.0,8.0623,1.0
回到明朝做,2,2,0.5,5,-1.0,8.1412,1.0
回到过去当,2,2,0.5,5,-1.0,6.4773,1.0
回大明,2,2,0.5,3,1.0,3.0398,1.0
回来,2,2,0.5,2,1.0,2.7484,1.0
因为,2,2,0.5,2,-1.0,5.7533,1.0
团的,2,2,0.5,2,1.0,2.3917,1.0
团长,2,2,1.0,2,-1.0,4.8421,1.0
国士无双,2,2,1.0,4,-1.0,7.8567,1.0
国家队,2,2,0.5,3,-1.0,7.8567,1.0
国搞,2,2,0.5,2,1.0,5.5347,1.0
国足,2,2,0.5,2,-1.0,5.0493,1.0
国野,2,2,0.5,2,1.0,3.4991,1.0
国风云,2,2,0.5,3,1.0,5.5347,1.0
图录,2,2,0.5,2,-1.0,7.1315,1.0
图谋不轨,2,2,0.5,4,-1.0,11.1315,1.0
圆梦师,2,2,0.5,3,-1.0,6.9276,1.0
圈第一,2,2,0.5,3,1.0,6.0096,1.0
土边,2,2,0.5,2,1.0,8.0685,1.0
圣杯战争,2,2,1.0,4,-1.0,8.9615,1.0
圣母,2,2,0.5,2,-1.0,6.2611,1.0
圣皇,2,2,0.5,2,-1.0,3.1414,1.0
圣骑士,2,2,0.5,3,-1.0,6.0547,1.0
在两界,2,2,0.5,3,1.0,4.4202,1.0
在中,2,2,0.5,2,1.0,1.7383,1.0
在公门,2,2,0.5,3,1.0,7.0051,1.0
在北美当,2,2,0.5,4,1.0,6.7404,1.0
在大宋,2,2,1.0,3,1.0,3.9177,1.0
在巫师世界,2,2,0.5,5,1.0,5.4202,1.0
在异界当,2,2,0.5,4,1.0,5.2549,1.0
在手术室,2,2,0.5,4,1.0,7.0051,1.0
在末日,2,2,1.0,3,1.0,3.3047,1.0
在末法,2,2,0.5,3,1.0,5.0051,1.0
在武道,2,2,0.5,3,1.0,2.6832,1.0
在聊斋,2,2,1.0,3,1.0,4.4202,1.0
在荒,2,2,0.5,2,1.0,1.5294,1.0
在诸天的,2,2,0.5,4,1.0,2.5437,1.0
在阳间,2,2,1.0,3,1.0,6.4202,1.0
地卖,2,2,0.5,2,1.0,6.0081,1.0
地师,2,2,1.0,2,-1.0,1.5818,1.0
地狱开,2,2,1.0,3,1.0,3.9788,1.0
地球上最后一,2,2,0.5,6,-1.0,7.1477,1.0
地球成,2,2,1.0,3,1.0,3.6876,1.0
地球战,2,2,1.0,3,1.0,4.9165,1.0
地真,2,2,0.5,2,1.0,2.1316,1.0
场主,2,2,0.5,2,-1.0,3.6169,1.0
场当,2,2,0.5,2,1.0,3.7404,1.0
坦途,2,2,0.5,2,-1.0,9.1839,1.0
型中单,2,2,1.0,3,1.0,10.447,1.0
型打野啊,2,2,0.5,4,-1.0,9.3389,1.0
域苍穹,2,2,0.5,3,-1.0,10.0319,1.0
培育魂,2,2,0.5,3,1.0,9.6814,1.0
塌房的我,2,2,0.5,4,-1.0,5.0692,1.0
填非常简单,2,2,0.5,5,-1.0,11.0319,1.0
士兵突击之,2,2,0.5,5,-1.0,4.304,1.0
声大,2,2,0.5,2,1.0,3.2075,1.0
壶中仙,2,2,0.5,3,-1.0,7.0319,1.0
处处,2,2,0.5,2,1.0,9.3241,1.0
处开,2,2,0.5,2,1.0,3.1715,1.0
备案,2,2,0.5,2,-1.0,9.0319,1.0
复出,2,2,1.0,2,1.0,5.2419,1.0
多子多福,2,2,0.0,4,-1.0,10.8095,1.0
多才多,2,2,0.5,3,1.0,10.8095,1.0
夜之,2,2,0.5,2,1.0,1.9821,1.0
夜君,2,2,0.5,2,1.0,5.5084,1.0
夜天子,2,2,1.0,3,-1.0,7.973,1.0
夜游,2,2,0.5,2,1.0,3.6001,1.0
大主播,2,2,0.5,3,-1.0,3.047,1.0
大乾武圣,2,2,1.0,4,-1.0,6.295,1.0
大亨传说,2,2,0.0,4,-1.0,6.295,1.0
大劫主,2,2,1.0,3,-1.0,6.295,1.0
大厨,2,2,0.5,2,-1.0,3.047,1.0
大周仙,2,2,0.5,3,-1.0,5.447,1.0
大唐小,2,2,0.5,3,-1.0,4.2757,1.0
大唐李,2,2,0.5,3,-1.0,6.295,1.0
大国军,2,2,0.5,3,-1.0,6.295,1.0
大学开始,2,2,0.5,4,-1.0,4.0261,1.0
大宋的,2,2,0.5,3,-1.0,2.6262,1.0
大宋神探,2,2,0.5,4,-1.0,6.295,1.0
大导演,2,2,0.5,3,-1.0,2.4876,1.0
大帝之资,2,2,0.5,4,-1.0,6.295,1.0
大当家,2,2,1.0,3,-1.0,5.295,1.0
大数据,2,2,0.5,3,-1.0,4.71,1.0
大明国,2,2,0.5,3,-1.0,1.7906,1.0
大明太,2,2,0.5,3,-1.0,2.6343,1.0
大明嫡,2,2,0.5,3,-1.0,5.6248,1.0
大明官,2,2,1.0,3,-1.0,3.7434,1.0
大明春,2,2,1.0,3,-1.0,4.3492,1.0
大明王朝,2,2,0.0,4,-1.0,6.295,1.0
大枭雄,2,2,0.5,3,-1.0,3.8355,1.0
大汉帝国,2,2,1.0,4,-1.0,6.295,1.0
大洪水,2,2,1.0,3,1.0,6.295,1.0
大炮,2,2,0.5,2,1.0,3.4876,1.0
大爆炸,2,2,0.5,3,-1.0,5.295,1.0
大玄,2,2,0.5,2,-1.0,2.295,1.0
大画家,2,2,1.0,3,-1.0,4.4876,1.0
大相师,2,2,0.5,3,-1.0,5.71,1.0
大科学家,2,2,0.5,4,-1.0,4.973,1.0
大秦之,2,2,0.5,3,-1.0,3.0561,1.0
大秦从,2,2,0.5,3,-1.0,3.0202,1.0
大筒木血,2,2,0.5,4,1.0,6.295,1.0
大蛇丸,2,2,1.0,3,-1.0,6.295,1.0
大道朝,2,2,0.5,3,-1.0,6.295,1.0
大道韶华,2,2,1.0,4,-1.0,6.295,1.0
大闲人,2,2,0.5,3,-1.0,4.125,1.0
大限将至,2,2,0.5,4,-1.0,6.295,1.0
天下无双,2,2,1.0,4,-1.0,6.4671,1.0
天启之,2,2,0.5,3,-1.0,5.719,1.0
天命之子,2,2,1.0,4,1.0,6.4671,1.0
天啦,2,2,0.5,2,-1.0,4.6598,1.0
天字,2,2,0.5,2,-1.0,4.6598,1.0
天宗,2,2,0.5,2,1.0,1.8233,1.0
天改,2,2,0.5,2,1.0,3.1452,1.0
天狂,2,2,0.5,2,1.0,2.1096,1.0
太受,2,2,0.5,2,-1.0,7.7004,1.0
太子的,2,2,0.5,3,1.0,2.4657,1.0
太平,2,2,0.5,2,-1.0,4.5711,1.0
太强了,2,2,1.0,3,-1.0,6.7993,1.0
太快乐,2,2,0.5,3,1.0,6.5305,1.0
太想进步了,2,2,0.5,5,-1.0,6.7993,1.0
太懂,2,2,0.5,2,1.0,6.3785,1.0
太极端了,2,2,0.5,4,-1.0,6.7993,1.0
太能,2,2,0.5,2,1.0,1.8362,1.0
太虚,2,2,0.5,2,-1.0,6.3785,1.0
太过正经,2,2,0.5,4,-1.0,8.7004,1.0
太难,2,2,1.0,2,1.0,5.3081,1.0
头发,2,2,0.5,2,1.0,5.378,1.0
头条,2,2,0.5,2,-1.0,5.9766,1.0
夺冠,2,2,1.0,2,1.0,7.8972,1.0
夺取,2,2,1.0,2,1.0,8.6034,1.0
奇才,2,2,0.5,2,-1.0,4.5651,1.0
奉为,2,2,0.5,2,1.0,7.0334,1.0
女主播,2,2,0.5,3,-1.0,4.7136,1.0
女们的,2,2,0.5,3,1.0,5.1287,1.0
女友是大明星,2,2,0.5,6,-1.0,7.9388,1.0
女如,2,2,0.5,2,1.0,4.438,1.0
女尊世界的,2,2,0.5,5,-1.0,5.7136,1.0
女帝成,2,2,0.5,3,-1.0,3.9286,1.0
女明星们,2,2,0.5,4,-1.0,7.3766,1.0
女朋友,2,2,1.0,3,1.0,6.9615,1.0
女知青,2,2,0.5,3,1.0,7.3766,1.0
女神的,2,2,0.5,3,1.0,3.5437,1.0
女诡,2,2,1.0,2,1.0,2.5186,1.0
女请,2,2,0.5,2,1.0,3.2891,1.0
女频,2,2,0.5,2,1.0,6.3766,1.0
女魔头,2,2,0.5,3,1.0,5.6396,1.0
她们对我,2,2,0.5,4,-1.0,5.0692,1.0
她们献上,2,2,1.0,4,1.0,8.4959,1.0
她们都想,2,2,0.5,4,-1.0,7.0319,1.0
她们都是真,2,2,0.5,5,-1.0,8.0623,1.0
好多,2,2,0.5,2,1.0,5.0953,1.0
好时代,2,2,0.5,3,-1.0,3.7327,1.0
如意,2,2,0.5,2,-1.0,7.9558,1.0
如此简单,2,2,0.5,4,-1.0,11.0319,1.0
妃的,2,2,0.5,2,1.0,3.3917,1.0
妹子,2,2,0.5,2,1.0,4.3292,1.0
妻子,2,2,0.5,2,1.0,3.4184,1.0
妻是大,2,2,0.5,3,1.0,5.71,1.0
妻有,2,2,0.5,2,1.0,3.2498,1.0
姐她,2,2,0.5,2,1.0,6.599,1.0
姿物语,2,2,0.5,3,-1.0,12.9388,1.0
娱之天,2,2,0.5,3,1.0,3.5603,1.0
娱之我,2,2,0.5,3,1.0,2.1623,1.0
娱乐圈里的,2,2,0.5,5,-1.0,5.7136,1.0
娱乐大亨,2,2,1.0,4,-1.0,7.3595,1.0
娱乐时代,2,2,0.5,4,-1.0,4.7745,1.0
娱时代,2,2,0.5,3,-1.0,3.0806,1.0
嫁到,2,2,0.5,2,-1.0,5.277,1.0
嫂开始,2,2,1.0,3,1.0,5.9006,1.0
嫡长女,2,2,1.0,3,-1.0,6.9615,1.0
子不类父,2,2,0.0,4,-1.0,7.973,1.0
子哥,2,2,0.5,2,-1.0,3.973,1.0
子孙,2,2,0.5,2,-1.0,4.8031,1.0
子就是,2,2,0.5,3,1.0,4.0188,1.0
子弟,2,2,0.5,2,-1.0,3.8438,1.0
子很凶,2,2,0.5,3,-1.0,7.973,1.0
存在的,2,2,1.0,3,1.0,5.7136,1.0
季汉,2,2,0.5,2,-1.0,8.862,1.0
学修,2,2,0.5,2,1.0,1.6422,1.0
学教,2,2,0.5,2,1.0,3.0685,1.0
学校,2,2,0.5,2,1.0,4.7954,1.0
学派的,2,2,0.5,3,1.0,5.7136,1.0
学的我,2,2,0.5,3,1.0,3.1777,1.0
学者,2,2,1.0,2,1.0,2.5981,1.0
学院开始,2,2,0.5,4,-1.0,4.1636,1.0
学霸到首席科学家,2,2,0.5,8,-1.0,7.7942,1.0
学霸的科,2,2,0.5,4,-1.0,7.1706,1.0
学霸的黑科技,2,2,0.5,6,-1.0,8.0685,1.0
学面板,2,2,0.5,3,-1.0,4.8985,1.0
宇宙时代,2,2,0.5,4,-1.0,5.7465,1.0
守夜人,2,2,0.5,3,-1.0,6.5084,1.0
宋生活顾问,2,2,0.5,5,-1.0,10.1315,1.0
宋青书,2,2,1.0,3,1.0,9.9388,1.0
完了,2,2,0.5,2,-1.0,2.7118,1.0
完美世界之,2,2,0.5,5,-1.0,4.9821,1.0
完美家,2,2,0.5,3,1.0,4.2706,1.0
完美开,2,2,1.0,3,1.0,2.4553,1.0
定了,2,2,1.0,2,1.0,3.5513,1.0
定制大,2,2,0.5,3,1.0,6.295,1.0
定天,2,2,0.5,2,1.0,3.2192,1.0
宝瞳,2,2,1.0,2,-1.0,8.8727,1.0
宝石,2,2,0.5,2,1.0,7.0654,1.0
宝贝,2,2,1.0,2,1.0,9.2878,1.0
实习,2,2,0.5,2,1.0,7.3501,1.0
宠了,2,2,0.5,2,-1.0,3.3398,1.0
宣传片,2,2,0.5,3,-1.0,11.2384,1.0
室友,2,2,0.5,2,1.0,8.447,1.0
宫开,2,2,0.5,2,1.0,2.2784,1.0
家丁,2,2,0.5,2,-1.0,6.7942,1.0
家兄,2,2,0.5,2,-1.0,4.4722,1.0
家园,2,2,0.5,2,-1.0,3.3679,1.0
家族修仙,2,2,0.0,4,-1.0,5.9919,1.0
家有田,2,2,0.5,3,-1.0,7.7942,1.0
家欢,2,2,0.5,2,1.0,4.2092,1.0
家父李,2,2,0.5,3,-1.0,7.7942,1.0
家父汉,2,2,0.5,3,-1.0,7.7942,1.0
家老大,2,2,0.5,3,-1.0,5.295,1.0
容公,2,2,0.5,2,1.0,7.8355,1.0
寂静,2,2,0.5,2,-1.0,10.6534,1.0
寄生,2,2,0.5,2,-1.0,5.7336,1.0
密探,2,2,0.5,2,-1.0,8.3919,1.0
富甲,2,2,0.5,2,1.0,7.199,1.0
寒门崛起,2,2,0.0,4,-1.0,8.599,1.0
导演之王,2,2,0.0,4,-1.0,7.3766,1.0
导演的快乐,2,2,0.5,5,-1.0,9.3842,1.0
封神之,2,2,0.5,3,-1.0,2.8446,1.0
尊开始,2,2,0.5,3,-1.0,1.6782,1.0
小事,2,2,0.5,2,-1.0,3.9723,1.0
小云,2,2,0.5,2,1.0,4.701,1.0
小兵传奇,2,2,1.0,4,-1.0,8.8303,1.0
小农女,2,2,0.5,3,-1.0,6.9615,1.0
小农庄,2,2,0.0,3,-1.0,7.5084,1.0
小地主,2,2,1.0,3,-1.0,7.2453,1.0
小富,2,2,0.5,2,1.0,4.3384,1.0
小山村,2,2,1.0,3,-1.0,8.8303,1.0
小李飞刀开始,2,2,1.0,6,-1.0,6.441,1.0
小树,2,2,0.5,2,1.0,5.5084,1.0
小海岛,2,2,0.0,3,-1.0,7.5084,1.0
小游戏,2,2,0.5,3,-1.0,2.6907,1.0
小男,2,2,0.5,2,1.0,4.1299,1.0
小郎,2,2,0.5,2,1.0,5.9234,1.0
小金,2,2,0.5,2,1.0,3.2156,1.0
小闲,2,2,0.5,2,1.0,4.6208,1.0
小阁老,2,2,0.0,3,-1.0,8.8303,1.0
尘埃,2,2,0.5,2,-1.0,11.8514,1.0
就会,2,2,0.5,2,1.0,4.4157,1.0
就想,2,2,0.5,2,1.0,2.8487,1.0
就是天,2,2,0.5,3,1.0,2.5129,1.0
就是这样子的,2,2,0.5,6,-1.0,5.7136,1.0
就没,2,2,0.5,2,1.0,3.616,1.0
就要,2,2,0.5,2,1.0,3.8669,1.0
就该,2,2,0.5,2,1.0,6.4702,1.0
尸体,2,2,0.5,2,1.0,6.2453,1.0
尸变,2,2,0.5,2,-1.0,5.4651,1.0
尽妖,2,2,0.5,2,1.0,5.5846,1.0
尾之,2,2,0.5,2,1.0,3.9821,1.0
局要,2,2,0.5,2,1.0,2.8471,1.0
居一品,2,2,0.5,3,-1.0,9.2246,1.0
居开始,2,2,0.5,3,-1.0,3.0932,1.0
属性修,2,2,1.0,3,1.0,4.404,1.0
属性面板,2,2,0.5,4,-1.0,7.6604,1.0
屠夫,2,2,0.5,2,-1.0,7.6259,1.0
山修,2,2,0.5,2,1.0,2.1727,1.0
山剑,2,2,0.5,2,1.0,2.9078,1.0
山海经,2,2,0.5,3,-1.0,8.0319,1.0
山猎,2,2,0.5,2,1.0,4.1616,1.0
山野,2,2,0.5,2,-1.0,4.8264,1.0
岁大,2,2,1.0,2,1.0,2.2075,1.0
崩溃了,2,2,0.5,3,-1.0,6.2143,1.0
工业克苏鲁,2,2,1.0,5,-1.0,9.672,1.0
工业大,2,2,0.5,3,-1.0,3.2075,1.0
工业巨擘,2,2,0.5,4,-1.0,9.0871,1.0
工业时代,2,2,0.5,4,-1.0,6.3595,1.0
工业霸主,2,2,1.0,4,-1.0,7.9388,1.0
工作,2,2,0.5,2,1.0,5.672,1.0
工匠大师,2,2,0.5,4,-1.0,7.5126,1.0
工资到位,2,2,1.0,4,-1.0,9.672,1.0
巨匠,2,2,0.5,2,-1.0,7.0886,1.0
巫之主,2,2,0.5,3,-1.0,6.0148,1.0
巫师从,2,2,0.5,3,-1.0,1.6535,1.0
巫师日,2,2,0.5,3,1.0,3.9404,1.0
已经,2,2,0.5,2,1.0,7.447,1.0
师亚,2,2,0.5,2,1.0,5.1906,1.0
师他,2,2,0.5,2,1.0,2.989,1.0
师传,2,2,0.5,2,1.0,1.8543,1.0
师啊,2,2,0.5,2,-1.0,1.9126,1.0
师娘,2,2,1.0,2,1.0,3.1202,1.0
师日记,2,2,0.5,3,-1.0,4.4251,1.0
帝们,2,2,0.5,2,1.0,3.0894,1.0
帝君,2,2,1.0,2,1.0,3.1508,1.0
帝国从,2,2,0.5,3,1.0,1.8087,1.0
帝国重,2,2,0.5,3,-1.0,2.6882,1.0
帝求我,2,2,0.5,3,1.0,5.0692,1.0
带回,2,2,1.0,2,1.0,4.7136,1.0
带娃开,2,2,0.5,3,1.0,5.3939,1.0
带着一扇门,2,2,0.5,5,-1.0,8.6909,1.0
带着系统,2,2,0.5,4,-1.0,5.9325,1.0
帮你,2,2,0.5,2,1.0,6.8514,1.0
干嘛,2,2,0.5,2,-1.0,12.4794,1.0
平凡生活,2,2,0.5,4,-1.0,8.0562,1.0
平天下,2,2,0.5,3,-1.0,6.1091,1.0
平行,2,2,0.5,2,1.0,5.0151,1.0
年突然发现是,2,2,0.5,6,1.0,7.0229,1.0
幸运星,2,2,0.5,3,-1.0,6.3539,1.0
幻模拟,2,2,0.5,3,1.0,5.6986,1.0
幼儿园,2,2,0.5,3,1.0,10.5126,1.0
庄稼,2,2,0.5,2,1.0,12.3539,1.0
店开始,2,2,0.5,3,-1.0,3.3981,1.0
度乐园,2,2,0.5,3,-1.0,7.5401,1.0
庶子风流,2,2,1.0,4,-1.0,9.71,1.0
康熙末年,2,2,0.5,4,-1.0,8.2109,1.0
建了一,2,2,0.5,3,1.0,6.5627,1.0
开发大西北,2,2,1.0,5,-1.0,5.9788,1.0
开始东京,2,2,0.5,4,1.0,1.5314,1.0
开始当大佬,2,2,0.5,5,-1.0,5.9006,1.0
开始成圣,2,2,0.5,4,-1.0,3.0932,1.0
开始打穿,2,2,0.5,4,1.0,5.1636,1.0
开始掌控,2,2,0.5,4,1.0,4.4856,1.0
开始无限模拟,2,2,0.5,6,-1.0,5.9006,1.0
开始无限进化,2,2,0.5,6,-1.0,4.6782,1.0
开始武道,2,2,0.5,4,1.0,2.1636,1.0
开始的东京生活,2,2,0.5,7,-1.0,5.9788,1.0
开始的军,2,2,0.5,4,1.0,4.7717,1.0
开始的影,2,2,0.5,4,1.0,3.2404,1.0
开始的文豪,2,2,0.5,5,-1.0,5.9788,1.0
开始的无限,2,2,0.5,5,1.0,4.3616,1.0
开始的诸天之旅,2,2,0.5,7,-1.0,5.9788,1.0
开始签,2,2,0.5,3,1.0,2.4856,1.0
开始肝成,2,2,0.5,4,1.0,4.0261,1.0
开始进化,2,2,0.5,4,-1.0,2.2376,1.0
开始逃,2,2,0.5,3,1.0,3.5787,1.0
开始速通,2,2,1.0,4,-1.0,4.9006,1.0
开局一座,2,2,0.5,4,-1.0,5.7999,1.0
开局中奖,2,2,1.0,4,-1.0,5.9788,1.0
开局为,2,2,0.5,3,-1.0,2.1613,1.0
开局具现,2,2,0.5,4,-1.0,5.9788,1.0
开局召唤,2,2,0.5,4,-1.0,3.9739,1.0
开局合成,2,2,0.5,4,-1.0,5.452,1.0
开局奖励,2,2,0.5,4,-1.0,5.9374,1.0
开局拯救,2,2,0.5,4,-1.0,5.7999,1.0
开局捡到,2,2,0.5,4,-1.0,5.6744,1.0
开局接待,2,2,0.5,4,-1.0,5.9788,1.0
开局时,2,2,1.0,3,1.0,1.7358,1.0
开局盘,2,2,0.5,3,-1.0,4.7999,1.0
开局给,2,2,0.5,3,-1.0,4.3051,1.0
开局被唐,2,2,0.5,4,-1.0,5.9788,1.0
开局请,2,2,0.5,3,-1.0,3.5869,1.0
开局顶,2,2,0.5,3,-1.0,3.9018,1.0
开挂了,2,2,0.5,3,-1.0,4.3398,1.0
开挂后,2,2,1.0,3,-1.0,5.9788,1.0
开端,2,2,0.5,2,-1.0,3.9788,1.0
异世界生,2,2,0.5,4,1.0,2.7336,1.0
异世药,2,2,0.5,3,-1.0,6.6627,1.0
异复苏,2,2,0.5,3,-1.0,5.4814,1.0
异界游,2,2,0.5,3,-1.0,3.5297,1.0
异维,2,2,0.5,2,-1.0,5.2058,1.0
异闻录,2,2,0.5,3,-1.0,7.7294,1.0
弃妇的,2,2,0.5,3,-1.0,5.1287,1.0
弟子全是大,2,2,1.0,5,1.0,5.71,1.0
弟都,2,2,0.5,2,1.0,4.6197,1.0
强到离谱,2,2,0.5,4,-1.0,8.9615,1.0
当什么,2,2,0.5,3,1.0,2.67,1.0
当作,2,2,0.5,2,1.0,4.0623,1.0
当偶像,2,2,1.0,3,1.0,5.8924,1.0
当剑仙,2,2,0.5,3,-1.0,4.67,1.0
当医生,2,2,1.0,3,-1.0,4.4773,1.0
当好,2,2,0.5,2,1.0,2.3481,1.0
当巨星,2,2,0.5,3,-1.0,3.8144,1.0
当差,2,2,1.0,2,1.0,6.0623,1.0
当教主,2,2,0.5,3,-1.0,6.0623,1.0
当火影,2,2,0.5,3,-1.0,2.7225,1.0
当爹,2,2,0.5,2,1.0,5.4773,1.0
当王爷,2,2,0.5,3,-1.0,8.0623,1.0
当神仙,2,2,0.5,3,-1.0,5.0319,1.0
当神父,2,2,0.5,3,-1.0,8.0623,1.0
当老师,2,2,0.5,3,-1.0,5.8924,1.0
当财阀,2,2,0.5,3,-1.0,6.2549,1.0
当过,2,2,0.5,2,-1.0,3.0623,1.0
当闲,2,2,0.5,2,1.0,3.8529,1.0
影教,2,2,0.5,2,1.0,2.6328,1.0
影视世界从,2,2,0.5,5,-1.0,3.2682,1.0
影视世界大,2,2,0.5,5,-1.0,3.295,1.0
影视剧,2,2,0.5,3,-1.0,6.9026,1.0
影视诸天,2,2,1.0,4,-1.0,4.6832,1.0
影风,2,2,0.5,2,1.0,3.1303,1.0
征战,2,2,0.5,2,-1.0,5.5294,1.0
征服之路,2,2,1.0,4,-1.0,9.6534,1.0
征服者,2,2,0.5,3,-1.0,6.8835,1.0
待在,2,2,0.5,2,1.0,5.6832,1.0
徒万倍返还,2,2,0.5,5,-1.0,10.2664,1.0
御兽从,2,2,0.5,3,-1.0,3.0202,1.0
御兽仙族,2,2,0.0,4,-1.0,9.5465,1.0
御猫,2,2,0.5,2,-1.0,7.4251,1.0
徽章,2,2,0.5,2,-1.0,12.6169,1.0
心态崩了,2,2,0.5,4,-1.0,6.7993,1.0
心灵,2,2,0.5,2,1.0,4.0489,1.0
心理,2,2,0.5,2,1.0,5.8303,1.0
心魔,2,2,1.0,2,-1.0,2.9355,1.0
必有,2,2,0.5,2,1.0,5.345,1.0
必被,2,2,0.5,2,1.0,6.5846,1.0
快穿之,2,2,0.5,3,-1.0,5.304,1.0
忽悠老,2,2,0.5,3,1.0,7.4835,1.0
怎么成真了,2,2,0.5,5,-1.0,6.7993,1.0
怎么是,2,2,0.5,3,1.0,2.1403,1.0
急了,2,2,0.5,2,-1.0,5.2143,1.0
性能,2,2,0.5,2,1.0,3.4308,1.0
总想,2,2,0.5,2,1.0,5.295,1.0
总是,2,2,0.5,2,1.0,3.701,1.0
总有,2,2,0.5,2,-1.0,4.4825,1.0
总管,2,2,0.5,2,-1.0,7.862,1.0
恋爱模拟,2,2,0.5,4,1.0,5.9269,1.0
恋爱系,2,2,1.0,3,1.0,4.3419,1.0
恐怖片,2,2,1.0,3,1.0,8.779,1.0
恭喜,2,2,0.5,2,-1.0,10.71,1.0
恶毒,2,2,0.5,2,-1.0,7.0229,1.0
恶灵,2,2,1.0,2,1.0,4.6339,1.0
恶魔法则,2,2,1.0,4,-1.0,10.3241,1.0
悠闲人生,2,2,1.0,4,-1.0,5.7336,1.0
悠闲修,2,2,0.5,3,-1.0,4.7577,1.0
您完全不按套路,2,2,0.5,7,-1.0,9.6534,1.0
情年代,2,2,0.5,3,-1.0,5.6237,1.0
惟我,2,2,0.5,2,-1.0,5.0692,1.0
想下,2,2,0.5,2,1.0,2.4876,1.0
想为,2,2,0.5,2,1.0,2.5189,1.0
想作死,2,2,0.5,3,-1.0,7.0319,1.0
想做演员,2,2,0.5,4,-1.0,8.0319,1.0
想加,2,2,0.5,2,1.0,3.447,1.0
想当明星,2,2,0.5,4,1.0,5.9687,1.0
想当超,2,2,0.5,3,1.0,4.1099,1.0
想着,2,2,0.5,2,1.0,4.5294,1.0
想长生不,2,2,0.5,4,1.0,6.0319,1.0
惹那,2,2,0.5,2,1.0,8.6396,1.0
意外,2,2,0.5,2,1.0,7.2315,1.0
意志,2,2,0.5,2,-1.0,7.779,1.0
慈善大王什么鬼,2,2,0.0,7,-1.0,9.9846,1.0
戏啊,2,2,0.5,2,-1.0,3.0628,1.0
成为人生赢家,2,2,0.5,6,-1.0,7.3881,1.0
成为大,2,2,0.5,3,1.0,1.8687,1.0
成为最,2,2,0.5,3,1.0,4.57,1.0
成为道,2,2,1.0,3,1.0,3.2225,1.0
成了仙子的,2,2,0.5,5,1.0,5.7136,1.0
成了国,2,2,0.5,3,1.0,2.4991,1.0
成了我的,2,2,0.5,4,1.0,2.2149,1.0
成了日,2,2,0.5,3,1.0,3.1976,1.0
成了科技,2,2,0.5,4,1.0,4.7484,1.0
成人间,2,2,0.5,3,1.0,3.9958,1.0
成功后,2,2,0.5,3,-1.0,7.3881,1.0
成圣人,2,2,0.5,3,-1.0,3.1161,1.0
成大佬,2,2,0.5,3,-1.0,2.8031,1.0
成巨,2,2,0.5,2,1.0,2.2383,1.0
成神开始,2,2,0.5,4,-1.0,2.7307,1.0
成系男神,2,2,0.5,4,-1.0,5.2181,1.0
成计划,2,2,0.5,3,-1.0,6.0661,1.0
成这样,2,2,1.0,3,1.0,5.2181,1.0
成鱼,2,2,0.5,2,-1.0,3.6332,1.0
我上报国家,2,2,0.0,5,-1.0,5.0692,1.0
我不是那,2,2,0.5,4,-1.0,5.0692,1.0
我举世无,2,2,1.0,4,1.0,5.0692,1.0
我也要,2,2,1.0,3,1.0,5.0692,1.0
我于人间,2,2,0.5,4,-1.0,5.0692,1.0
我以为,2,2,0.5,3,-1.0,4.4843,1.0
我以剑道证超凡,2,2,0.0,7,-1.0,5.0692,1.0
我以女儿身闯荡,2,2,0.5,7,-1.0,5.0692,1.0
我以神,2,2,0.5,3,-1.0,2.9618,1.0
我修的,2,2,0.5,3,-1.0,2.6262,1.0
我偷,2,2,1.0,2,1.0,1.6098,1.0
我儿快,2,2,0.5,3,-1.0,5.0692,1.0
我全家都是,2,2,0.5,5,-1.0,5.0692,1.0
我具现了,2,2,0.5,4,-1.0,5.0692,1.0
我加入聊天群,2,2,1.0,6,-1.0,2.8993,1.0
我卖,2,2,1.0,2,1.0,2.0692,1.0
我反手,2,2,0.5,3,-1.0,3.4843,1.0
我只想安静的做,2,2,0.5,7,-1.0,5.0692,1.0
我只是想,2,2,0.5,4,-1.0,4.4843,1.0
我可以兑换,2,2,0.5,5,-1.0,5.0692,1.0
我可以无限,2,2,0.5,5,-1.0,3.7473,1.0
我咋,2,2,0.5,2,-1.0,3.4843,1.0
我在三国,2,2,0.5,4,-1.0,3.138,1.0
我在东京教,2,2,0.5,5,-1.0,5.0692,1.0
我在九叔世界,2,2,0.5,6,-1.0,5.0692,1.0
我在乱世词条,2,2,0.5,6,-1.0,5.0692,1.0
我在亮剑,2,2,0.5,4,-1.0,5.0692,1.0
我在人间,2,2,0.5,4,-1.0,4.8955,1.0
我在俄,2,2,0.5,3,-1.0,5.0692,1.0
我在修仙界种,2,2,0.5,6,-1.0,5.0692,1.0
我在凡,2,2,0.5,3,-1.0,3.7028,1.0
我在北,2,2,0.5,3,-1.0,3.2619,1.0
我在古代有,2,2,0.5,5,-1.0,5.0692,1.0
我在大明当,2,2,0.5,5,-1.0,5.0692,1.0
我在天庭,2,2,0.5,4,-1.0,5.0692,1.0
我在妖魔世界,2,2,0.5,6,-1.0,5.0692,1.0
我在战锤,2,2,0.5,4,-1.0,4.3809,1.0
我在手,2,2,0.5,3,-1.0,2.059,1.0
我在星际,2,2,0.5,4,-1.0,4.8283,1.0
我在春秋,2,2,0.5,4,-1.0,5.0692,1.0
我在海贼,2,2,0.5,4,-1.0,3.4051,1.0
我在游戏王里,2,2,0.5,6,-1.0,5.0692,1.0
我在漫威,2,2,0.5,4,-1.0,2.8993,1.0
我在现代留过学,2,2,0.0,7,-1.0,5.0692,1.0
我在综武,2,2,0.5,4,-1.0,4.4843,1.0
我在美利坚,2,2,0.5,5,-1.0,4.4298,1.0
我在聊,2,2,0.5,3,-1.0,3.6439,1.0
我在英,2,2,0.5,3,-1.0,3.5873,1.0
我在锦衣卫,2,2,0.5,5,-1.0,5.0692,1.0
我在镇,2,2,0.5,3,-1.0,4.5329,1.0
我在黄泉,2,2,0.5,4,-1.0,5.0692,1.0
我夺舍了,2,2,0.5,4,-1.0,4.4843,1.0
我女儿,2,2,0.5,3,-1.0,2.6098,1.0
我女友是,2,2,1.0,4,-1.0,2.7473,1.0
我家后,2,2,0.5,3,-1.0,4.4843,1.0
我家客,2,2,0.5,3,-1.0,5.0692,1.0
我家徒弟,2,2,0.5,4,-1.0,5.0692,1.0
我家老,2,2,0.5,3,-1.0,4.0692,1.0
我屠龙,2,2,0.5,3,-1.0,2.8993,1.0
我已,2,2,0.5,2,-1.0,2.4843,1.0
我师兄,2,2,0.5,3,-1.0,2.4843,1.0
我开摆,2,2,1.0,3,1.0,5.0692,1.0
我必须,2,2,0.5,3,-1.0,3.7473,1.0
我怎么办,2,2,0.5,4,-1.0,2.1623,1.0
我想做个好人,2,2,1.0,6,-1.0,5.0692,1.0
我慕容复,2,2,1.0,4,-1.0,5.0692,1.0
我成了一,2,2,0.5,4,-1.0,2.8257,1.0
我成了顶流,2,2,0.0,5,-1.0,5.0692,1.0
我才不是,2,2,0.5,4,-1.0,3.7473,1.0
我才不要,2,2,0.5,4,-1.0,4.4843,1.0
我才几,2,2,0.5,3,-1.0,5.0692,1.0
我技能,2,2,0.5,3,-1.0,1.5457,1.0
我抢了,2,2,0.5,3,-1.0,5.0692,1.0
我拍,2,2,0.5,2,-1.0,1.8993,1.0
我是仙,2,2,1.0,3,-1.0,1.71,1.0
我是修仙,2,2,0.5,4,1.0,3.4773,1.0
我是反派,2,2,0.0,4,-1.0,4.0692,1.0
我是异界,2,2,0.5,4,-1.0,5.0692,1.0
我是真,2,2,0.5,3,-1.0,2.7404,1.0
我有一个大,2,2,0.5,5,-1.0,3.125,1.0
我有一个游戏,2,2,0.5,6,-1.0,5.0692,1.0
我有一张,2,2,0.5,4,-1.0,5.0692,1.0
我有一棵,2,2,0.5,4,-1.0,5.0692,1.0
我有三,2,2,0.5,3,-1.0,3.4246,1.0
我有无数神,2,2,0.5,5,-1.0,5.0692,1.0
我有无限,2,2,0.5,4,-1.0,4.0535,1.0
我有装备栏,2,2,1.0,5,-1.0,5.0692,1.0
我来自,2,2,0.5,3,-1.0,2.0692,1.0
我每月,2,2,0.5,3,-1.0,3.7473,1.0
我的人生,2,2,0.5,4,-1.0,2.0647,1.0
我的修道,2,2,0.5,4,-1.0,4.0692,1.0
我的光,2,2,0.5,3,-1.0,2.1296,1.0
我的兵种,2,2,0.5,4,-1.0,5.0692,1.0
我的卡,2,2,0.5,3,-1.0,2.7145,1.0
我的原始,2,2,0.5,4,1.0,5.0692,1.0
我的天赋,2,2,0.5,4,-1.0,3.9875,1.0
我的夫人,2,2,0.5,4,-1.0,5.0692,1.0
我的女友是恶,2,2,0.5,6,-1.0,5.0692,1.0
我的妹妹,2,2,0.5,4,-1.0,5.0692,1.0
我的姐,2,2,0.5,3,-1.0,3.4026,1.0
我的姑,2,2,0.5,3,-1.0,5.0692,1.0
我的属性,2,2,0.5,4,-1.0,4.0489,1.0
我的师父,2,2,0.5,4,-1.0,5.0692,1.0
我的御兽,2,2,0.5,4,-1.0,4.3246,1.0
我的忍术,2,2,0.5,4,-1.0,5.0692,1.0
我的恋爱,2,2,0.5,4,-1.0,3.4432,1.0
我的悟性,2,2,0.5,4,-1.0,4.5725,1.0
我的情报,2,2,0.5,4,-1.0,4.4843,1.0
我的成就,2,2,0.5,4,-1.0,5.0692,1.0
我的投,2,2,0.5,3,-1.0,4.7651,1.0
我的文艺时代,2,2,0.0,6,-1.0,4.4843,1.0
我的时代,2,2,0.0,4,-1.0,2.0806,1.0
我的时空,2,2,0.5,4,-1.0,4.1802,1.0
我的明星,2,2,0.5,4,-1.0,2.6899,1.0
我的末世,2,2,0.5,4,-1.0,3.0806,1.0
我的末日,2,2,0.5,4,-1.0,3.8721,1.0
我的梦境,2,2,0.5,4,-1.0,5.0692,1.0
我的武道,2,2,0.5,4,-1.0,3.2506,1.0
我的物品能升级,2,2,0.0,7,-1.0,5.0692,1.0
我的生活,2,2,0.5,4,-1.0,2.6899,1.0
我的粉丝,2,2,0.5,4,-1.0,5.0692,1.0
我的职业面板,2,2,0.5,6,-1.0,5.0692,1.0
我的舅舅,2,2,0.5,4,-1.0,5.0692,1.0
我的艺人,2,2,0.5,4,-1.0,4.4843,1.0
我的谍战,2,2,0.5,4,-1.0,4.0692,1.0
我的身份,2,2,0.5,4,-1.0,4.0692,1.0
我的邻居,2,2,0.5,4,-1.0,5.0692,1.0
我的金,2,2,0.5,3,-1.0,1.9578,1.0
我的青,2,2,0.5,3,-1.0,2.7911,1.0
我的魔法,2,2,0.5,4,-1.0,3.0692,1.0
我直接,2,2,0.5,3,-1.0,4.4843,1.0
我真不想当天,2,2,0.5,6,-1.0,5.0692,1.0
我真不是大,2,2,0.5,5,-1.0,2.8355,1.0
我真得控制你了,2,2,0.0,7,-1.0,5.0692,1.0
我真是大,2,2,0.5,4,-1.0,3.295,1.0
我真没有,2,2,0.5,4,-1.0,4.4825,1.0
我真的不是,2,2,0.5,5,-1.0,5.0229,1.0
我真的只想,2,2,0.5,5,-1.0,5.0692,1.0
我真的是正,2,2,0.5,5,-1.0,5.0692,1.0
我真要,2,2,0.5,3,-1.0,4.0203,1.0
我神明,2,2,0.5,3,-1.0,2.0692,1.0
我种田,2,2,1.0,3,-1.0,1.6098,1.0
我竟成了,2,2,1.0,4,1.0,5.0692,1.0
我绑,2,2,0.5,2,-1.0,3.0692,1.0
我继承了游戏里的,2,2,0.5,8,-1.0,5.0692,1.0
我老婆是天,2,2,0.5,5,-1.0,4.4671,1.0
我考,2,2,1.0,2,1.0,2.3688,1.0
我能升级,2,2,0.5,4,-1.0,3.2619,1.0
我能召唤,2,2,0.5,4,-1.0,5.0692,1.0
我能回到,2,2,0.5,4,-1.0,5.0692,1.0
我能无限,2,2,0.5,4,-1.0,4.0692,1.0
我获得,2,2,0.5,3,-1.0,2.0692,1.0
我被曝光了,2,2,1.0,5,-1.0,4.4843,1.0
我要死了,2,2,0.0,4,-1.0,5.0692,1.0
我觉醒了,2,2,0.5,4,-1.0,5.0692,1.0
我赐,2,2,1.0,2,1.0,4.0692,1.0
我躺,2,2,1.0,2,1.0,3.0692,1.0
我这是,2,2,0.5,3,-1.0,3.2619,1.0
我进入,2,2,0.5,3,-1.0,3.0692,1.0
战争游戏,2,2,0.5,4,-1.0,5.7993,1.0
战五,2,2,0.5,2,1.0,3.973,1.0
战地,2,2,0.5,2,-1.0,2.6862,1.0
战无,2,2,0.5,2,1.0,1.5347,1.0
战舰,2,2,0.5,2,-1.0,5.6169,1.0
房东,2,2,0.5,2,-1.0,6.0547,1.0
房产大,2,2,0.5,3,-1.0,6.295,1.0
房间,2,2,1.0,2,1.0,6.1036,1.0
扉间,2,2,0.5,2,1.0,9.4959,1.0
手开始的,2,2,0.5,4,1.0,3.7327,1.0
手艺人,2,2,1.0,3,-1.0,6.5084,1.0
才出道,2,2,0.5,3,-1.0,7.6488,1.0
才知,2,2,1.0,2,1.0,5.2105,1.0
才艺,2,2,0.5,2,-1.0,4.852,1.0
打下一个,2,2,0.5,4,1.0,7.7589,1.0
打扰,2,2,0.5,2,1.0,9.3997,1.0
打破,2,2,0.5,2,1.0,4.7272,1.0
打网球啊,2,2,0.5,4,-1.0,9.3389,1.0
打职业啊,2,2,0.5,4,-1.0,8.017,1.0
打造完美,2,2,0.5,4,1.0,7.7148,1.0
打造最强,2,2,0.5,4,-1.0,6.216,1.0
托身,2,2,0.5,2,-1.0,7.445,1.0
执掌天,2,2,0.5,3,-1.0,5.1452,1.0
扶摇,2,2,1.0,2,-1.0,12.7689,1.0
承包商,2,2,0.5,3,-1.0,9.8944,1.0
技师,2,2,0.5,2,-1.0,1.8978,1.0
技术,2,2,1.0,2,1.0,4.0022,1.0
技能树,2,2,0.5,3,-1.0,8.0933,1.0
技能点,2,2,0.5,3,-1.0,6.0229,1.0
把低武练成了仙武,2,2,0.5,8,-1.0,7.9165,1.0
把法官送进去了,2,2,1.0,7,-1.0,6.7993,1.0
抗战之,2,2,0.5,3,-1.0,3.8446,1.0
抗日之铁血,2,2,0.5,5,-1.0,10.3241,1.0
护人,2,2,0.5,2,-1.0,4.1864,1.0
报告,2,2,1.0,2,-1.0,9.2246,1.0
抽到,2,2,0.5,2,1.0,4.429,1.0
抽卡成,2,2,0.5,3,-1.0,5.2181,1.0
拒绝后,2,2,0.5,3,-1.0,7.0229,1.0
拜见,2,2,0.5,2,-1.0,7.9615,1.0
择日,2,2,0.5,2,-1.0,5.8547,1.0
拳之,2,2,0.5,2,-1.0,2.1747,1.0
拳坛,2,2,0.5,2,-1.0,7.2246,1.0
拷问,2,2,0.5,2,1.0,10.5126,1.0
拼搏年代,2,2,0.0,4,-1.0,8.2384,1.0
挖了,2,2,0.5,2,1.0,4.3398,1.0
捡了一,2,2,0.5,3,-1.0,6.5627,1.0
捡到一个,2,2,0.5,4,-1.0,6.1739,1.0
捡到一只,2,2,0.5,4,-1.0,7.3095,1.0
掀起,2,2,0.5,2,1.0,9.0501,1.0
掉了,2,2,0.5,2,-1.0,4.2143,1.0
掉宝,2,2,0.5,2,-1.0,7.2878,1.0
掌控者,2,2,0.5,3,-1.0,6.8835,1.0
掌教,2,2,0.5,2,1.0,5.2246,1.0
接地气,2,2,0.5,3,-1.0,9.9846,1.0
推了,2,2,0.5,2,1.0,3.4773,1.0
提供,2,2,0.5,2,1.0,7.71,1.0
提督,2,2,0.5,2,-1.0,9.0319,1.0
提示,2,2,0.5,2,-1.0,9.6169,1.0
搞科,2,2,0.5,2,1.0,6.8487,1.0
摄政天下,2,2,0.0,4,-1.0,8.8095,1.0
摸底,2,2,1.0,2,1.0,9.0319,1.0
摸鱼的日子,2,2,0.5,5,-1.0,7.973,1.0
收了,2,2,0.5,2,1.0,2.8924,1.0
收容,2,2,0.5,2,1.0,8.71,1.0
收租,2,2,1.0,2,1.0,10.0319,1.0
收集,2,2,0.5,2,1.0,9.2246,1.0
放开那个,2,2,0.5,4,-1.0,7.7589,1.0
放牧,2,2,0.5,2,1.0,9.0319,1.0
救世主啊,2,2,0.5,4,-1.0,6.8795,1.0
教你们,2,2,0.5,3,1.0,6.2664,1.0
教员,2,2,0.5,2,-1.0,5.1839,1.0
教太子,2,2,1.0,3,1.0,6.1059,1.0
教学,2,2,0.5,2,-1.0,3.0685,1.0
数值,2,2,0.5,2,1.0,9.3539,1.0
整活儿,2,2,1.0,3,1.0,9.6909,1.0
整蛊,2,2,0.5,2,-1.0,9.862,1.0
整顿,2,2,1.0,2,1.0,11.447,1.0
文体,2,2,0.5,2,-1.0,4.5449,1.0
文圣,2,2,0.5,2,-1.0,3.0912,1.0
文娱从,2,2,0.5,3,-1.0,2.5133,1.0
文字,2,2,0.5,2,1.0,7.2611,1.0
文盲,2,2,0.5,2,1.0,7.7465,1.0
斗破苍穹,2,2,1.0,4,-1.0,8.1739,1.0
斗罗之我的武魂是,2,2,0.5,8,-1.0,7.0229,1.0
斩妖除魔,2,2,0.5,4,1.0,8.044,1.0
斩鬼神,2,2,0.5,3,-1.0,6.6057,1.0
斯的,2,2,0.5,2,1.0,1.7136,1.0
新一,2,2,0.5,2,1.0,2.3403,1.0
方丈,2,2,0.5,2,-1.0,9.2246,1.0
方式,2,2,0.5,2,-1.0,8.1091,1.0
方知是,2,2,0.5,3,-1.0,6.438,1.0
旅行者,2,2,0.5,3,-1.0,7.0762,1.0
旅途,2,2,0.5,2,-1.0,6.936,1.0
族无,2,2,0.5,2,1.0,2.4644,1.0
无人不,2,2,0.5,3,1.0,6.5347,1.0
无妖,2,2,0.5,2,-1.0,1.9619,1.0
无意,2,2,0.5,2,1.0,4.3972,1.0
无所,2,2,1.0,2,1.0,4.3972,1.0
无敌天,2,2,0.5,3,-1.0,1.5364,1.0
无数个我同时,2,2,0.5,6,-1.0,7.8567,1.0
无良,2,2,0.5,2,-1.0,4.2128,1.0
无限制,2,2,0.5,3,-1.0,4.6665,1.0
无限就职,2,2,1.0,4,-1.0,7.8567,1.0
无限恐怖之,2,2,0.5,5,-1.0,5.719,1.0
无限轮回,2,2,1.0,4,-1.0,5.6385,1.0
日超,2,2,0.5,2,1.0,1.8137,1.0
时代变了,2,2,0.0,4,-1.0,6.7993,1.0
时代巨,2,2,0.5,3,-1.0,4.2972,1.0
时候,2,2,0.5,2,1.0,8.4153,1.0
时归,2,2,0.5,2,-1.0,4.0229,1.0
时空酒馆,2,2,1.0,4,-1.0,8.4153,1.0
昆仑,2,2,0.5,2,-1.0,14.9388,1.0
明君,2,2,0.5,2,-1.0,2.438,1.0
明很,2,2,0.5,2,1.0,3.5465,1.0
明日之,2,2,0.5,3,-1.0,4.9821,1.0
明明超强却,2,2,1.0,5,1.0,7.5465,1.0
明星爱,2,2,0.5,3,1.0,5.0338,1.0
明朝当暴君,2,2,0.5,5,-1.0,7.5465,1.0
星之主,2,2,0.5,3,-1.0,4.0808,1.0
星传奇,2,2,0.5,3,-1.0,3.7294,1.0
星夫,2,2,0.5,2,1.0,3.2109,1.0
星奶爸,2,2,0.5,3,-1.0,5.1315,1.0
星很,2,2,0.5,2,1.0,3.9388,1.0
星战,2,2,0.5,2,-1.0,1.6169,1.0
星来,2,2,0.5,2,1.0,1.5813,1.0
星门,2,2,1.0,2,-1.0,1.6909,1.0
星际争霸,2,2,1.0,4,-1.0,7.9388,1.0
春色,2,2,0.5,2,-1.0,6.6604,1.0
昭烈,2,2,1.0,2,1.0,11.5465,1.0
是为了,2,2,0.5,3,1.0,4.853,1.0
是二,2,2,0.5,2,1.0,2.0006,1.0
是人类,2,2,0.5,3,-1.0,4.2156,1.0
是人间,2,2,1.0,3,1.0,3.6306,1.0
是什么鬼,2,2,0.5,4,-1.0,3.4994,1.0
是全能大,2,2,0.5,4,1.0,6.0229,1.0
是剑仙,2,2,0.5,3,-1.0,3.6306,1.0
是剑神,2,2,0.5,3,-1.0,5.0207,1.0
是千,2,2,0.5,2,1.0,2.0457,1.0
是天仙妈,2,2,0.5,4,-1.0,7.0229,1.0
是天王,2,2,0.5,3,-1.0,4.2156,1.0
是如,2,2,0.5,2,1.0,3.4994,1.0
是妖怪,2,2,0.5,3,-1.0,4.853,1.0
是学霸,2,2,0.5,3,-1.0,2.701,1.0
是富二代,2,2,0.5,4,-1.0,6.0229,1.0
是封神,2,2,0.5,3,-1.0,3.5635,1.0
是巨星,2,2,0.5,3,-1.0,2.775,1.0
是幕后大佬,2,2,0.5,5,-1.0,6.438,1.0
是恋爱,2,2,0.5,3,1.0,2.8937,1.0
是抽象,2,2,0.5,3,1.0,5.701,1.0
是李,2,2,0.5,2,1.0,3.3225,1.0
是模,2,2,0.5,2,1.0,1.7375,1.0
是正经,2,2,0.5,3,1.0,3.9355,1.0
是没人要,2,2,0.5,4,-1.0,7.0229,1.0
是活阎王,2,2,0.5,4,-1.0,7.0229,1.0
是深,2,2,0.5,2,1.0,2.701,1.0
是玩,2,2,0.5,2,1.0,1.5967,1.0
是神话,2,2,0.5,3,1.0,2.1161,1.0
是精神病,2,2,0.5,4,-1.0,5.0229,1.0
是绝,2,2,0.5,2,1.0,1.9569,1.0
是西游,2,2,0.5,3,-1.0,2.4684,1.0
是谁,2,2,0.5,2,-1.0,2.2156,1.0
是邪神,2,2,0.5,3,-1.0,4.853,1.0
是魔教教主,2,2,0.5,5,-1.0,6.438,1.0
晚年,2,2,0.5,2,-1.0,5.1234,1.0
晚明,2,2,1.0,2,-1.0,4.459,1.0
普通,2,2,0.5,2,1.0,8.0933,1.0
智能,2,2,0.5,2,-1.0,3.9872,1.0
暗主宰,2,2,0.5,3,-1.0,8.4876,1.0
暗部,2,2,1.0,2,1.0,8.71,1.0
曙光,2,2,0.5,2,-1.0,9.4959,1.0
最初,2,2,0.5,2,-1.0,5.9963,1.0
最后的地球,2,2,0.5,5,-1.0,8.9054,1.0
最强肉,2,2,0.5,3,1.0,6.3315,1.0
最狠暴君,2,2,0.5,4,-1.0,8.9963,1.0
最长,2,2,0.5,2,-1.0,2.2215,1.0
有些,2,2,0.5,2,1.0,4.6345,1.0
有亿点,2,2,0.5,3,1.0,7.2194,1.0
有外挂,2,2,1.0,3,1.0,5.104,1.0
有大帝之,2,2,0.5,4,1.0,6.304,1.0
有大问题,2,2,0.5,4,-1.0,7.8044,1.0
有奖励,2,2,0.5,3,-1.0,5.4825,1.0
有套房,2,2,0.5,3,-1.0,7.8044,1.0
有座,2,2,0.5,2,1.0,3.519,1.0
有点不对劲,2,2,0.5,5,-1.0,7.8044,1.0
有点稳,2,2,0.5,3,-1.0,7.8044,1.0
有特,2,2,0.5,2,1.0,3.132,1.0
有福,2,2,0.5,2,-1.0,3.76,1.0
有红警基地,2,2,0.5,5,1.0,7.8044,1.0
有那么,2,2,0.5,3,1.0,7.8044,1.0
朕又,2,2,0.5,2,-1.0,7.8303,1.0
朕真,2,2,0.5,2,-1.0,4.5387,1.0
望族,2,2,0.5,2,-1.0,6.7391,1.0
望清单,2,2,0.5,3,-1.0,11.0319,1.0
朝九晚五,2,2,0.0,4,-1.0,9.71,1.0
朝完美,2,2,0.5,3,1.0,6.1864,1.0
朝廷鹰犬,2,2,0.5,4,-1.0,9.71,1.0
木匠皇帝,2,2,0.5,4,-1.0,8.2593,1.0
木叶之最强,2,2,0.5,5,-1.0,7.0319,1.0
未来可期,2,2,1.0,4,-1.0,10.7689,1.0
未来的,2,2,0.5,3,1.0,1.9587,1.0
末世重生,2,2,0.5,4,-1.0,3.0633,1.0
末日文,2,2,0.5,3,1.0,5.368,1.0
末法时代的,2,2,0.5,5,-1.0,4.7136,1.0
本后,2,2,1.0,2,1.0,3.3791,1.0
本座,2,2,0.5,2,-1.0,5.4246,1.0
术没有上限,2,2,0.5,5,-1.0,8.295,1.0
术直播间,2,2,0.5,4,-1.0,7.447,1.0
朱门,2,2,0.5,2,-1.0,4.8329,1.0
朽世,2,2,0.5,2,1.0,4.7251,1.0
杀星,2,2,1.0,2,1.0,3.0081,1.0
杀疯了,2,2,0.5,3,-1.0,6.7993,1.0
杀神,2,2,1.0,2,-1.0,1.6749,1.0
杂鱼,2,2,1.0,2,1.0,9.3766,1.0
李承乾,2,2,1.0,3,1.0,11.2384,1.0
李相赫,2,2,1.0,3,1.0,11.2384,1.0
村的,2,2,0.5,2,1.0,2.3213,1.0
来当,2,2,0.5,2,1.0,1.7048,1.0
来打,2,2,0.5,2,1.0,3.0421,1.0
来求,2,2,0.5,2,1.0,3.9666,1.0
极传,2,2,0.5,2,1.0,4.3033,1.0
极品修真,2,2,0.5,4,-1.0,8.0623,1.0
极品天,2,2,0.5,3,-1.0,3.1452,1.0
极品直播之,2,2,0.5,5,-1.0,6.304,1.0
林的,2,2,0.5,2,1.0,1.9587,1.0
某科学的,2,2,0.5,4,-1.0,5.7136,1.0
柯南里的,2,2,0.5,4,-1.0,5.7136,1.0
校教,2,2,0.5,2,1.0,5.4959,1.0
校的,2,2,0.5,2,1.0,1.8556,1.0
根本,2,2,0.5,2,1.0,7.5401,1.0
梅西,2,2,1.0,2,1.0,6.9905,1.0
梦大师,2,2,0.5,3,-1.0,5.6992,1.0
梦幻西游,2,2,0.5,4,-1.0,7.922,1.0
梦时代,2,2,0.5,3,-1.0,4.4928,1.0
械主宰,2,2,0.5,3,-1.0,9.431,1.0
检察官,2,2,0.5,3,-1.0,9.8095,1.0
楚氏,2,2,0.5,2,-1.0,10.9615,1.0
概念神,2,2,1.0,3,-1.0,6.0207,1.0
模拟长生路,2,2,0.5,5,-1.0,9.4712,1.0
模板开始,2,2,0.5,4,-1.0,3.6782,1.0
横刀,2,2,0.5,2,-1.0,6.6814,1.0
横推万界,2,2,1.0,4,-1.0,7.1607,1.0
横推从,2,2,0.5,3,-1.0,3.6832,1.0
次元壁,2,2,0.5,3,-1.0,9.447,1.0
次元聊天群,2,2,0.5,5,-1.0,7.6814,1.0
欺诈,2,2,1.0,2,1.0,12.3539,1.0
歌土,2,2,0.5,2,-1.0,7.8461,1.0
歌手开始,2,2,0.5,4,-1.0,5.4856,1.0
正常玩,2,2,0.5,3,1.0,6.3426,1.0
正得发邪,2,2,0.5,4,-1.0,9.7294,1.0
正法,2,2,0.5,2,-1.0,3.363,1.0
正能量,2,2,0.5,3,-1.0,9.1444,1.0
此人,2,2,0.5,2,-1.0,3.701,1.0
此刻,2,2,1.0,2,1.0,9.9615,1.0
武侠世界大,2,2,0.5,5,-1.0,3.973,1.0
武侠仙侠世界,2,2,0.5,6,-1.0,7.1607,1.0
武侠江湖,2,2,0.5,4,-1.0,7.862,1.0
武僧在,2,2,0.5,3,1.0,6.4202,1.0
武圣从,2,2,0.5,3,-1.0,3.0202,1.0
武士,2,2,0.5,2,-1.0,2.707,1.0
武太,2,2,0.5,2,1.0,1.678,1.0
武林盟主,2,2,0.5,4,-1.0,7.9165,1.0
武林神话,2,2,0.5,4,-1.0,7.862,1.0
武纪元,2,2,0.5,3,-1.0,4.829,1.0
武道登神,2,2,1.0,4,-1.0,6.6057,1.0
武道长生,2,2,1.0,4,-1.0,4.6627,1.0
武魂殿,2,2,1.0,3,1.0,7.3315,1.0
死不,2,2,0.5,2,1.0,1.507,1.0
死你们,2,2,0.5,3,-1.0,6.1234,1.0
死者,2,2,0.5,2,1.0,3.1556,1.0
殷商,2,2,1.0,2,1.0,10.4794,1.0
每月一个,2,2,1.0,4,1.0,7.7589,1.0
比赛,2,2,1.0,2,1.0,8.2246,1.0
氏春秋,2,2,0.5,3,-1.0,10.9615,1.0
气仙,2,2,1.0,2,1.0,2.0777,1.0
气哭,2,2,1.0,2,1.0,6.7367,1.0
气朝,2,2,0.5,2,1.0,4.7558,1.0
气逼人,2,2,0.5,3,-1.0,6.5084,1.0
水元成,2,2,0.5,3,-1.0,7.3881,1.0
求你别,2,2,1.0,3,1.0,9.3241,1.0
求我别,2,2,0.5,3,1.0,8.1542,1.0
求放过,2,2,0.5,3,-1.0,9.9388,1.0
求求你,2,2,0.5,3,-1.0,7.2664,1.0
求长生,2,2,0.5,3,-1.0,4.3699,1.0
汉子,2,2,0.5,2,-1.0,3.4812,1.0
江山美人,2,2,0.5,4,-1.0,5.9234,1.0
沙漠,2,2,0.5,2,1.0,13.1315,1.0
没有假期,2,2,0.5,4,-1.0,9.3842,1.0
没有兴趣,2,2,0.5,4,-1.0,8.7993,1.0
没有瓶颈,2,2,0.5,4,-1.0,9.3842,1.0
没有英灵的我只能,2,2,0.5,8,-1.0,8.0746,1.0
没落网,2,2,0.5,3,-1.0,8.7993,1.0
河之上,2,2,0.5,3,-1.0,7.4959,1.0
河图,2,2,0.5,2,-1.0,7.0022,1.0
泉有,2,2,0.5,2,1.0,5.8044,1.0
法修,2,2,0.5,2,1.0,1.5613,1.0
法力无边,2,2,0.5,4,-1.0,8.5725,1.0
法开始肝,2,2,0.5,4,1.0,6.7651,1.0
法无天,2,2,0.5,3,-1.0,5.8822,1.0
泡沫时代,2,2,0.5,4,-1.0,8.2384,1.0
洗白,2,2,1.0,2,1.0,8.862,1.0
活着,2,2,1.0,2,1.0,5.3278,1.0
派大,2,2,0.5,2,1.0,1.6803,1.0
派的我,2,2,0.5,3,1.0,3.4843,1.0
流窜,2,2,0.5,2,-1.0,9.71,1.0
流金,2,2,0.5,2,-1.0,4.0953,1.0
浪了,2,2,0.5,2,-1.0,3.0988,1.0
浪到失联,2,2,0.0,4,-1.0,10.1059,1.0
浴血,2,2,0.5,2,-1.0,9.7391,1.0
海克斯,2,2,0.5,3,1.0,8.435,1.0
海军,2,2,0.5,2,1.0,3.8301,1.0
海扬帆,2,2,0.5,3,-1.0,8.435,1.0
海提,2,2,0.5,2,1.0,4.698,1.0
海贼世界,2,2,0.5,4,-1.0,3.0173,1.0
海贼王之,2,2,0.5,4,-1.0,4.4967,1.0
消失,2,2,0.5,2,1.0,10.0319,1.0
深渊入侵,2,2,0.0,4,-1.0,9.1509,1.0
混在漫威,2,2,0.5,4,-1.0,8.2315,1.0
混在美,2,2,0.5,3,-1.0,5.9171,1.0
混进,2,2,0.5,2,1.0,5.5241,1.0
混迹,2,2,0.5,2,1.0,7.6396,1.0
渊天,2,2,0.5,2,-1.0,3.0748,1.0
渔人,2,2,0.5,2,-1.0,3.6015,1.0
温暖的,2,2,0.5,3,-1.0,5.7136,1.0
港岛枭雄,2,2,1.0,4,-1.0,10.0562,1.0
港岛豪门,2,2,0.5,4,-1.0,8.6909,1.0
港综警,2,2,0.5,3,-1.0,6.3539,1.0
游之重,2,2,0.5,3,1.0,2.8257,1.0
游之金,2,2,0.5,3,1.0,5.0022,1.0
游乐场,2,2,0.5,3,-1.0,7.922,1.0
游戏公,2,2,1.0,3,1.0,4.0179,1.0
游戏帝国,2,2,0.5,4,-1.0,4.3398,1.0
游戏成真了,2,2,0.5,5,-1.0,6.2143,1.0
游戏面板,2,2,0.5,4,-1.0,5.0444,1.0
游诸天,2,2,0.5,3,-1.0,1.5733,1.0
游轮,2,2,0.5,2,-1.0,3.9678,1.0
源大,2,2,0.5,2,1.0,3.295,1.0
满仓,2,2,0.5,2,-1.0,8.9445,1.0
满天,2,2,0.5,2,1.0,1.7947,1.0
满的我,2,2,1.0,3,1.0,4.7907,1.0
满级导演,2,2,1.0,4,-1.0,8.2246,1.0
满贯,2,2,0.5,2,1.0,8.9445,1.0
演技,2,2,0.5,2,1.0,4.258,1.0
演游戏,2,2,0.5,3,-1.0,3.7332,1.0
漩涡面麻,2,2,0.5,4,-1.0,13.1315,1.0
漫威之,2,2,1.0,3,-1.0,2.0561,1.0
漫威里的,2,2,0.5,4,-1.0,5.7136,1.0
漫游,2,2,0.5,2,-1.0,2.1941,1.0
潇洒人生,2,2,0.5,4,-1.0,6.3186,1.0
火影之最强,2,2,0.5,5,-1.0,6.6921,1.0
灵帝国,2,2,0.5,3,-1.0,4.698,1.0
灵异,2,2,0.5,2,1.0,2.948,1.0
灵笼,2,2,0.0,2,-1.0,7.1575,1.0
炮灰不,2,2,0.5,3,-1.0,5.65,1.0
点满,2,2,1.0,2,1.0,4.8741,1.0
炼丹,2,2,0.5,2,1.0,7.2453,1.0
炼金手记,2,2,1.0,4,-1.0,9.5813,1.0
烽火之,2,2,0.5,3,1.0,5.304,1.0
然后成为,2,2,0.5,4,-1.0,8.8408,1.0
然成,2,2,0.5,2,1.0,3.4812,1.0
熟练度面板,2,2,0.5,5,-1.0,8.7245,1.0
爆肝,2,2,1.0,2,1.0,6.8972,1.0
爱情,2,2,0.5,2,1.0,5.3017,1.0
爱模拟器,2,2,0.5,4,-1.0,6.1091,1.0
父刘,2,2,0.5,2,1.0,7.2506,1.0
父是康熙,2,2,0.5,4,-1.0,9.5725,1.0
父皇,2,2,0.0,2,-1.0,4.3373,1.0
爹开始,2,2,0.5,3,-1.0,3.9006,1.0
片的,2,2,1.0,2,1.0,2.0132,1.0
版本太低,2,2,1.0,4,1.0,12.0319,1.0
物品栏,2,2,0.5,3,-1.0,9.5465,1.0
物来,2,2,0.5,2,1.0,3.189,1.0
物融合,2,2,1.0,3,1.0,7.0871,1.0
物资,2,2,0.5,2,-1.0,6.0871,1.0
特性,2,2,0.5,2,-1.0,5.6225,1.0
状元郎,2,2,1.0,3,-1.0,10.447,1.0
状态栏,2,2,0.5,3,-1.0,11.9388,1.0
狗都不,2,2,1.0,3,1.0,7.2349,1.0
独断万古,2,2,0.5,4,-1.0,9.672,1.0
独闯天涯,2,2,1.0,4,-1.0,10.6534,1.0
猎日,2,2,0.5,2,1.0,3.5327,1.0
玄幻世界,2,2,0.5,4,1.0,5.578,1.0
玄武,2,2,1.0,2,1.0,3.9165,1.0
王大人,2,2,0.5,3,1.0,5.698,1.0
玩具,2,2,1.0,2,1.0,7.5126,1.0
玩家请,2,2,0.5,3,-1.0,5.5115,1.0
玩家重,2,2,0.5,3,-1.0,2.3928,1.0
玩物人生,2,2,1.0,4,-1.0,6.3186,1.0
现在,2,2,0.5,2,-1.0,2.4202,1.0
球变,2,2,0.5,2,1.0,3.6016,1.0
球挖,2,2,0.5,2,1.0,6.446,1.0
球模拟,2,2,0.5,3,1.0,4.0228,1.0
球王,2,2,0.5,2,-1.0,2.124,1.0
生之不,2,2,0.5,3,1.0,1.6202,1.0
生从娶,2,2,0.5,3,1.0,4.9967,1.0
生手册,2,2,0.5,3,-1.0,3.5112,1.0
生武圣,2,2,0.5,3,-1.0,3.0707,1.0
生活技能,2,2,0.5,4,-1.0,6.3186,1.0
生白,2,2,0.5,2,1.0,1.5637,1.0
申公豹,2,2,0.5,3,-1.0,14.3539,1.0
电影世界大,2,2,0.5,5,-1.0,4.973,1.0
电影抽,2,2,0.5,3,1.0,7.936,1.0
电影的,2,2,0.5,3,-1.0,2.4657,1.0
电磁,2,2,0.5,2,-1.0,9.4794,1.0
电脑,2,2,0.5,2,-1.0,7.3919,1.0
电视剧,2,2,0.5,3,-1.0,9.4794,1.0
男主,2,2,0.5,2,-1.0,3.2384,1.0
画美,2,2,0.5,2,1.0,4.5692,1.0
界加点修行,2,2,0.5,5,-1.0,5.8388,1.0
界征服,2,2,0.5,3,1.0,5.1607,1.0
界末日,2,2,0.5,3,1.0,3.4603,1.0
界玩,2,2,0.5,2,1.0,1.7345,1.0
界登,2,2,0.5,2,1.0,3.5169,1.0
界长生不死,2,2,0.5,5,-1.0,4.9908,1.0
界高,2,2,0.5,2,1.0,1.6689,1.0
疯狂的,2,2,0.5,3,-1.0,3.2542,1.0
登录,2,2,0.5,2,1.0,7.295,1.0
白手起家,2,2,0.0,4,-1.0,7.7942,1.0
白猿,2,2,1.0,2,1.0,9.1839,1.0
百世修仙,2,2,0.0,4,-1.0,7.0319,1.0
百倍,2,2,1.0,2,1.0,8.2488,1.0
百兽,2,2,0.5,2,-1.0,5.1493,1.0
百无禁忌,2,2,1.0,4,-1.0,10.0562,1.0
百鬼夜行,2,2,0.5,4,-1.0,9.1444,1.0
的世界之,2,2,0.5,4,1.0,4.1287,1.0
的二次元,2,2,0.5,4,1.0,3.3917,1.0
的云养,2,2,0.5,3,1.0,5.7136,1.0
的修仙游戏,2,2,0.5,5,1.0,5.1287,1.0
的修道生涯,2,2,0.5,5,-1.0,5.7136,1.0
的儿子,2,2,0.5,3,1.0,4.1287,1.0
的副本,2,2,0.5,3,1.0,3.1287,1.0
的反派,2,2,0.5,3,1.0,1.6692,1.0
的召唤师,2,2,0.5,4,-1.0,4.1287,1.0
的吃瓜,2,2,0.5,3,1.0,4.3917,1.0
的吗,2,2,0.5,2,-1.0,1.8556,1.0
的唯一玩家,2,2,0.5,5,-1.0,5.7136,1.0
的大内,2,2,0.5,3,1.0,4.7136,1.0
的大魔王,2,2,0.5,4,-1.0,3.9063,1.0
的头号黑粉,2,2,0.5,5,-1.0,5.1287,1.0
的学习,2,2,0.5,3,1.0,3.7136,1.0
的完美,2,2,0.5,3,1.0,2.1901,1.0
的小白脸,2,2,0.5,4,-1.0,5.7136,1.0
的尸解仙,2,2,0.5,4,-1.0,5.7136,1.0
的工业,2,2,0.5,3,1.0,2.6262,1.0
的平凡,2,2,0.5,3,1.0,3.7136,1.0
的幸福生活,2,2,0.5,5,-1.0,5.1287,1.0
的异世界,2,2,0.5,4,1.0,2.1287,1.0
的快乐你,2,2,0.5,4,1.0,5.7136,1.0
的我不是,2,2,0.5,4,1.0,2.4657,1.0
的我加入,2,2,0.5,4,1.0,5.1287,1.0
的我却成了,2,2,0.5,5,1.0,5.7136,1.0
的我怎么成,2,2,0.5,5,1.0,4.7136,1.0
的我无敌了,2,2,0.5,5,-1.0,5.7136,1.0
的我没有格局,2,2,0.5,6,-1.0,5.7136,1.0
的我终成,2,2,0.5,4,1.0,5.7136,1.0
的我被迫成了,2,2,0.5,6,1.0,5.7136,1.0
的战争,2,2,0.5,3,-1.0,2.7136,1.0
的战锤之旅,2,2,0.5,5,-1.0,5.7136,1.0
的收,2,2,0.5,2,1.0,1.8067,1.0
的文弱,2,2,0.5,3,1.0,5.7136,1.0
的文艺人生,2,2,0.5,5,-1.0,5.1287,1.0
的旁,2,2,0.5,2,1.0,3.9063,1.0
的旅者,2,2,0.5,3,-1.0,5.7136,1.0
的无限之旅,2,2,0.5,5,-1.0,5.7136,1.0
的日本,2,2,0.5,3,1.0,3.2542,1.0
的日记,2,2,1.0,3,1.0,2.6262,1.0
的智,2,2,0.5,2,1.0,1.6262,1.0
的朱元璋,2,2,0.5,4,-1.0,3.7136,1.0
的机械,2,2,0.5,3,1.0,3.2542,1.0
的标签,2,2,0.5,3,1.0,5.7136,1.0
的梦幻,2,2,0.5,3,1.0,4.1287,1.0
的流浪,2,2,0.5,3,1.0,3.9063,1.0
的混,2,2,0.5,2,1.0,1.5843,1.0
的炮,2,2,0.5,2,1.0,2.9063,1.0
的猫,2,2,0.5,2,1.0,2.6262,1.0
的王牌特,2,2,0.5,4,1.0,5.7136,1.0
的白月光,2,2,0.5,4,-1.0,3.9063,1.0
的神级,2,2,0.5,3,1.0,1.8556,1.0
的科学,2,2,0.5,3,1.0,2.0132,1.0
的符,2,2,0.5,2,1.0,3.1287,1.0
的维,2,2,0.5,2,1.0,2.1901,1.0
的舰娘,2,2,0.5,3,-1.0,4.3917,1.0
的荣,2,2,0.5,2,1.0,2.9063,1.0
的虫,2,2,0.5,2,1.0,3.1287,1.0
的诡异,2,2,0.5,3,1.0,1.6692,1.0
的谍战生涯,2,2,0.5,5,-1.0,5.7136,1.0
的贴身,2,2,0.5,3,1.0,4.7136,1.0
的赛博,2,2,0.5,3,1.0,3.1287,1.0
的超人,2,2,0.5,3,-1.0,2.2542,1.0
的边缘,2,2,0.5,3,1.0,4.3917,1.0
的退休,2,2,0.5,3,1.0,3.5437,1.0
的道士,2,2,0.5,3,-1.0,3.5437,1.0
的那几年,2,2,0.5,4,-1.0,5.7136,1.0
的邪恶,2,2,0.5,3,1.0,5.1287,1.0
的钢铁,2,2,0.5,3,1.0,3.2542,1.0
的青梅,2,2,1.0,3,1.0,3.2542,1.0
的韩,2,2,0.5,2,1.0,3.0132,1.0
的餐,2,2,0.5,2,1.0,4.7136,1.0
的鸣人,2,2,0.5,3,-1.0,3.7136,1.0
皇兄,2,2,0.5,2,-1.0,5.7967,1.0
皇太孙,2,2,0.5,3,-1.0,9.1186,1.0
皇女,2,2,1.0,2,1.0,2.1414,1.0
皇帝太,2,2,0.5,3,1.0,4.8931,1.0
皇族,2,2,1.0,2,-1.0,3.7263,1.0
皇长,2,2,0.5,2,1.0,2.3439,1.0
皇马,2,2,0.5,2,1.0,5.4748,1.0
盈门,2,2,0.5,2,-1.0,8.6909,1.0
监护,2,2,1.0,2,1.0,9.447,1.0
盗墓贼,2,2,0.5,3,-1.0,7.5021,1.0
盘世界,2,2,0.5,3,-1.0,4.4405,1.0
盛宴,2,2,0.5,2,-1.0,11.2384,1.0
盲盒,2,2,0.5,2,1.0,12.0319,1.0
直呼,2,2,0.5,2,1.0,7.862,1.0
直播之荒野,2,2,0.5,5,-1.0,9.3919,1.0
直播在,2,2,0.5,3,-1.0,2.3904,1.0
直死,2,2,0.5,2,-1.0,4.304,1.0
真不会,2,2,0.5,3,1.0,5.4773,1.0
真实历史,2,2,0.5,4,-1.0,8.0623,1.0
真就,2,2,0.5,2,1.0,2.2941,1.0
真是个,2,2,0.5,3,1.0,4.1151,1.0
真是大明星,2,2,0.5,5,-1.0,6.0623,1.0
真的很,2,2,0.5,3,1.0,6.8095,1.0
真的没,2,2,0.5,3,1.0,5.2549,1.0
真练成了,2,2,1.0,4,1.0,6.7993,1.0
眼开始,2,2,0.5,3,-1.0,3.2376,1.0
知道剧情的,2,2,1.0,5,1.0,5.1287,1.0
石开始,2,2,0.5,3,-1.0,3.6782,1.0
砍翻江湖,2,2,0.5,4,-1.0,10.0319,1.0
破了,2,2,0.5,2,-1.0,2.1268,1.0
破产,2,2,0.5,2,1.0,7.6814,1.0
破坏,2,2,0.5,2,1.0,6.807,1.0
破案,2,2,1.0,2,-1.0,7.9445,1.0
破限,2,2,0.5,2,1.0,4.396,1.0
碳基,2,2,0.5,2,1.0,10.8944,1.0
祖国人降临,2,2,1.0,5,-1.0,10.1315,1.0
神之主,2,2,0.5,3,-1.0,2.7477,1.0
神传奇,2,2,0.5,3,-1.0,2.3962,1.0
神农,2,2,0.5,2,-1.0,2.3962,1.0
神印王座,2,2,0.0,4,-1.0,6.6057,1.0
神器,2,2,0.5,2,-1.0,2.0821,1.0
神猎,2,2,0.5,2,1.0,1.5833,1.0
神的黑,2,2,0.5,3,1.0,3.7983,1.0
神秘之,2,2,0.5,3,-1.0,3.6036,1.0
神级大,2,2,0.5,3,-1.0,2.437,1.0
神级学霸,2,2,0.5,4,-1.0,6.0207,1.0
神经病,2,2,1.0,3,1.0,6.6057,1.0
神话复苏,2,2,1.0,4,-1.0,6.6057,1.0
神话帝皇,2,2,0.5,4,-1.0,6.6057,1.0
神通无,2,2,0.5,3,1.0,5.6867,1.0
祭坛,2,2,0.5,2,-1.0,9.1839,1.0
祸水,2,2,1.0,2,-1.0,8.6169,1.0
禁咒,2,2,0.5,2,-1.0,9.672,1.0
禁忌生命,2,2,0.5,4,-1.0,9.8727,1.0
禁止,2,2,1.0,2,1.0,10.1575,1.0
福地,2,2,1.0,2,1.0,4.9637,1.0
福晋,2,2,0.5,2,-1.0,8.5725,1.0
离婚后前妻成,2,2,0.5,6,-1.0,7.3881,1.0
秋不,2,2,0.5,2,1.0,4.7755,1.0
种出,2,2,0.5,2,1.0,4.5638,1.0
种子,2,2,0.5,2,1.0,2.973,1.0
种田忙,2,2,0.5,3,-1.0,9.9388,1.0
种神树,2,2,0.5,3,-1.0,9.9388,1.0
科举,2,2,0.5,2,1.0,6.8487,1.0
科技霸主从,2,2,0.5,5,-1.0,5.6832,1.0
科普,2,2,1.0,2,1.0,6.8487,1.0
秘密,2,2,0.5,2,1.0,8.02,1.0
秘术,2,2,0.5,2,-1.0,5.1575,1.0
移动,2,2,0.5,2,-1.0,10.8514,1.0
稳健修,2,2,0.5,3,-1.0,5.7577,1.0
稳重,2,2,0.5,2,1.0,4.2408,1.0
空城,2,2,0.5,2,-1.0,4.9392,1.0
空彼岸,2,2,0.5,3,-1.0,8.431,1.0
穿越三代,2,2,0.0,4,-1.0,7.6534,1.0
穿越八,2,2,0.5,3,-1.0,4.7521,1.0
穿越者聊天群,2,2,0.5,6,-1.0,8.6814,1.0
窃听,2,2,0.5,2,1.0,10.1575,1.0
立地成仙,2,2,0.5,4,-1.0,7.0319,1.0
竟然真,2,2,0.5,3,-1.0,6.7404,1.0
竟被,2,2,1.0,2,1.0,5.1371,1.0
童开始,2,2,0.5,3,-1.0,4.1636,1.0
童星,2,2,1.0,2,1.0,5.6169,1.0
笑疯,2,2,1.0,2,-1.0,7.862,1.0
第一侯,2,2,1.0,3,-1.0,7.3881,1.0
第一剑,2,2,0.5,3,-1.0,3.4339,1.0
第一妖,2,2,0.5,3,-1.0,3.8152,1.0
第一强,2,2,0.5,3,1.0,3.7327,1.0
第一次,2,2,0.5,3,-1.0,5.5401,1.0
第一纨绔,2,2,0.5,4,-1.0,7.9026,1.0
第三,2,2,0.5,2,1.0,3.1708,1.0
签到三,2,2,0.5,3,1.0,4.9551,1.0
签到从,2,2,0.5,3,-1.0,2.5133,1.0
算开,2,2,0.5,2,1.0,3.0719,1.0
算我输,2,2,0.5,3,-1.0,12.0319,1.0
管理,2,2,0.5,2,1.0,7.1839,1.0
篡清,2,2,0.0,2,-1.0,9.8303,1.0
篮坛之,2,2,0.5,3,-1.0,4.1341,1.0
米后,2,2,1.0,2,1.0,6.6079,1.0
精灵女,2,2,0.5,3,1.0,4.1036,1.0
精绝,2,2,0.5,2,1.0,5.1448,1.0
系学霸,2,2,0.5,3,-1.0,4.1493,1.0
系文豪,2,2,0.5,3,-1.0,4.7163,1.0
系游戏,2,2,0.5,3,-1.0,2.3317,1.0
系统托管,2,2,0.5,4,1.0,8.4712,1.0
系统有,2,2,0.5,3,1.0,1.8855,1.0
系统让我,2,2,0.5,4,-1.0,5.0692,1.0
系统说我,2,2,0.5,4,-1.0,5.0692,1.0
系美,2,2,0.5,2,1.0,1.909,1.0
紫霄,2,2,0.5,2,-1.0,11.447,1.0
红温型,2,2,1.0,3,1.0,9.3842,1.0
级专家,2,2,0.5,3,-1.0,6.936,1.0
级农,2,2,0.5,2,1.0,4.3115,1.0
级卡,2,2,0.5,2,1.0,3.663,1.0
级巨兽,2,2,0.5,3,-1.0,7.936,1.0
级巨星,2,2,0.5,3,-1.0,4.273,1.0
级悟性,2,2,0.5,3,-1.0,5.521,1.0
级文明,2,2,0.5,3,-1.0,5.936,1.0
级星,2,2,0.5,2,1.0,1.521,1.0
级能,2,2,0.5,2,1.0,1.6568,1.0
级预,2,2,0.5,2,1.0,6.936,1.0
纯良,2,2,0.5,2,-1.0,8.71,1.0
练到,2,2,0.5,2,1.0,3.1178,1.0
练邪功,2,2,0.5,3,-1.0,9.8727,1.0
组建,2,2,0.5,2,1.0,8.9558,1.0
经济,2,2,0.5,2,1.0,9.447,1.0
经理人,2,2,0.5,3,-1.0,5.1864,1.0
经纪人,2,2,0.5,3,1.0,5.9234,1.0
经营,2,2,0.5,2,-1.0,7.862,1.0
给人,2,2,0.5,2,1.0,2.5542,1.0
绝世之天,2,2,0.5,4,-1.0,4.8822,1.0
绝世唐门之,2,2,0.5,5,-1.0,5.304,1.0
绝代,2,2,0.5,2,-1.0,3.1723,1.0
绝命,2,2,0.5,2,-1.0,4.8066,1.0
绝女,2,2,0.5,2,1.0,2.8955,1.0
绣春,2,2,0.5,2,1.0,8.4153,1.0
网游之一枪,2,2,0.5,5,-1.0,9.431,1.0
网游之全,2,2,0.5,4,-1.0,4.539,1.0
网游之神级,2,2,0.5,5,-1.0,7.2735,1.0
罗峰,2,2,0.5,2,1.0,6.3426,1.0
罗模板,2,2,1.0,3,-1.0,6.1202,1.0
罢了,2,2,0.5,2,-1.0,6.2143,1.0
美利坚财富,2,2,0.5,5,-1.0,8.3766,1.0
美恐,2,2,0.5,2,1.0,5.4697,1.0
美时代,2,2,0.5,3,-1.0,2.8847,1.0
美漫世界开,2,2,0.5,5,1.0,3.9788,1.0
美漫世界的,2,2,0.5,5,-1.0,3.7136,1.0
美漫之超,2,2,0.5,4,-1.0,7.6124,1.0
美金,2,2,0.5,2,-1.0,2.7619,1.0
群星,2,2,0.5,2,-1.0,3.0808,1.0
群里,2,2,0.5,2,1.0,4.9934,1.0
群雄,2,2,0.5,2,-1.0,5.1982,1.0
翡翠,2,2,1.0,2,1.0,14.3539,1.0
翻天,2,2,0.5,2,1.0,3.5603,1.0
老乡,2,2,1.0,2,-1.0,5.8205,1.0
老头,2,2,0.5,2,1.0,4.2356,1.0
老婆是女,2,2,0.5,4,1.0,5.0547,1.0
老子,2,2,0.5,2,1.0,2.1027,1.0
老年,2,2,0.5,2,1.0,2.3405,1.0
老曹,2,2,0.5,2,-1.0,6.1616,1.0
老爹,2,2,1.0,2,1.0,6.4835,1.0
老登逆袭,2,2,1.0,4,1.0,9.0685,1.0
老祖了,2,2,0.5,3,-1.0,4.4773,1.0
考状元开始,2,2,0.5,5,-1.0,6.441,1.0
者为,2,2,0.5,2,1.0,2.7855,1.0
者无,2,2,0.5,2,1.0,1.8014,1.0
聊天室,2,2,0.5,3,-1.0,8.7294,1.0
聊天群的,2,2,0.5,4,-1.0,1.6262,1.0
聊斋大,2,2,0.5,3,-1.0,3.71,1.0
职业大师,2,2,0.5,4,-1.0,6.4835,1.0
职业通天代,2,2,0.5,5,-1.0,8.2384,1.0
联盟之电竞,2,2,0.5,5,-1.0,10.1059,1.0
联系,2,2,0.5,2,1.0,3.6383,1.0
肉体,2,2,0.5,2,1.0,6.8303,1.0
肉开始,2,2,0.5,3,-1.0,2.9006,1.0
肝出个,2,2,0.5,3,-1.0,7.7589,1.0
肝属性,2,2,0.5,3,-1.0,7.4611,1.0
肝成宇宙,2,2,0.5,4,-1.0,8.779,1.0
肝成武,2,2,0.5,3,-1.0,5.457,1.0
肝技能,2,2,0.5,3,-1.0,7.4611,1.0
肝熟练度,2,2,0.5,4,-1.0,8.5252,1.0
肯定,2,2,1.0,2,1.0,11.1059,1.0
能力者,2,2,0.5,3,-1.0,5.7961,1.0
能叫重生吗,2,2,0.5,5,-1.0,8.0746,1.0
能大明星,2,2,0.5,4,-1.0,4.7527,1.0
能源,2,2,0.5,2,1.0,5.0746,1.0
脑子,2,2,0.5,2,-1.0,4.8856,1.0
脱下画皮,2,2,0.5,4,-1.0,12.6169,1.0
自然,2,2,0.5,2,1.0,5.589,1.0
自爆,2,2,1.0,2,1.0,5.4084,1.0
自由后,2,2,1.0,3,1.0,6.1485,1.0
致郁,2,2,0.5,2,1.0,12.4794,1.0
舰娘之,2,2,0.5,3,-1.0,4.9821,1.0
船长,2,2,0.5,2,1.0,6.8421,1.0
艺男神,2,2,0.5,3,-1.0,6.6057,1.0
艾尔登法环,2,2,1.0,5,-1.0,11.9388,1.0
艾露,2,2,0.5,2,1.0,10.9165,1.0
芙莉莲,2,2,0.0,3,-1.0,12.9388,1.0
苍天,2,2,0.5,2,-1.0,3.4671,1.0
苟仙,2,2,0.5,2,-1.0,2.7465,1.0
苟到,2,2,1.0,2,1.0,3.8985,1.0
苟在仙,2,2,0.5,3,-1.0,3.5084,1.0
苟在修仙界,2,2,0.5,5,-1.0,7.1607,1.0
苟在妖,2,2,0.5,3,-1.0,5.5204,1.0
苟在神诡,2,2,0.5,4,-1.0,8.8303,1.0
苟长生,2,2,0.5,3,-1.0,4.6992,1.0
荒不,2,2,0.5,2,1.0,1.7592,1.0
荒野之,2,2,0.5,3,-1.0,3.2165,1.0
荒野直播之,2,2,0.5,5,-1.0,6.304,1.0
荣耀,2,2,0.5,2,-1.0,11.5465,1.0
获得了,2,2,0.5,3,1.0,3.7993,1.0
菩提,2,2,0.5,2,1.0,10.0319,1.0
萧炎穿越成,2,2,0.5,5,-1.0,7.3881,1.0
落天,2,2,0.5,2,1.0,2.9436,1.0
落的,2,2,0.5,2,1.0,2.1901,1.0
蒸汽世界的,2,2,0.5,5,-1.0,5.7136,1.0
藤丸,2,2,0.5,2,-1.0,13.9388,1.0
蘑菇,2,2,0.5,2,1.0,14.9388,1.0
虫子,2,2,0.5,2,-1.0,5.3881,1.0
虫群,2,2,0.5,2,1.0,7.4959,1.0
蜀山游戏,2,2,0.5,4,-1.0,6.9919,1.0
融合万,2,2,1.0,3,1.0,5.9875,1.0
行政,2,2,0.5,2,1.0,7.5594,1.0
行走诸天,2,2,0.5,4,-1.0,6.4671,1.0
衣冠,2,2,0.5,2,-1.0,7.1773,1.0
表哥,2,2,0.5,2,-1.0,8.7689,1.0
袁术,2,2,1.0,2,-1.0,9.6169,1.0
被全网,2,2,0.5,3,1.0,6.8741,1.0
被女儿,2,2,0.5,3,1.0,6.5846,1.0
被小,2,2,0.5,2,-1.0,2.9355,1.0
被杀,2,2,1.0,2,1.0,4.1133,1.0
被祖,2,2,0.5,2,1.0,4.3161,1.0
被禁,2,2,1.0,2,1.0,5.5846,1.0
被青梅,2,2,0.5,3,-1.0,6.5846,1.0
裁决,2,2,1.0,2,-1.0,10.447,1.0
裁员,2,2,0.5,2,-1.0,8.447,1.0
装成,2,2,0.5,2,1.0,3.1786,1.0
西厂,2,2,0.5,2,1.0,6.8835,1.0
西游之大,2,2,0.5,4,-1.0,3.8355,1.0
要对,2,2,0.5,2,1.0,4.6808,1.0
要成,2,2,0.5,2,1.0,2.0843,1.0
要打,2,2,0.5,2,1.0,4.0959,1.0
要退,2,2,0.5,2,1.0,5.8802,1.0
要逆天,2,2,0.5,3,1.0,6.4671,1.0
覆手,2,2,1.0,2,-1.0,6.2506,1.0
见闻录,2,2,0.5,3,-1.0,10.3539,1.0
规则怪谈,2,2,0.5,4,-1.0,10.431,1.0
觉醒每日,2,2,0.5,4,-1.0,8.5551,1.0
觊觎,2,2,0.5,2,1.0,14.9388,1.0
角的,2,2,0.5,2,1.0,2.3213,1.0
角色球员,2,2,0.5,4,-1.0,10.7689,1.0
解锁,2,2,0.5,2,1.0,9.9165,1.0
认为,2,2,0.5,2,1.0,6.8408,1.0
认识,2,2,1.0,2,1.0,11.6169,1.0
讨厌,2,2,1.0,2,1.0,13.9388,1.0
让你上,2,2,0.5,3,-1.0,3.9109,1.0
让你修,2,2,0.5,3,-1.0,3.3426,1.0
让你拍,2,2,0.5,3,-1.0,7.1839,1.0
让我入,2,2,0.5,3,1.0,6.9615,1.0
让我当,2,2,0.5,3,1.0,5.2549,1.0
记录,2,2,1.0,2,1.0,5.5813,1.0
讲道,2,2,0.5,2,1.0,6.3269,1.0
许仙,2,2,0.5,2,-1.0,4.862,1.0
设定,2,2,1.0,2,1.0,8.2986,1.0
设计的,2,2,1.0,3,1.0,3.2542,1.0
证开始,2,2,0.5,3,-1.0,3.1636,1.0
证道长生,2,2,0.5,4,-1.0,6.3186,1.0
词条修,2,2,0.5,3,1.0,4.9276,1.0
词条无限,2,2,0.5,4,1.0,6.3389,1.0
试炼,2,2,0.5,2,-1.0,9.4153,1.0
诛仙,2,2,1.0,2,-1.0,6.447,1.0
诡异游戏,2,2,0.5,4,-1.0,4.7549,1.0
诡道修仙,2,2,0.0,4,-1.0,7.0319,1.0
该怎么办,2,2,0.5,4,-1.0,9.3315,1.0
说书,2,2,0.5,2,1.0,4.3539,1.0
说好开发消消乐,2,2,0.0,7,-1.0,9.3539,1.0
说好拿,2,2,0.5,3,-1.0,9.125,1.0
请上,2,2,0.5,2,1.0,3.8235,1.0
请不,2,2,0.5,2,-1.0,2.5625,1.0
请助我修行,2,2,0.0,5,-1.0,9.1444,1.0
请安分,2,2,0.5,3,-1.0,10.2664,1.0
请陛下称太子,2,2,0.0,6,-1.0,7.973,1.0
诸天从港综,2,2,0.5,5,-1.0,7.2682,1.0
诸天反,2,2,0.5,3,-1.0,3.8087,1.0
诸天投影,2,2,0.0,4,-1.0,7.2682,1.0
诸天旅人,2,2,0.0,4,-1.0,5.9234,1.0
诸天最强大,2,2,1.0,5,-1.0,4.295,1.0
诸天神话,2,2,0.5,4,-1.0,3.6832,1.0
诸天降临,2,2,1.0,4,-1.0,4.7827,1.0
诸葛,2,2,0.5,2,1.0,8.5042,1.0
读书人,2,2,0.5,3,-1.0,4.701,1.0
读书成圣,2,2,0.0,4,-1.0,8.9615,1.0
谁与争锋,2,2,1.0,4,-1.0,10.1315,1.0
谁教你这么,2,2,0.5,5,-1.0,8.0777,1.0
谁让他做,2,2,0.5,4,-1.0,7.1412,1.0
谁让他当,2,2,0.5,4,-1.0,5.7404,1.0
谁让你,2,2,0.5,3,-1.0,5.1509,1.0
谁还当,2,2,1.0,3,1.0,5.7404,1.0
调香师,2,2,0.5,3,-1.0,6.9276,1.0
谈恋爱的我只,2,2,0.5,6,1.0,8.8944,1.0
谋主,2,2,0.5,2,-1.0,5.2384,1.0
谋士,2,2,1.0,2,1.0,7.0289,1.0
谍海,2,2,0.5,2,-1.0,5.3761,1.0
谱的,2,2,0.5,2,1.0,2.8067,1.0
象不,2,2,0.5,2,1.0,4.1475,1.0
财务自由,2,2,0.5,4,-1.0,11.2384,1.0
账号,2,2,0.5,2,1.0,10.1575,1.0
质开,2,2,0.5,2,1.0,4.1715,1.0
贴身高手,2,2,1.0,4,-1.0,8.71,1.0
贵公子,2,2,0.5,3,-1.0,7.973,1.0
走向,2,2,0.5,2,1.0,8.521,1.0
走在,2,2,0.5,2,1.0,2.7572,1.0
走私,2,2,0.5,2,1.0,9.1059,1.0
走进,2,2,0.5,2,-1.0,5.4055,1.0
赴死,2,2,0.5,2,-1.0,9.2109,1.0
起航,2,2,1.0,2,-1.0,7.4651,1.0
超凶的,2,2,0.5,3,-1.0,5.1287,1.0
超强却过分,2,2,0.5,5,1.0,7.6124,1.0
超神之我,2,2,0.5,4,-1.0,4.0692,1.0
超级仙,2,2,0.5,3,-1.0,1.784,1.0
超级位面,2,2,0.5,4,-1.0,6.443,1.0
超级教,2,2,0.5,3,-1.0,4.1059,1.0
超级玩家,2,2,1.0,4,-1.0,4.936,1.0
超脑,2,2,0.5,2,-1.0,5.1099,1.0
超融合,2,2,1.0,3,-1.0,5.7379,1.0
跟我,2,2,0.5,2,1.0,3.7473,1.0
路明非的,2,2,0.5,4,-1.0,2.3213,1.0
踏上,2,2,1.0,2,1.0,6.9109,1.0
踢后腰开始,2,2,0.5,5,-1.0,6.441,1.0
身万,2,2,0.5,2,1.0,2.7605,1.0
身为,2,2,0.5,2,-1.0,3.1543,1.0
身镇,2,2,0.5,2,1.0,5.4974,1.0
躺平了,2,2,0.5,3,-1.0,5.7993,1.0
车夫,2,2,0.5,2,1.0,6.567,1.0
转世,2,2,1.0,2,1.0,3.2922,1.0
轮回世界,2,2,1.0,4,-1.0,4.1995,1.0
轮回乐园,2,2,0.0,4,-1.0,8.3315,1.0
辉煌,2,2,0.5,2,1.0,13.6169,1.0
边军一小,2,2,0.5,4,1.0,8.8303,1.0
迎娶毁容,2,2,1.0,4,1.0,12.6169,1.0
运动,2,2,0.5,2,1.0,6.6034,1.0
运天,2,2,0.5,2,1.0,2.2192,1.0
还俗,2,2,0.5,2,-1.0,7.1789,1.0
还在,2,2,0.5,2,-1.0,2.3327,1.0
还好我是,2,2,0.5,4,-1.0,6.438,1.0
还能,2,2,0.5,2,-1.0,3.4022,1.0
还说是,2,2,1.0,3,1.0,6.438,1.0
这一世,2,2,0.0,3,-1.0,6.047,1.0
这个刺客,2,2,0.5,4,-1.0,7.3426,1.0
这个地,2,2,0.5,3,-1.0,2.9969,1.0
这个外,2,2,0.5,3,-1.0,4.6797,1.0
这个影帝只想,2,2,0.5,6,-1.0,7.9445,1.0
这个忍者,2,2,0.5,4,-1.0,6.2272,1.0
这个文明,2,2,0.5,4,-1.0,6.3426,1.0
这个明星只想,2,2,0.5,6,-1.0,7.5105,1.0
这个演员,2,2,0.5,4,-1.0,6.6057,1.0
这个皇帝,2,2,0.5,4,-1.0,5.1202,1.0
这个训练家,2,2,0.5,5,-1.0,6.6057,1.0
这个顶流,2,2,0.5,4,-1.0,5.1202,1.0
这个魔,2,2,0.5,3,-1.0,2.0328,1.0
这个鸣人,2,2,0.5,4,-1.0,6.5084,1.0
这主播真,2,2,0.5,4,-1.0,7.4773,1.0
这些妖怪,2,2,0.5,4,-1.0,7.9445,1.0
这才,2,2,0.5,2,-1.0,2.5015,1.0
这是我的,2,2,0.5,4,-1.0,5.1287,1.0
这辈子,2,2,0.5,3,1.0,7.9445,1.0
这选手,2,2,0.5,3,-1.0,5.1371,1.0
这里,2,2,0.5,2,-1.0,2.857,1.0
进击,2,2,0.5,2,-1.0,6.194,1.0
进化之,2,2,0.5,3,-1.0,2.0561,1.0
进化成了,2,2,0.5,4,1.0,5.3333,1.0
进度条,2,2,0.5,3,-1.0,9.6534,1.0
远古,2,2,0.5,2,1.0,7.5021,1.0
连接,2,2,0.5,2,1.0,10.6534,1.0
迷失在,2,2,0.5,3,-1.0,7.0051,1.0
追杀,2,2,0.5,2,-1.0,6.8382,1.0
退休的我,2,2,0.5,4,1.0,5.0692,1.0
退役啊,2,2,0.5,3,-1.0,7.7539,1.0
退隐,2,2,1.0,2,1.0,7.862,1.0
逃到,2,2,0.5,2,1.0,5.277,1.0
逆行诸天,2,2,1.0,4,-1.0,6.4671,1.0
逆袭攻略,2,2,0.5,4,-1.0,8.521,1.0
逍遥小,2,2,0.5,3,-1.0,6.6604,1.0
逐道,2,2,0.5,2,-1.0,5.4789,1.0
通古代,2,2,0.5,3,-1.0,7.0933,1.0
通异,2,2,0.5,2,1.0,4.2058,1.0
通神,2,2,0.5,2,-1.0,2.0821,1.0
造师,2,2,0.5,2,-1.0,2.1202,1.0
造拖拉机,2,2,1.0,4,1.0,9.5465,1.0
造游戏,2,2,0.5,3,1.0,3.407,1.0
造火箭,2,2,0.5,3,-1.0,9.5465,1.0
造美,2,2,0.5,2,1.0,2.9843,1.0
造超,2,2,0.5,2,1.0,2.805,1.0
造魔,2,2,0.5,2,1.0,2.6517,1.0
逼我重生,2,2,1.0,4,-1.0,5.2332,1.0
道与,2,2,0.5,2,-1.0,3.6044,1.0
道之上,2,2,0.5,3,-1.0,4.4789,1.0
道之主,2,2,0.5,3,-1.0,3.7908,1.0
道友,2,2,0.5,2,-1.0,3.1569,1.0
道尊,2,2,0.5,2,-1.0,2.8414,1.0
道成仙,2,2,0.5,3,-1.0,4.1252,1.0
道我是,2,2,0.5,3,1.0,2.3269,1.0
道理,2,2,0.5,2,-1.0,3.6488,1.0
道章,2,2,0.5,2,-1.0,5.3269,1.0
道缘,2,2,0.5,2,-1.0,4.0638,1.0
道至,2,2,0.5,2,1.0,4.2565,1.0
道行,2,2,0.5,2,-1.0,1.8544,1.0
道长别装了,2,2,0.0,5,-1.0,6.7993,1.0
道长青,2,2,0.5,3,-1.0,6.6488,1.0
遗言,2,2,0.5,2,1.0,9.8944,1.0
遗迹,2,2,0.5,2,-1.0,9.3095,1.0
遥遥领先,2,2,0.5,4,-1.0,11.3539,1.0
那些事儿,2,2,0.5,4,-1.0,10.447,1.0
部落,2,2,0.5,2,-1.0,8.8303,1.0
都下,2,2,0.5,2,1.0,2.6197,1.0
都市至,2,2,0.5,3,-1.0,7.5923,1.0
都市超级,2,2,0.5,4,-1.0,5.7367,1.0
都想杀,2,2,0.5,3,1.0,8.164,1.0
都成真了,2,2,0.5,4,-1.0,6.749,1.0
都有,2,2,0.5,2,1.0,1.6146,1.0
都来,2,2,0.5,2,1.0,2.3914,1.0
酒剑仙,2,2,1.0,3,-1.0,6.447,1.0
醉酒,2,2,0.5,2,1.0,9.6169,1.0
里做,2,2,0.5,2,1.0,4.3756,1.0
里全是,2,2,0.5,3,1.0,6.8514,1.0
里有,2,2,0.5,2,1.0,2.7169,1.0
里的小,2,2,0.5,3,1.0,4.7859,1.0
重回年代,2,2,0.0,4,-1.0,7.1477,1.0
重塑,2,2,0.5,2,-1.0,5.8257,1.0
重奏,2,2,0.5,2,-1.0,7.1477,1.0
重度依赖,2,2,0.5,4,-1.0,7.1477,1.0
重生七,2,2,0.5,3,-1.0,4.8547,1.0
重生东京,2,2,0.5,4,-1.0,2.6009,1.0
重生之实业巨,2,2,0.5,6,-1.0,7.1477,1.0
重生之小,2,2,0.5,4,-1.0,3.2453,1.0
重生之武,2,2,0.5,4,-1.0,2.3315,1.0
重生之激,2,2,0.5,4,-1.0,7.1477,1.0
重生之豪门,2,2,0.5,5,-1.0,7.1477,1.0
重生之资,2,2,0.5,4,-1.0,5.8944,1.0
重生之超级战,2,2,0.5,6,-1.0,7.1477,1.0
重生之足球,2,2,0.5,5,-1.0,6.8944,1.0
重生之逆,2,2,0.5,4,-1.0,4.5725,1.0
重生之金融,2,2,0.5,5,-1.0,7.1477,1.0
重生九十年代,2,2,0.5,6,-1.0,7.1477,1.0
重生俄罗斯,2,2,0.5,5,-1.0,6.9702,1.0
重生傻柱,2,2,1.0,4,-1.0,6.9702,1.0
重生农家,2,2,0.5,4,-1.0,5.5551,1.0
重生啊,2,2,0.5,3,-1.0,1.9552,1.0
重生在火红年代,2,2,1.0,7,-1.0,7.1477,1.0
重生大时代之,2,2,1.0,6,-1.0,6.304,1.0
重生日本当,2,2,0.5,5,-1.0,6.5551,1.0
重生末,2,2,0.5,3,-1.0,1.9258,1.0
重生梦,2,2,0.5,3,-1.0,2.6009,1.0
重生的我只想,2,2,0.5,6,-1.0,5.9702,1.0
重生的我没有,2,2,0.5,6,-1.0,6.9702,1.0
重生空间,2,2,0.5,4,-1.0,4.6482,1.0
重生过去当,2,2,0.5,5,-1.0,6.5551,1.0
重生锦,2,2,0.5,3,-1.0,3.0957,1.0
重生飞扬年代,2,2,0.0,6,-1.0,6.5551,1.0
野心勃勃,2,2,0.5,4,-1.0,10.5813,1.0
金刚狼,2,2,1.0,3,-1.0,9.3241,1.0
金属,2,2,1.0,2,1.0,5.4172,1.0
金色,2,2,0.5,2,1.0,5.5692,1.0
金钱,2,2,0.5,2,1.0,5.3699,1.0
钓鱼佬,2,2,0.5,3,1.0,9.2109,1.0
钱上,2,2,0.5,2,1.0,4.5417,1.0
钱途,2,2,1.0,2,-1.0,7.2297,1.0
铁匠,2,2,0.5,2,1.0,8.3804,1.0
铁王座,2,2,0.5,3,-1.0,8.9109,1.0
铁血大,2,2,0.5,3,-1.0,4.973,1.0
错练,2,2,0.5,2,-1.0,7.1723,1.0
锦医,2,2,1.0,2,-1.0,4.6214,1.0
锦心,2,2,1.0,2,-1.0,5.3709,1.0
镇万,2,2,0.5,2,1.0,4.6921,1.0
镖客,2,2,0.5,2,-1.0,10.1839,1.0
镜面,2,2,0.5,2,-1.0,7.6604,1.0
长城,2,2,0.5,2,1.0,3.6722,1.0
长孙,2,2,1.0,2,1.0,4.9941,1.0
长得太凶,2,2,1.0,4,-1.0,8.164,1.0
长生不死的我,2,2,0.5,6,-1.0,5.0692,1.0
长生从猎,2,2,0.5,4,-1.0,6.6685,1.0
长生仙族,2,2,0.5,4,-1.0,6.9846,1.0
长生仙缘,2,2,0.0,4,-1.0,7.6627,1.0
长生者,2,2,0.5,3,-1.0,2.9293,1.0
长空战,2,2,0.5,3,-1.0,8.164,1.0
门修,2,2,0.5,2,1.0,1.6797,1.0
门医,2,2,0.5,2,1.0,2.8329,1.0
门娇,2,2,0.5,2,-1.0,4.7367,1.0
门混,2,2,0.5,2,1.0,4.5616,1.0
门通,2,2,0.5,2,1.0,4.1673,1.0
门阀,2,2,0.5,2,-1.0,6.1059,1.0
问剑,2,2,1.0,2,-1.0,4.2364,1.0
问鼎,2,2,0.5,2,-1.0,8.1906,1.0
间小,2,2,0.5,2,1.0,3.3874,1.0
阅读,2,2,0.5,2,1.0,11.8514,1.0
防御,2,2,0.5,2,1.0,8.1906,1.0
阳真,2,2,0.5,2,1.0,3.933,1.0
阴影轨迹,2,2,0.5,4,-1.0,11.6169,1.0
阴间地下,2,2,0.5,4,1.0,8.8095,1.0
阿卡姆,2,2,0.5,3,-1.0,11.295,1.0
阿斗,2,2,1.0,2,-1.0,5.1151,1.0
际大,2,2,0.5,2,1.0,2.5945,1.0
降临现实,2,2,0.5,4,-1.0,8.3241,1.0
降临美,2,2,0.5,3,1.0,4.5692,1.0
院士,2,2,0.5,2,-1.0,4.8965,1.0
隋唐,2,2,0.5,2,-1.0,6.9109,1.0
随身带着,2,2,0.5,4,-1.0,9.3919,1.0
随身老爷爷,2,2,1.0,5,1.0,10.8944,1.0
隐相,2,2,1.0,2,-1.0,7.369,1.0
难吧,2,2,0.5,2,-1.0,7.0871,1.0
难度,2,2,0.5,2,-1.0,7.0547,1.0
难求,2,2,0.5,2,-1.0,6.9318,1.0
雄霸天下,2,2,1.0,4,-1.0,8.8095,1.0
集团,2,2,0.5,2,-1.0,9.8095,1.0
雇佣,2,2,0.5,2,1.0,13.1315,1.0
雾之,2,2,0.5,2,1.0,4.9821,1.0
需要,2,2,0.5,2,1.0,9.635,1.0
霍格沃茨的学,2,2,0.5,6,-1.0,5.8461,1.0
霸权,2,2,0.5,2,-1.0,6.4251,1.0
霸王花,2,2,0.5,3,-1.0,9.295,1.0
霸的黑科技系统,2,2,0.5,7,-1.0,8.435,1.0
青云,2,2,0.5,2,-1.0,6.0282,1.0
青城山,2,2,1.0,3,1.0,8.599,1.0
青山,2,2,1.0,2,-1.0,4.4026,1.0
青年,2,2,0.5,2,-1.0,3.4295,1.0
青梅竹马,2,2,1.0,4,1.0,10.1575,1.0
靖难,2,2,0.5,2,-1.0,9.2246,1.0
非人哉,2,2,0.5,3,-1.0,10.5465,1.0
非人类,2,2,0.5,3,-1.0,7.7391,1.0
靠山,2,2,1.0,2,1.0,5.599,1.0
面壁者,2,2,0.0,3,-1.0,8.2986,1.0
面板开始,2,2,0.5,4,-1.0,2.7307,1.0
顶流的,2,2,0.5,3,1.0,1.9063,1.0
须弥,2,2,1.0,2,1.0,12.3539,1.0
顾盼,2,2,0.5,2,-1.0,12.9388,1.0
预言,2,2,0.5,2,1.0,10.7689,1.0
领主开始,2,2,0.5,4,-1.0,2.3563,1.0
领养开始,2,2,0.5,4,-1.0,6.441,1.0
领地,2,2,0.5,2,-1.0,4.4231,1.0
颤栗,2,2,0.5,2,-1.0,14.9388,1.0
风一,2,2,0.5,2,1.0,2.0602,1.0
风云录,2,2,0.5,3,-1.0,8.6169,1.0
食物链顶端的男人,2,2,1.0,8,-1.0,6.5084,1.0
饶命,2,2,0.5,2,-1.0,9.8727,1.0
馆开始,2,2,0.5,3,-1.0,3.0261,1.0
馆馆,2,2,0.5,2,1.0,8.02,1.0
首辅娇,2,2,0.5,3,-1.0,9.1773,1.0
马甲又,2,2,0.5,3,1.0,10.3539,1.0
马谡,2,2,0.5,2,1.0,11.295,1.0
骑士的,2,2,1.0,3,1.0,2.8067,1.0
骗我,2,2,0.5,2,1.0,2.6098,1.0
高中,2,2,0.5,2,-1.0,4.1802,1.0
高冷女,2,2,0.5,3,-1.0,6.9615,1.0
高手在异,2,2,0.5,4,1.0,7.7294,1.0
高手寂寞,2,2,0.0,4,-1.0,9.447,1.0
高考前,2,2,1.0,3,-1.0,8.71,1.0
鬼吹灯,2,2,0.0,3,-1.0,9.9846,1.0
魂幡,2,2,0.5,2,1.0,9.6814,1.0
魂技,2,2,1.0,2,1.0,4.6517,1.0
魂环开始的斗罗,2,2,0.5,7,-1.0,8.9276,1.0
魔养,2,2,0.5,2,1.0,2.8943,1.0
魔女小姐,2,2,1.0,4,-1.0,8.044,1.0
魔术,2,2,0.5,2,1.0,2.7221,1.0
魔法世界,2,2,0.5,4,1.0,3.8124,1.0
鱼开始,2,2,0.5,3,1.0,2.7307,1.0
鸟开始,2,2,0.5,3,-1.0,5.4856,1.0
麻了,2,2,0.5,2,-1.0,4.9919,1.0
黄庭,2,2,0.5,2,-1.0,7.044,1.0
黄昏,2,2,0.5,2,-1.0,9.5294,1.0
黄金渔,2,2,0.5,3,-1.0,9.2246,1.0
黑帆,2,2,1.0,2,-1.0,8.1739,1.0
黑神话,2,2,0.0,3,-1.0,4.589,1.0
黑科技时代,2,2,0.5,5,-1.0,6.125,1.0
黑魔法,2,2,0.5,3,1.0,5.4084,1.0
鼎记,2,2,0.5,2,-1.0,7.2593,1.0
龙君,2,2,0.0,2,-1.0,3.3874,1.0
龙王之,2,2,0.5,3,-1.0,3.9821,1.0
龙王传说,2,2,1.0,4,-1.0,8.4959,1.0
龙珠之,2,2,0.5,3,-1.0,4.4967,1.0
龙的我,2,2,0.5,3,1.0,3.0201,1.0
龙蛇,2,2,0.5,2,-1.0,6.0364,1.0
龙领,2,2,0.5,2,1.0,3.9109,1.0
龟息,2,2,0.5,2,1.0,11.0319,1.0
